run_id,dataset,task,model,seed,eval_index,epoch,step,pass_no,loss,val_loss,val_macro_f1,train_edges,train_batches,train_seconds,validation_seconds,eligible_after_full_pass
NF-BoT-IoT-v2__binary__edge_mlp__seed11,NF-BoT-IoT-v2,binary,edge_mlp,11,0,1,6455,1,0.041023502042368265,0.009688161313533783,0.8983192716310323,26438303,6455,155.73313631600467,0.9722742050071247,True
NF-BoT-IoT-v2__binary__edge_mlp__seed11,NF-BoT-IoT-v2,binary,edge_mlp,11,1,2,8069,2,0.01087384229532271,0.008652929216623306,0.910741705021942,6610944,1614,46.55087907100096,0.9131708810164127,True
NF-BoT-IoT-v2__binary__edge_mlp__seed11,NF-BoT-IoT-v2,binary,edge_mlp,11,2,2,9683,2,0.010324486254127593,0.0080062011256814,0.9118614056402637,6610944,1614,43.86333085302613,0.9267555449914653,True
NF-BoT-IoT-v2__binary__edge_mlp__seed11,NF-BoT-IoT-v2,binary,edge_mlp,11,3,2,11297,2,0.009226191955528543,0.00683358171954751,0.8843040676025016,6610944,1614,43.87448929800303,0.9213703679852188,True
NF-BoT-IoT-v2__binary__edge_mlp__seed11,NF-BoT-IoT-v2,binary,edge_mlp,11,4,2,12910,2,0.008012184859522983,0.006137852557003498,0.9116418681716123,6605471,1613,46.50154228101019,0.8340608979924582,True
NF-BoT-IoT-v2__binary__edge_mlp__seed22,NF-BoT-IoT-v2,binary,edge_mlp,22,0,1,6455,1,0.03857725680177024,0.008820749819278717,0.8507791179984294,26438303,6455,167.22729129198706,0.9461077080050018,True
NF-BoT-IoT-v2__binary__edge_mlp__seed22,NF-BoT-IoT-v2,binary,edge_mlp,22,1,2,8069,2,0.011182247207943198,0.008572621271014214,0.8496573408901411,6610944,1614,46.78522283802158,0.8985859850072302,True
NF-BoT-IoT-v2__binary__edge_mlp__seed22,NF-BoT-IoT-v2,binary,edge_mlp,22,2,2,9683,2,0.010132045863970048,0.007761760149151087,0.8574388503630699,6610944,1614,45.314129011007026,0.8796239989751484,True
NF-BoT-IoT-v2__binary__edge_mlp__seed22,NF-BoT-IoT-v2,binary,edge_mlp,22,3,2,11297,2,0.008982775037268078,0.007425121963024139,0.9066639398012664,6610944,1614,43.287210462993244,0.8711208359745797,True
NF-BoT-IoT-v2__binary__edge_mlp__seed22,NF-BoT-IoT-v2,binary,edge_mlp,22,4,2,12910,2,0.008758491517745414,0.008158090524375439,0.9138423134829481,6605471,1613,46.81998185798875,0.8349342140136287,True
NF-BoT-IoT-v2__binary__edge_mlp__seed33,NF-BoT-IoT-v2,binary,edge_mlp,33,0,1,6455,1,0.03628157012293641,0.008978205733001232,0.8157773511960764,26438303,6455,166.86392189498292,0.9560445660026744,True
NF-BoT-IoT-v2__binary__edge_mlp__seed33,NF-BoT-IoT-v2,binary,edge_mlp,33,1,2,8069,2,0.010234777077261007,0.008224748075008392,0.8823477367373256,6610944,1614,46.1485512299987,0.9326334979850799,True
NF-BoT-IoT-v2__binary__edge_mlp__seed33,NF-BoT-IoT-v2,binary,edge_mlp,33,2,2,9683,2,0.010844334081531407,0.008283349685370922,0.8176165980816659,6610944,1614,41.34312220301945,0.864994506991934,True
NF-BoT-IoT-v2__binary__edge_mlp__seed33,NF-BoT-IoT-v2,binary,edge_mlp,33,3,2,11297,2,0.008206962484172794,0.007749922573566437,0.9061693181097178,6610944,1614,43.0046136029996,0.9173482990008779,True
NF-BoT-IoT-v2__binary__edge_mlp__seed33,NF-BoT-IoT-v2,binary,edge_mlp,33,4,2,12910,2,0.009602463319545724,0.006803310476243496,0.8778394263139694,6605471,1613,46.59022586798528,0.8856039750098716,True
NF-BoT-IoT-v2__binary__edge_mlp__seed44,NF-BoT-IoT-v2,binary,edge_mlp,44,0,1,6455,1,0.03657701823424277,0.008341905660927296,0.853913422812008,26438303,6455,135.93983168099658,0.8112814180058194,True
NF-BoT-IoT-v2__binary__edge_mlp__seed44,NF-BoT-IoT-v2,binary,edge_mlp,44,1,2,8069,2,0.013286325339945736,0.008521195501089096,0.8509981630399105,6610944,1614,39.1051640509977,0.7767087849933887,True
NF-BoT-IoT-v2__binary__edge_mlp__seed44,NF-BoT-IoT-v2,binary,edge_mlp,44,2,2,9683,2,0.01102427238547399,0.010296372696757317,0.8161409631507017,6610944,1614,37.72114003601018,0.7777959119994193,True
NF-BoT-IoT-v2__binary__edge_mlp__seed44,NF-BoT-IoT-v2,binary,edge_mlp,44,3,2,11297,2,0.010880348283080257,0.008314619772136211,0.8519031140261949,6610944,1614,36.850309301007655,0.788954363000812,True
NF-BoT-IoT-v2__binary__edge_mlp__seed44,NF-BoT-IoT-v2,binary,edge_mlp,44,4,2,12910,2,0.009228267790709432,0.007690981961786747,0.8385796163477428,6605471,1613,39.46215154699166,0.7518151859985664,True
NF-BoT-IoT-v2__binary__edge_mlp__seed55,NF-BoT-IoT-v2,binary,edge_mlp,55,0,1,6455,1,0.03462358780408995,0.008604371920228004,0.816088192682075,26438303,6455,126.94188733999908,0.8178187160083326,True
NF-BoT-IoT-v2__binary__edge_mlp__seed55,NF-BoT-IoT-v2,binary,edge_mlp,55,1,2,8069,2,0.010685274942014643,0.007063151337206364,0.9073391611056087,6610944,1614,36.32295256500947,0.7869380900083343,True
NF-BoT-IoT-v2__binary__edge_mlp__seed55,NF-BoT-IoT-v2,binary,edge_mlp,55,2,2,9683,2,0.009990859487932983,0.0069711520336568356,0.9106096199731969,6610944,1614,35.061672078008996,0.7558354399952805,True
NF-BoT-IoT-v2__binary__edge_mlp__seed55,NF-BoT-IoT-v2,binary,edge_mlp,55,3,2,11297,2,0.01053647026364822,0.006750910077244043,0.9024108406216651,6610944,1614,36.39692754099087,0.7674657179886708,True
NF-BoT-IoT-v2__binary__edge_mlp__seed55,NF-BoT-IoT-v2,binary,edge_mlp,55,4,2,12910,2,0.008772928143734314,0.005944807082414627,0.9117198753257233,6605471,1613,41.21742626299965,0.7529870319995098,True
NF-BoT-IoT-v2__binary__sage__seed11,NF-BoT-IoT-v2,binary,sage,11,0,1,6455,1,0.47920941481317286,0.3736374080181122,0.6015755736908547,26438303,6455,264.7399306310108,2.8275030339718796,True
NF-BoT-IoT-v2__binary__sage__seed11,NF-BoT-IoT-v2,binary,sage,11,1,2,8069,2,0.5891989917209305,0.5956199169158936,0.39936604727304936,6610944,1614,65.66510137502337,2.807161073986208,True
NF-BoT-IoT-v2__binary__sage__seed11,NF-BoT-IoT-v2,binary,sage,11,2,2,9683,2,0.7536971694201259,0.3188422918319702,0.4480623547212427,6610944,1614,63.508759779972024,2.7440475829935167,True
NF-BoT-IoT-v2__binary__sage__seed11,NF-BoT-IoT-v2,binary,sage,11,3,2,11297,2,1.159096135390874,0.5274173617362976,0.4710633238885622,6610944,1614,64.11846608901396,2.7517786959942896,True
NF-BoT-IoT-v2__binary__sage__seed11,NF-BoT-IoT-v2,binary,sage,11,4,2,12910,2,2.0220895413223867,5.125196933746338,0.17513113308853862,6605471,1613,67.319621526025,2.7321559400006663,True
NF-BoT-IoT-v2__binary__sage__seed22,NF-BoT-IoT-v2,binary,sage,22,0,1,6455,1,0.4072202504028017,0.18566301465034485,0.6218045641813608,26438303,6455,264.9589095140109,2.8422482989844866,True
NF-BoT-IoT-v2__binary__sage__seed22,NF-BoT-IoT-v2,binary,sage,22,1,2,8069,2,0.36653456976233323,0.28728535771369934,0.6056153211334718,6610944,1614,65.15423401398584,2.763608730980195,True
NF-BoT-IoT-v2__binary__sage__seed22,NF-BoT-IoT-v2,binary,sage,22,2,2,9683,2,0.3667128782650419,0.10946091264486313,0.5661409446034837,6610944,1614,62.0962793789804,2.766246222978225,True
NF-BoT-IoT-v2__binary__sage__seed22,NF-BoT-IoT-v2,binary,sage,22,3,2,11297,2,0.38860098247634434,0.5757284164428711,0.7143082076992645,6610944,1614,59.92182782999589,2.7443462270020973,True
NF-BoT-IoT-v2__binary__sage__seed22,NF-BoT-IoT-v2,binary,sage,22,4,2,12910,2,0.9348921079549096,0.1849074810743332,0.5433407287178824,6605471,1613,65.63015601300867,2.7898507119971327,True
NF-BoT-IoT-v2__binary__sage__seed33,NF-BoT-IoT-v2,binary,sage,33,0,1,6455,1,0.4229338692893629,0.21151739358901978,0.6463915805748502,26438303,6455,263.61839322999003,2.812970461003715,True
NF-BoT-IoT-v2__binary__sage__seed33,NF-BoT-IoT-v2,binary,sage,33,1,2,8069,2,0.5255689765280517,0.15409725904464722,0.6212050498647862,6610944,1614,67.08777113098768,2.8803187170124147,True
NF-BoT-IoT-v2__binary__sage__seed33,NF-BoT-IoT-v2,binary,sage,33,2,2,9683,2,0.7031547333831671,0.32229581475257874,0.4788236606619098,6610944,1614,63.74327768100193,2.7614485829835758,True
NF-BoT-IoT-v2__binary__sage__seed33,NF-BoT-IoT-v2,binary,sage,33,3,2,11297,2,0.8936521623195917,0.3843480348587036,0.5237204406056261,6610944,1614,64.96149436599808,2.8054953779792413,True
NF-BoT-IoT-v2__binary__sage__seed33,NF-BoT-IoT-v2,binary,sage,33,4,2,12910,2,1.2282351026861222,0.7603757977485657,0.42863420944668484,6605471,1613,66.84968800400384,2.7777392390125897,True
NF-BoT-IoT-v2__binary__sage__seed44,NF-BoT-IoT-v2,binary,sage,44,0,1,6455,1,0.3990705640552454,0.259613037109375,0.6606486066734363,26438303,6455,235.67619796301005,3.1761731180013157,True
NF-BoT-IoT-v2__binary__sage__seed44,NF-BoT-IoT-v2,binary,sage,44,1,2,8069,2,0.4648066248238096,0.2905822694301605,0.46222021178378103,6610944,1614,57.96098587100278,3.128157522995025,True
NF-BoT-IoT-v2__binary__sage__seed44,NF-BoT-IoT-v2,binary,sage,44,2,2,9683,2,1.5451833715239975,0.5205476880073547,0.42954783152999265,6610944,1614,56.73895057300979,3.117645095990156,True
NF-BoT-IoT-v2__binary__sage__seed44,NF-BoT-IoT-v2,binary,sage,44,3,2,11297,2,1.251665949421015,1.2759870290756226,0.31221679108597133,6610944,1614,55.97281916899374,3.1333184579998488,True
NF-BoT-IoT-v2__binary__sage__seed44,NF-BoT-IoT-v2,binary,sage,44,4,2,12910,2,0.7193980643331968,0.1672116369009018,0.5268306797506084,6605471,1613,58.77594344399404,3.087227448995691,True
NF-BoT-IoT-v2__binary__sage__seed55,NF-BoT-IoT-v2,binary,sage,55,0,1,6455,1,0.43861348323926747,0.35087090730667114,0.43650240957680586,26438303,6455,235.07995396600745,3.232896396992146,True
NF-BoT-IoT-v2__binary__sage__seed55,NF-BoT-IoT-v2,binary,sage,55,1,2,8069,2,0.383755587854987,0.2648601531982422,0.46603146176487326,6610944,1614,58.82624395699531,3.1005723429989303,True
NF-BoT-IoT-v2__binary__sage__seed55,NF-BoT-IoT-v2,binary,sage,55,2,2,9683,2,0.39322484036517485,0.3261477053165436,0.6003260486063724,6610944,1614,56.91180717200041,3.070293644996127,True
NF-BoT-IoT-v2__binary__sage__seed55,NF-BoT-IoT-v2,binary,sage,55,3,2,11297,2,3.0977738730625575,0.8252034187316895,0.4976261727070566,6610944,1614,56.224284448995604,3.095983335006167,True
NF-BoT-IoT-v2__binary__sage__seed55,NF-BoT-IoT-v2,binary,sage,55,4,2,12910,2,0.7735273397377476,0.45061689615249634,0.7339892806801325,6605471,1613,58.81358406000072,3.072905240987893,True
NF-BoT-IoT-v2__binary__sage_edge__seed11,NF-BoT-IoT-v2,binary,sage_edge,11,0,1,6455,1,0.03263796927349602,0.01659119315445423,0.7856079052097836,26438303,6455,265.52524458701373,2.9074632870033383,True
NF-BoT-IoT-v2__binary__sage_edge__seed11,NF-BoT-IoT-v2,binary,sage_edge,11,1,2,8069,2,0.03694433837210415,0.013982445932924747,0.9065117674384082,6610944,1614,65.25992117699934,2.803886424022494,True
NF-BoT-IoT-v2__binary__sage_edge__seed11,NF-BoT-IoT-v2,binary,sage_edge,11,2,2,9683,2,0.033623526023142274,0.01796598918735981,0.8160504669172279,6610944,1614,63.54781167401234,2.80463291099295,True
NF-BoT-IoT-v2__binary__sage_edge__seed11,NF-BoT-IoT-v2,binary,sage_edge,11,3,2,11297,2,0.017538262129117316,0.013031254522502422,0.8611918141527557,6610944,1614,64.65494622499682,2.835333711002022,True
NF-BoT-IoT-v2__binary__sage_edge__seed11,NF-BoT-IoT-v2,binary,sage_edge,11,4,2,12910,2,0.02412252955435459,0.014044880867004395,0.8559656732119946,6605471,1613,67.60341322299791,2.783329668978695,True
NF-BoT-IoT-v2__binary__sage_edge__seed22,NF-BoT-IoT-v2,binary,sage_edge,22,0,1,6455,1,0.035799561125744235,0.012219978496432304,0.8341726680782147,26438303,6455,265.30565818201285,2.8676626429951284,True
NF-BoT-IoT-v2__binary__sage_edge__seed22,NF-BoT-IoT-v2,binary,sage_edge,22,1,2,8069,2,0.02218123006229341,0.011976722627878189,0.8556075418595037,6610944,1614,65.95156239601783,2.7800851359788794,True
NF-BoT-IoT-v2__binary__sage_edge__seed22,NF-BoT-IoT-v2,binary,sage_edge,22,2,2,9683,2,0.014192740395555533,0.011329663917422295,0.8647843260699796,6610944,1614,63.75036080999416,2.77332975200261,True
NF-BoT-IoT-v2__binary__sage_edge__seed22,NF-BoT-IoT-v2,binary,sage_edge,22,3,2,11297,2,0.01526386618828851,0.013496632687747478,0.8174914128317032,6610944,1614,63.67456233498524,2.7937996289983857,True
NF-BoT-IoT-v2__binary__sage_edge__seed22,NF-BoT-IoT-v2,binary,sage_edge,22,4,2,12910,2,0.014361037693297586,0.015628956258296967,0.8470216657452165,6605471,1613,66.5367399250099,2.788672313996358,True
NF-BoT-IoT-v2__binary__sage_edge__seed33,NF-BoT-IoT-v2,binary,sage_edge,33,0,1,6455,1,0.037920780106572814,0.018492568284273148,0.7906383122196288,26438303,6455,263.26203227299266,2.904140282975277,True
NF-BoT-IoT-v2__binary__sage_edge__seed33,NF-BoT-IoT-v2,binary,sage_edge,33,1,2,8069,2,0.029097153039624894,0.01294917892664671,0.8561868723037901,6610944,1614,65.41345040500164,2.8171167109976523,True
NF-BoT-IoT-v2__binary__sage_edge__seed33,NF-BoT-IoT-v2,binary,sage_edge,33,2,2,9683,2,0.016074102268931648,0.013525313697755337,0.8437443941574643,6610944,1614,62.982082912989426,2.786032225994859,True
NF-BoT-IoT-v2__binary__sage_edge__seed33,NF-BoT-IoT-v2,binary,sage_edge,33,3,2,11297,2,0.017720875017087596,0.011518272571265697,0.8391775266645654,6610944,1614,64.19101373598096,2.7998277399747167,True
NF-BoT-IoT-v2__binary__sage_edge__seed33,NF-BoT-IoT-v2,binary,sage_edge,33,4,2,12910,2,0.016513171606144808,0.015404585748910904,0.8280744648234677,6605471,1613,65.86121452000225,2.7959149600064848,True
NF-BoT-IoT-v2__binary__sage_edge__seed44,NF-BoT-IoT-v2,binary,sage_edge,44,0,1,6455,1,0.03797168090268281,0.01659008488059044,0.823078584006243,26438303,6455,236.4842763839988,3.3058083479991183,True
NF-BoT-IoT-v2__binary__sage_edge__seed44,NF-BoT-IoT-v2,binary,sage_edge,44,1,2,8069,2,0.018556455972871616,0.015752680599689484,0.796094926700131,6610944,1614,55.945052587994724,3.203479220988811,True
NF-BoT-IoT-v2__binary__sage_edge__seed44,NF-BoT-IoT-v2,binary,sage_edge,44,2,2,9683,2,0.015098559341316667,0.01998501643538475,0.7899315652619021,6610944,1614,56.11681851900357,3.20560236700112,True
NF-BoT-IoT-v2__binary__sage_edge__seed44,NF-BoT-IoT-v2,binary,sage_edge,44,3,2,11297,2,0.02012710108748052,0.012846395373344421,0.8443846888941919,6610944,1614,56.10499347100267,3.2038339970022207,True
NF-BoT-IoT-v2__binary__sage_edge__seed44,NF-BoT-IoT-v2,binary,sage_edge,44,4,2,12910,2,0.015990498236454827,0.025285515934228897,0.7772231722519558,6605471,1613,58.10322793200612,3.210986602003686,True
NF-BoT-IoT-v2__binary__sage_edge__seed55,NF-BoT-IoT-v2,binary,sage_edge,55,0,1,6455,1,0.03472687515474288,0.013541682623326778,0.8406808540750849,26438303,6455,238.17853825099883,3.3271511429920793,True
NF-BoT-IoT-v2__binary__sage_edge__seed55,NF-BoT-IoT-v2,binary,sage_edge,55,1,2,8069,2,0.02102715334415902,0.013600043021142483,0.8665726788115551,6610944,1614,59.2775867649907,3.20936083199922,True
NF-BoT-IoT-v2__binary__sage_edge__seed55,NF-BoT-IoT-v2,binary,sage_edge,55,2,2,9683,2,0.015790402152675954,0.013850921764969826,0.8941714272646177,6610944,1614,56.66862476000097,3.212967318002484,True
NF-BoT-IoT-v2__binary__sage_edge__seed55,NF-BoT-IoT-v2,binary,sage_edge,55,3,2,11297,2,0.022931788622313945,0.012796646915376186,0.8327802193510208,6610944,1614,56.237960184007534,3.2082712370029185,True
NF-BoT-IoT-v2__binary__sage_edge__seed55,NF-BoT-IoT-v2,binary,sage_edge,55,4,2,12910,2,0.01459375826446332,0.009777157567441463,0.8816958947185909,6605471,1613,59.170161755988374,3.202158854008303,True
NF-BoT-IoT-v2__multiclass__edge_mlp__seed11,NF-BoT-IoT-v2,multiclass,edge_mlp,11,0,1,6455,1,0.29976615162172693,0.12315381318330765,0.8151372890180502,26438303,6455,164.18155794998165,1.6008057960134465,True
NF-BoT-IoT-v2__multiclass__edge_mlp__seed11,NF-BoT-IoT-v2,multiclass,edge_mlp,11,1,2,8069,2,0.1283180707421666,0.10053633153438568,0.8185771801426591,6610944,1614,47.25626547401771,1.5015489219804294,True
NF-BoT-IoT-v2__multiclass__edge_mlp__seed11,NF-BoT-IoT-v2,multiclass,edge_mlp,11,2,2,9683,2,0.11155229328428724,0.09191618114709854,0.8098557014672089,6610944,1614,42.37263270598487,1.5073755600024015,True
NF-BoT-IoT-v2__multiclass__edge_mlp__seed11,NF-BoT-IoT-v2,multiclass,edge_mlp,11,3,2,11297,2,0.12298608626801026,0.10184575617313385,0.7875437502932526,6610944,1614,41.835042369988514,1.402217094990192,True
NF-BoT-IoT-v2__multiclass__edge_mlp__seed11,NF-BoT-IoT-v2,multiclass,edge_mlp,11,4,2,12910,2,0.11391137898858567,0.09410131722688675,0.8112846372688317,6605471,1613,48.44125855897437,1.460870048002107,True
NF-BoT-IoT-v2__multiclass__edge_mlp__seed22,NF-BoT-IoT-v2,multiclass,edge_mlp,22,0,1,6455,1,0.2201154684047883,0.11111041158437729,0.8110505361777361,26438303,6455,164.21019462498953,1.6371951710025314,True
NF-BoT-IoT-v2__multiclass__edge_mlp__seed22,NF-BoT-IoT-v2,multiclass,edge_mlp,22,1,2,8069,2,0.1696520463149196,0.12566126883029938,0.7866397865113605,6610944,1614,43.50222639401909,1.4416776369907893,True
NF-BoT-IoT-v2__multiclass__edge_mlp__seed22,NF-BoT-IoT-v2,multiclass,edge_mlp,22,2,2,9683,2,0.16542792266357084,0.11298248916864395,0.8063142550529836,6610944,1614,45.77243676999933,1.4547460149915423,True
NF-BoT-IoT-v2__multiclass__edge_mlp__seed22,NF-BoT-IoT-v2,multiclass,edge_mlp,22,3,2,11297,2,0.11190247445804663,0.09277930110692978,0.8131226907570321,6610944,1614,43.77352665699436,1.351330503995996,True
NF-BoT-IoT-v2__multiclass__edge_mlp__seed22,NF-BoT-IoT-v2,multiclass,edge_mlp,22,4,2,12910,2,0.10513749996456703,0.09220456331968307,0.8198327154093391,6605471,1613,44.05838528298773,1.4161336140241474,True
NF-BoT-IoT-v2__multiclass__edge_mlp__seed33,NF-BoT-IoT-v2,multiclass,edge_mlp,33,0,1,6455,1,0.2580966657648724,0.10882513970136642,0.8082347350753281,26438303,6455,162.93813791300636,1.6560067959944718,True
NF-BoT-IoT-v2__multiclass__edge_mlp__seed33,NF-BoT-IoT-v2,multiclass,edge_mlp,33,1,2,8069,2,0.12282748372193605,0.11993015557527542,0.8127482234214899,6610944,1614,41.34433574299328,1.4634081829863135,True
NF-BoT-IoT-v2__multiclass__edge_mlp__seed33,NF-BoT-IoT-v2,multiclass,edge_mlp,33,2,2,9683,2,0.2763374272348472,0.09441431611776352,0.8040746498447842,6610944,1614,40.604212106001796,1.5010825069912244,True
NF-BoT-IoT-v2__multiclass__edge_mlp__seed33,NF-BoT-IoT-v2,multiclass,edge_mlp,33,3,2,11297,2,0.14006756388846567,0.0973813384771347,0.7936897382802515,6610944,1614,41.64283311300096,1.5402539770002477,True
NF-BoT-IoT-v2__multiclass__edge_mlp__seed33,NF-BoT-IoT-v2,multiclass,edge_mlp,33,4,2,12910,2,0.11537247600113086,0.19457049667835236,0.8158115573959914,6605471,1613,45.429628809011774,1.4636616079951636,True
NF-BoT-IoT-v2__multiclass__edge_mlp__seed44,NF-BoT-IoT-v2,multiclass,edge_mlp,44,0,1,6455,1,0.2141490933577681,0.21437159180641174,0.8144890844858079,26438303,6455,130.03407751199848,1.4631378709891578,True
NF-BoT-IoT-v2__multiclass__edge_mlp__seed44,NF-BoT-IoT-v2,multiclass,edge_mlp,44,1,2,8069,2,0.13535183260639694,0.11550722271203995,0.821088370949966,6610944,1614,36.05774920999829,1.3474971769901458,True
NF-BoT-IoT-v2__multiclass__edge_mlp__seed44,NF-BoT-IoT-v2,multiclass,edge_mlp,44,2,2,9683,2,0.10792684838489677,0.22031013667583466,0.819613104805209,6610944,1614,34.55594647600083,1.3404924230126198,True
NF-BoT-IoT-v2__multiclass__edge_mlp__seed44,NF-BoT-IoT-v2,multiclass,edge_mlp,44,3,2,11297,2,0.11141052840755332,0.0975448489189148,0.8157574332185329,6610944,1614,36.22253078200447,1.3464833650068613,True
NF-BoT-IoT-v2__multiclass__edge_mlp__seed44,NF-BoT-IoT-v2,multiclass,edge_mlp,44,4,2,12910,2,0.13520945903970571,0.09464563429355621,0.7925699337951362,6605471,1613,39.3210942579899,1.3378674929990666,True
NF-BoT-IoT-v2__multiclass__edge_mlp__seed55,NF-BoT-IoT-v2,multiclass,edge_mlp,55,0,1,6455,1,0.2249239453475637,0.11488433927297592,0.8125575201380866,26438303,6455,138.87097051199817,1.4225658509967616,True
NF-BoT-IoT-v2__multiclass__edge_mlp__seed55,NF-BoT-IoT-v2,multiclass,edge_mlp,55,1,2,8069,2,0.11806097661192348,0.12493187934160233,0.7930150441894015,6610944,1614,39.63381631199445,1.3065582740091486,True
NF-BoT-IoT-v2__multiclass__edge_mlp__seed55,NF-BoT-IoT-v2,multiclass,edge_mlp,55,2,2,9683,2,0.10578002013575373,0.09439452737569809,0.8266851395357542,6610944,1614,37.24958314100513,1.3054581289907219,True
NF-BoT-IoT-v2__multiclass__edge_mlp__seed55,NF-BoT-IoT-v2,multiclass,edge_mlp,55,3,2,11297,2,0.13296952233170858,0.09115735441446304,0.8213217939121314,6610944,1614,36.528902063000714,1.304029837003327,True
NF-BoT-IoT-v2__multiclass__edge_mlp__seed55,NF-BoT-IoT-v2,multiclass,edge_mlp,55,4,2,12910,2,0.15211322626773718,0.08851999789476395,0.8026638938795058,6605471,1613,36.91615970499697,1.290975449999678,True
NF-BoT-IoT-v2__multiclass__sage__seed11,NF-BoT-IoT-v2,multiclass,sage,11,0,1,6455,1,0.6902198755670558,0.5498422980308533,0.4860775633883156,26438303,6455,264.64026217602077,3.6781610600010026,True
NF-BoT-IoT-v2__multiclass__sage__seed11,NF-BoT-IoT-v2,multiclass,sage,11,1,2,8069,2,0.67413682606916,1.3233075141906738,0.46587082249707745,6610944,1614,64.73247317501227,3.2871767669857945,True
NF-BoT-IoT-v2__multiclass__sage__seed11,NF-BoT-IoT-v2,multiclass,sage,11,2,2,9683,2,0.6769461135161854,0.5370349287986755,0.4683293842511821,6610944,1614,62.71135675799451,3.291195356985554,True
NF-BoT-IoT-v2__multiclass__sage__seed11,NF-BoT-IoT-v2,multiclass,sage,11,3,2,11297,2,0.6861022158700146,0.6312416791915894,0.3855819970164087,6610944,1614,63.482959946006304,3.3005033470108174,True
NF-BoT-IoT-v2__multiclass__sage__seed11,NF-BoT-IoT-v2,multiclass,sage,11,4,2,12910,2,0.8220350997858755,0.8347037434577942,0.3601427102485256,6605471,1613,65.47285248799017,3.2990724309929647,True
NF-BoT-IoT-v2__multiclass__sage__seed22,NF-BoT-IoT-v2,multiclass,sage,22,0,1,6455,1,0.7008725029346379,0.7020368576049805,0.5103797097728262,26438303,6455,265.51513040199643,3.494648378022248,True
NF-BoT-IoT-v2__multiclass__sage__seed22,NF-BoT-IoT-v2,multiclass,sage,22,1,2,8069,2,0.671059618098142,0.5297566652297974,0.45773738949991866,6610944,1614,65.06776835699566,3.3857058330031577,True
NF-BoT-IoT-v2__multiclass__sage__seed22,NF-BoT-IoT-v2,multiclass,sage,22,2,2,9683,2,0.8640643408916697,0.9542509317398071,0.447239925820406,6610944,1614,64.03813779199845,3.369949901010841,True
NF-BoT-IoT-v2__multiclass__sage__seed22,NF-BoT-IoT-v2,multiclass,sage,22,3,2,11297,2,1.1247095898199997,1.074141263961792,0.48383742522378714,6610944,1614,63.10569068600307,3.340779484016821,True
NF-BoT-IoT-v2__multiclass__sage__seed22,NF-BoT-IoT-v2,multiclass,sage,22,4,2,12910,2,1.0679069348296581,1.8981378078460693,0.5056429433345041,6605471,1613,66.15916179202031,3.327545631007524,True
NF-BoT-IoT-v2__multiclass__sage__seed33,NF-BoT-IoT-v2,multiclass,sage,33,0,1,6455,1,0.7008496085291485,0.6913423538208008,0.5475222184125899,26438303,6455,265.65339022601256,3.4558434300124645,True
NF-BoT-IoT-v2__multiclass__sage__seed33,NF-BoT-IoT-v2,multiclass,sage,33,1,2,8069,2,0.8290647547761304,0.9713500738143921,0.41100428905149744,6610944,1614,65.253828143992,3.262065260001691,True
NF-BoT-IoT-v2__multiclass__sage__seed33,NF-BoT-IoT-v2,multiclass,sage,33,2,2,9683,2,1.924355804264693,3.167060136795044,0.40803260511918316,6610944,1614,64.27365938099683,3.2819439099985175,True
NF-BoT-IoT-v2__multiclass__sage__seed33,NF-BoT-IoT-v2,multiclass,sage,33,3,2,11297,2,3.7718490572297734,3.552293300628662,0.42947686317242767,6610944,1614,62.659226908988785,3.415029024996329,True
NF-BoT-IoT-v2__multiclass__sage__seed33,NF-BoT-IoT-v2,multiclass,sage,33,4,2,12910,2,5.290794815192037,4.508363723754883,0.29456023148046784,6605471,1613,65.66859389998717,3.4431528999994043,True
NF-BoT-IoT-v2__multiclass__sage__seed44,NF-BoT-IoT-v2,multiclass,sage,44,0,1,6455,1,0.7033916550106402,0.48352542519569397,0.45208895386307696,26438303,6455,235.9031198080047,3.7936906030081445,True
NF-BoT-IoT-v2__multiclass__sage__seed44,NF-BoT-IoT-v2,multiclass,sage,44,1,2,8069,2,0.834170667950844,0.7659225463867188,0.3229113465610637,6610944,1614,57.74925438201171,3.5941322010039585,True
NF-BoT-IoT-v2__multiclass__sage__seed44,NF-BoT-IoT-v2,multiclass,sage,44,2,2,9683,2,2.456844581935042,1.129196047782898,0.48420427588181686,6610944,1614,56.455704985011835,3.6986418970045634,True
NF-BoT-IoT-v2__multiclass__sage__seed44,NF-BoT-IoT-v2,multiclass,sage,44,3,2,11297,2,4.808959149719762,4.290872097015381,0.3069963357342978,6610944,1614,55.809401628997875,3.7480355690058786,True
NF-BoT-IoT-v2__multiclass__sage__seed44,NF-BoT-IoT-v2,multiclass,sage,44,4,2,12910,2,3.5757415865970374,1.600786805152893,0.5023499888379569,6605471,1613,58.058792997006094,3.740705018004519,True
NF-BoT-IoT-v2__multiclass__sage__seed55,NF-BoT-IoT-v2,multiclass,sage,55,0,1,6455,1,0.7131520599162179,1.1126590967178345,0.32942511078545034,26438303,6455,235.89708249199612,3.756057015998522,True
NF-BoT-IoT-v2__multiclass__sage__seed55,NF-BoT-IoT-v2,multiclass,sage,55,1,2,8069,2,0.8393049414328483,0.800333559513092,0.43359132424411745,6610944,1614,57.63722320301167,3.6259584990039,True
NF-BoT-IoT-v2__multiclass__sage__seed55,NF-BoT-IoT-v2,multiclass,sage,55,2,2,9683,2,0.789777711283097,1.0897682905197144,0.3681676336992036,6610944,1614,55.768738524013315,3.587926054999116,True
NF-BoT-IoT-v2__multiclass__sage__seed55,NF-BoT-IoT-v2,multiclass,sage,55,3,2,11297,2,0.9664731796512374,0.8784806132316589,0.36605043648211527,6610944,1614,56.03847934800433,3.616898513995693,True
NF-BoT-IoT-v2__multiclass__sage__seed55,NF-BoT-IoT-v2,multiclass,sage,55,4,2,12910,2,1.2685239513590794,1.3400225639343262,0.30787816013825886,6605471,1613,58.20318579599552,3.7438304419920314,True
NF-BoT-IoT-v2__multiclass__sage_edge__seed11,NF-BoT-IoT-v2,multiclass,sage_edge,11,0,1,6455,1,0.17581106803446928,0.10883355140686035,0.8306964346127014,26438303,6455,264.3384253740078,3.6148526440083515,True
NF-BoT-IoT-v2__multiclass__sage_edge__seed11,NF-BoT-IoT-v2,multiclass,sage_edge,11,1,2,8069,2,0.10394140436109779,0.10064300149679184,0.7970928841011091,6610944,1614,65.03829355500056,3.4016068979981355,True
NF-BoT-IoT-v2__multiclass__sage_edge__seed11,NF-BoT-IoT-v2,multiclass,sage_edge,11,2,2,9683,2,0.10675094624614295,0.07352077960968018,0.7980917822169975,6610944,1614,63.20219535398064,3.3987699849822093,True
NF-BoT-IoT-v2__multiclass__sage_edge__seed11,NF-BoT-IoT-v2,multiclass,sage_edge,11,3,2,11297,2,0.10722382810853116,0.08795450627803802,0.7624833588551828,6610944,1614,63.01254221200361,3.3856420970114414,True
NF-BoT-IoT-v2__multiclass__sage_edge__seed11,NF-BoT-IoT-v2,multiclass,sage_edge,11,4,2,12910,2,0.14894964552745135,0.0879378393292427,0.8158344669635529,6605471,1613,63.80424500600202,3.37120354900253,True
NF-BoT-IoT-v2__multiclass__sage_edge__seed22,NF-BoT-IoT-v2,multiclass,sage_edge,22,0,1,6455,1,0.16812916166251704,0.08212607353925705,0.780730366065409,26438303,6455,264.99705403400003,3.5249288089980837,True
NF-BoT-IoT-v2__multiclass__sage_edge__seed22,NF-BoT-IoT-v2,multiclass,sage_edge,22,1,2,8069,2,0.10085812207112894,0.07647224515676498,0.7949566756767544,6610944,1614,65.12352204899071,3.3320763419906143,True
NF-BoT-IoT-v2__multiclass__sage_edge__seed22,NF-BoT-IoT-v2,multiclass,sage_edge,22,2,2,9683,2,0.11262358885600036,0.09172776341438293,0.8120280105919548,6610944,1614,62.92019872000674,3.327389382990077,True
NF-BoT-IoT-v2__multiclass__sage_edge__seed22,NF-BoT-IoT-v2,multiclass,sage_edge,22,3,2,11297,2,0.08281251773367436,0.08216660469770432,0.7622549181346352,6610944,1614,63.578060416999506,3.3239560210204218,True
NF-BoT-IoT-v2__multiclass__sage_edge__seed22,NF-BoT-IoT-v2,multiclass,sage_edge,22,4,2,12910,2,0.08499605056869648,0.07657541334629059,0.8137763401624637,6605471,1613,63.774249976995634,3.342942071991274,True
NF-BoT-IoT-v2__multiclass__sage_edge__seed33,NF-BoT-IoT-v2,multiclass,sage_edge,33,0,1,6455,1,0.17596364818618138,0.08632278442382812,0.8006484863842367,26438303,6455,265.41919257098925,3.7217488909955136,True
NF-BoT-IoT-v2__multiclass__sage_edge__seed33,NF-BoT-IoT-v2,multiclass,sage_edge,33,1,2,8069,2,0.09819665517256385,0.0794006958603859,0.7678912017138484,6610944,1614,65.79774293198716,3.435037334013032,True
NF-BoT-IoT-v2__multiclass__sage_edge__seed33,NF-BoT-IoT-v2,multiclass,sage_edge,33,2,2,9683,2,0.10546433794124067,0.08552204072475433,0.7929861692247883,6610944,1614,63.16859792798641,3.3970081099832896,True
NF-BoT-IoT-v2__multiclass__sage_edge__seed33,NF-BoT-IoT-v2,multiclass,sage_edge,33,3,2,11297,2,0.10159970067102171,0.06775651127099991,0.8099170213552467,6610944,1614,63.92299582000123,3.3765717099886388,True
NF-BoT-IoT-v2__multiclass__sage_edge__seed33,NF-BoT-IoT-v2,multiclass,sage_edge,33,4,2,12910,2,0.09110699222379334,0.07509264349937439,0.8080573820991926,6605471,1613,63.0162805619766,3.3749995019752532,True
NF-BoT-IoT-v2__multiclass__sage_edge__seed44,NF-BoT-IoT-v2,multiclass,sage_edge,44,0,1,6455,1,0.17017028164922288,0.07509198039770126,0.8168781987748455,26438303,6455,234.7571571180015,3.896259155997541,True
NF-BoT-IoT-v2__multiclass__sage_edge__seed44,NF-BoT-IoT-v2,multiclass,sage_edge,44,1,2,8069,2,0.08107509845267644,0.07055529206991196,0.8352665831555985,6610944,1614,58.70873117200972,3.729857037993497,True
NF-BoT-IoT-v2__multiclass__sage_edge__seed44,NF-BoT-IoT-v2,multiclass,sage_edge,44,2,2,9683,2,0.09134160004246893,0.12200889736413956,0.8276569443554542,6610944,1614,56.351751787995454,3.723862527011079,True
NF-BoT-IoT-v2__multiclass__sage_edge__seed44,NF-BoT-IoT-v2,multiclass,sage_edge,44,3,2,11297,2,0.1242026192663512,0.0982309952378273,0.823774282825848,6610944,1614,56.52137991899508,3.730129609000869,True
NF-BoT-IoT-v2__multiclass__sage_edge__seed44,NF-BoT-IoT-v2,multiclass,sage_edge,44,4,2,12910,2,0.10585891249909378,0.09846192598342896,0.8123586943844794,6605471,1613,58.35596488900774,3.729272665004828,True
NF-BoT-IoT-v2__multiclass__sage_edge__seed55,NF-BoT-IoT-v2,multiclass,sage_edge,55,0,1,6455,1,0.1739443941396661,0.11065135151147842,0.7997965150148829,26438303,6455,234.39092712999263,3.8832320840010652,True
NF-BoT-IoT-v2__multiclass__sage_edge__seed55,NF-BoT-IoT-v2,multiclass,sage_edge,55,1,2,8069,2,0.09479992137933346,0.13856351375579834,0.785229668344473,6610944,1614,58.134864072009805,3.736022017998039,True
NF-BoT-IoT-v2__multiclass__sage_edge__seed55,NF-BoT-IoT-v2,multiclass,sage_edge,55,2,2,9683,2,0.09069062305367384,0.36249127984046936,0.839718334295626,6610944,1614,56.276881191006396,3.733110214001499,True
NF-BoT-IoT-v2__multiclass__sage_edge__seed55,NF-BoT-IoT-v2,multiclass,sage_edge,55,3,2,11297,2,0.131722988272859,0.10780923813581467,0.7956371385952308,6610944,1614,57.247225869999966,3.728520805001608,True
NF-BoT-IoT-v2__multiclass__sage_edge__seed55,NF-BoT-IoT-v2,multiclass,sage_edge,55,4,2,12910,2,0.08118723880497888,0.2688364088535309,0.8012741503131211,6605471,1613,58.93630935100373,3.72080072000972,True
NF-CSE-CIC-IDS2018-v2__binary__edge_mlp__seed11,NF-CSE-CIC-IDS2018-v2,binary,edge_mlp,11,0,1,3230,1,0.10804221505812814,0.08647763729095459,0.9815940712808409,13227184,3230,77.99953601299785,0.4875032319978345,True
NF-CSE-CIC-IDS2018-v2__binary__edge_mlp__seed11,NF-CSE-CIC-IDS2018-v2,binary,edge_mlp,11,1,2,4038,2,0.0903811264174557,0.08581393957138062,0.981625220183838,3309568,808,20.582710332004353,0.510691240982851,True
NF-CSE-CIC-IDS2018-v2__binary__edge_mlp__seed11,NF-CSE-CIC-IDS2018-v2,binary,edge_mlp,11,2,2,4846,2,0.08777929019035384,0.083075150847435,0.9831059844446068,3309568,808,19.224276813009055,0.4686627420014702,True
NF-CSE-CIC-IDS2018-v2__binary__edge_mlp__seed11,NF-CSE-CIC-IDS2018-v2,binary,edge_mlp,11,3,2,5654,2,0.08821592366986789,0.08205051720142365,0.984428981171994,3309568,808,19.662099559005583,0.4593943750078324,True
NF-CSE-CIC-IDS2018-v2__binary__edge_mlp__seed11,NF-CSE-CIC-IDS2018-v2,binary,edge_mlp,11,4,2,6460,2,0.08501515874017036,0.08122017979621887,0.9843206969519885,3298480,806,20.897640851995675,0.42842045999714173,True
NF-CSE-CIC-IDS2018-v2__binary__edge_mlp__seed22,NF-CSE-CIC-IDS2018-v2,binary,edge_mlp,22,0,1,3230,1,0.10944805950798674,0.08657479286193848,0.9811356217885152,13227184,3230,70.77531941898633,0.4882975429936778,True
NF-CSE-CIC-IDS2018-v2__binary__edge_mlp__seed22,NF-CSE-CIC-IDS2018-v2,binary,edge_mlp,22,1,2,4038,2,0.08983515438135012,0.08515174686908722,0.9820138626603556,3309568,808,20.415223680989584,0.4769345359818544,True
NF-CSE-CIC-IDS2018-v2__binary__edge_mlp__seed22,NF-CSE-CIC-IDS2018-v2,binary,edge_mlp,22,2,2,4846,2,0.088337877539383,0.08411581069231033,0.9822228397706623,3309568,808,16.890053123002872,0.4401256150158588,True
NF-CSE-CIC-IDS2018-v2__binary__edge_mlp__seed22,NF-CSE-CIC-IDS2018-v2,binary,edge_mlp,22,3,2,5654,2,0.08725729403962003,0.08205896615982056,0.9827485900018282,3309568,808,16.801899504003813,0.5116238030022942,True
NF-CSE-CIC-IDS2018-v2__binary__edge_mlp__seed22,NF-CSE-CIC-IDS2018-v2,binary,edge_mlp,22,4,2,6460,2,0.0861872390345932,0.08131802827119827,0.9823183768126394,3298480,806,19.2426959759905,0.44944547102204524,True
NF-CSE-CIC-IDS2018-v2__binary__edge_mlp__seed33,NF-CSE-CIC-IDS2018-v2,binary,edge_mlp,33,0,1,3230,1,0.10891728059576666,0.0875304788351059,0.9810362892984508,13227184,3230,88.99301045501488,0.48776152002392337,True
NF-CSE-CIC-IDS2018-v2__binary__edge_mlp__seed33,NF-CSE-CIC-IDS2018-v2,binary,edge_mlp,33,1,2,4038,2,0.09210950179062415,0.08703356236219406,0.9821228849878649,3309568,808,23.200438506988576,0.5222340890031774,True
NF-CSE-CIC-IDS2018-v2__binary__edge_mlp__seed33,NF-CSE-CIC-IDS2018-v2,binary,edge_mlp,33,2,2,4846,2,0.08885534359418815,0.08421912789344788,0.9816001367400375,3309568,808,21.15689939301228,0.48939779002103023,True
NF-CSE-CIC-IDS2018-v2__binary__edge_mlp__seed33,NF-CSE-CIC-IDS2018-v2,binary,edge_mlp,33,3,2,5654,2,0.08783914525947063,0.08324403315782547,0.9821183607115862,3309568,808,20.931026839010883,0.45975477300817147,True
NF-CSE-CIC-IDS2018-v2__binary__edge_mlp__seed33,NF-CSE-CIC-IDS2018-v2,binary,edge_mlp,33,4,2,6460,2,0.0867242149517346,0.08201335370540619,0.9833781578532044,3298480,806,23.20543748800992,0.44396048301132396,True
NF-CSE-CIC-IDS2018-v2__binary__edge_mlp__seed44,NF-CSE-CIC-IDS2018-v2,binary,edge_mlp,44,0,1,3230,1,0.10733797403718696,0.08725250512361526,0.9810057071827007,13227184,3230,60.60889984299138,0.44577560600009747,True
NF-CSE-CIC-IDS2018-v2__binary__edge_mlp__seed44,NF-CSE-CIC-IDS2018-v2,binary,edge_mlp,44,1,2,4038,2,0.08996361210518102,0.08541593700647354,0.9811533834357946,3309568,808,18.37200047200895,0.40573973100981675,True
NF-CSE-CIC-IDS2018-v2__binary__edge_mlp__seed44,NF-CSE-CIC-IDS2018-v2,binary,edge_mlp,44,2,2,4846,2,0.08919270913402486,0.08395320922136307,0.9817285632789696,3309568,808,17.46389100300439,0.4095491350017255,True
NF-CSE-CIC-IDS2018-v2__binary__edge_mlp__seed44,NF-CSE-CIC-IDS2018-v2,binary,edge_mlp,44,3,2,5654,2,0.08764654584690043,0.08282795548439026,0.9826354295120208,3309568,808,17.524922172000515,0.38276791499811225,True
NF-CSE-CIC-IDS2018-v2__binary__edge_mlp__seed44,NF-CSE-CIC-IDS2018-v2,binary,edge_mlp,44,4,2,6460,2,0.08704179212133305,0.08290229737758636,0.9838161002178916,3298480,806,19.407471919999807,0.3751534070033813,True
NF-CSE-CIC-IDS2018-v2__binary__edge_mlp__seed55,NF-CSE-CIC-IDS2018-v2,binary,edge_mlp,55,0,1,3230,1,0.10776791752333331,0.08701185137033463,0.9809817118735393,13227184,3230,55.246926085994346,0.4429773040028522,True
NF-CSE-CIC-IDS2018-v2__binary__edge_mlp__seed55,NF-CSE-CIC-IDS2018-v2,binary,edge_mlp,55,1,2,4038,2,0.09027737816611286,0.08543670922517776,0.9818935227025859,3309568,808,17.92642475599132,0.40513797200401314,True
NF-CSE-CIC-IDS2018-v2__binary__edge_mlp__seed55,NF-CSE-CIC-IDS2018-v2,binary,edge_mlp,55,2,2,4846,2,0.08844195158764867,0.08333845436573029,0.9832712463184289,3309568,808,18.199162979988614,0.412203955987934,True
NF-CSE-CIC-IDS2018-v2__binary__edge_mlp__seed55,NF-CSE-CIC-IDS2018-v2,binary,edge_mlp,55,3,2,5654,2,0.08680710847959808,0.08226726204156876,0.9836951090501784,3309568,808,18.083457664004527,0.38034831899858546,True
NF-CSE-CIC-IDS2018-v2__binary__edge_mlp__seed55,NF-CSE-CIC-IDS2018-v2,binary,edge_mlp,55,4,2,6460,2,0.08623617021504966,0.0811254158616066,0.9846870433632063,3298480,806,16.92153375300404,0.38478217099327594,True
NF-CSE-CIC-IDS2018-v2__binary__sage__seed11,NF-CSE-CIC-IDS2018-v2,binary,sage,11,0,1,3230,1,0.07699422224141296,0.07641744613647461,0.9843858998156023,13227184,3230,119.48714657701203,1.596369222010253,True
NF-CSE-CIC-IDS2018-v2__binary__sage__seed11,NF-CSE-CIC-IDS2018-v2,binary,sage,11,1,2,4038,2,0.06840594755116813,0.08098439127206802,0.9842304022398372,3309568,808,29.40123779300484,1.5270414740080014,True
NF-CSE-CIC-IDS2018-v2__binary__sage__seed11,NF-CSE-CIC-IDS2018-v2,binary,sage,11,2,2,4846,2,0.07217642301140298,0.07618386298418045,0.9845884386874517,3309568,808,28.22441050701309,1.5488908810075372,True
NF-CSE-CIC-IDS2018-v2__binary__sage__seed11,NF-CSE-CIC-IDS2018-v2,binary,sage,11,3,2,5654,2,0.06775522907725581,0.07566802203655243,0.9856290075623428,3309568,808,28.033144929009723,1.5958367370185442,True
NF-CSE-CIC-IDS2018-v2__binary__sage__seed11,NF-CSE-CIC-IDS2018-v2,binary,sage,11,4,2,6460,2,0.06470911557511747,0.07597462087869644,0.984661898542398,3298480,806,29.471322579018306,1.6009618210082408,True
NF-CSE-CIC-IDS2018-v2__binary__sage__seed22,NF-CSE-CIC-IDS2018-v2,binary,sage,22,0,1,3230,1,0.08140457382206391,0.08489003032445908,0.984163992231258,13227184,3230,118.88163159799296,1.577256667020265,True
NF-CSE-CIC-IDS2018-v2__binary__sage__seed22,NF-CSE-CIC-IDS2018-v2,binary,sage,22,1,2,4038,2,0.09647177667633658,0.11544521898031235,0.9570171434614285,3309568,808,28.528001550002955,1.5504567949974444,True
NF-CSE-CIC-IDS2018-v2__binary__sage__seed22,NF-CSE-CIC-IDS2018-v2,binary,sage,22,2,2,4846,2,0.11403705537005669,0.1380620300769806,0.9850335479370724,3309568,808,27.43531209899811,1.534841680986574,True
NF-CSE-CIC-IDS2018-v2__binary__sage__seed22,NF-CSE-CIC-IDS2018-v2,binary,sage,22,3,2,5654,2,0.12187733241624318,0.09445798397064209,0.9866133509386987,3309568,808,28.21991508899373,1.565124505024869,True
NF-CSE-CIC-IDS2018-v2__binary__sage__seed22,NF-CSE-CIC-IDS2018-v2,binary,sage,22,4,2,6460,2,0.07832158835723735,0.08104737848043442,0.9844204242350267,3298480,806,28.875142935023177,1.551338521996513,True
NF-CSE-CIC-IDS2018-v2__binary__sage__seed33,NF-CSE-CIC-IDS2018-v2,binary,sage,33,0,1,3230,1,0.08782397971930728,0.1087004616856575,0.9629578518462469,13227184,3230,124.22143555100774,1.6831780479988083,True
NF-CSE-CIC-IDS2018-v2__binary__sage__seed33,NF-CSE-CIC-IDS2018-v2,binary,sage,33,1,2,4038,2,0.07873286052819083,0.07773300260305405,0.9849504552057929,3309568,808,29.101226035010768,1.5953942699998152,True
NF-CSE-CIC-IDS2018-v2__binary__sage__seed33,NF-CSE-CIC-IDS2018-v2,binary,sage,33,2,2,4846,2,0.07863938127238636,0.10570548474788666,0.9342869159044509,3309568,808,27.631668299989542,1.6163090810005087,True
NF-CSE-CIC-IDS2018-v2__binary__sage__seed33,NF-CSE-CIC-IDS2018-v2,binary,sage,33,3,2,5654,2,0.09947138775306025,0.07786675542593002,0.9834426579094484,3309568,808,26.054780420003226,1.5484652319864836,True
NF-CSE-CIC-IDS2018-v2__binary__sage__seed33,NF-CSE-CIC-IDS2018-v2,binary,sage,33,4,2,6460,2,0.08981026904991107,0.09344092756509781,0.9487792063787575,3298480,806,28.228541987016797,1.521055418998003,True
NF-CSE-CIC-IDS2018-v2__binary__sage__seed44,NF-CSE-CIC-IDS2018-v2,binary,sage,44,0,1,3230,1,0.10012195931358356,0.1366395205259323,0.9836959640213426,13227184,3230,101.52749352599494,1.7736557070020353,True
NF-CSE-CIC-IDS2018-v2__binary__sage__seed44,NF-CSE-CIC-IDS2018-v2,binary,sage,44,1,2,4038,2,0.15536874300791043,0.0962037742137909,0.974638151417122,3309568,808,24.67705305700656,1.6953140550031094,True
NF-CSE-CIC-IDS2018-v2__binary__sage__seed44,NF-CSE-CIC-IDS2018-v2,binary,sage,44,2,2,4846,2,0.12373011066384687,0.11529683321714401,0.9869038764768465,3309568,808,23.89320663899707,1.695995418005623,True
NF-CSE-CIC-IDS2018-v2__binary__sage__seed44,NF-CSE-CIC-IDS2018-v2,binary,sage,44,3,2,5654,2,0.08642199919051906,0.0828239843249321,0.9848234434801206,3309568,808,23.91874762599764,1.6906824829929974,True
NF-CSE-CIC-IDS2018-v2__binary__sage__seed44,NF-CSE-CIC-IDS2018-v2,binary,sage,44,4,2,6460,2,0.3169051641872155,0.16816183924674988,0.8940752196154604,3298480,806,25.106033771997318,1.702679348003585,True
NF-CSE-CIC-IDS2018-v2__binary__sage__seed55,NF-CSE-CIC-IDS2018-v2,binary,sage,55,0,1,3230,1,0.08453761656867037,0.11957273632287979,0.9480209641003914,13227184,3230,101.67133442900376,1.7716356179880677,True
NF-CSE-CIC-IDS2018-v2__binary__sage__seed55,NF-CSE-CIC-IDS2018-v2,binary,sage,55,1,2,4038,2,0.08779910365165682,0.07882799953222275,0.9846166577322217,3309568,808,24.926941786994576,1.6942160369944759,True
NF-CSE-CIC-IDS2018-v2__binary__sage__seed55,NF-CSE-CIC-IDS2018-v2,binary,sage,55,2,2,4846,2,0.0740779928821554,0.08456125855445862,0.9859465876327269,3309568,808,24.06246009899769,1.6933023449964821,True
NF-CSE-CIC-IDS2018-v2__binary__sage__seed55,NF-CSE-CIC-IDS2018-v2,binary,sage,55,3,2,5654,2,0.07230784713133874,0.07519539445638657,0.9859682794012881,3309568,808,24.202017075003823,1.6965324230113765,True
NF-CSE-CIC-IDS2018-v2__binary__sage__seed55,NF-CSE-CIC-IDS2018-v2,binary,sage,55,4,2,6460,2,0.0695865218535679,0.07610593736171722,0.9854618364483247,3298480,806,25.187102720999974,1.6938646899943706,True
NF-CSE-CIC-IDS2018-v2__binary__sage_edge__seed11,NF-CSE-CIC-IDS2018-v2,binary,sage_edge,11,0,1,3230,1,0.08721709776456331,0.18410325050354004,0.9846666457379795,13227184,3230,115.17791723000119,1.6313624850008637,True
NF-CSE-CIC-IDS2018-v2__binary__sage_edge__seed11,NF-CSE-CIC-IDS2018-v2,binary,sage_edge,11,1,2,4038,2,0.12720791637749956,0.10515836626291275,0.9852989136877564,3309568,808,27.70363797599566,1.5639093199861236,True
NF-CSE-CIC-IDS2018-v2__binary__sage_edge__seed11,NF-CSE-CIC-IDS2018-v2,binary,sage_edge,11,2,2,4846,2,0.20516362523955137,0.13085399568080902,0.9492813784875169,3309568,808,26.402587176009547,1.641573114990024,True
NF-CSE-CIC-IDS2018-v2__binary__sage_edge__seed11,NF-CSE-CIC-IDS2018-v2,binary,sage_edge,11,3,2,5654,2,0.13348539768589088,0.11809078603982925,0.9564286944919548,3309568,808,28.04182327000308,1.5971316089853644,True
NF-CSE-CIC-IDS2018-v2__binary__sage_edge__seed11,NF-CSE-CIC-IDS2018-v2,binary,sage_edge,11,4,2,6460,2,0.2575825631283114,0.38993436098098755,0.9386824015372239,3298480,806,29.443867327994667,1.5799672650173306,True
NF-CSE-CIC-IDS2018-v2__binary__sage_edge__seed22,NF-CSE-CIC-IDS2018-v2,binary,sage_edge,22,0,1,3230,1,0.0873133064135135,0.08788930624723434,0.985225721948418,13227184,3230,120.2986954030057,1.7030662260076497,True
NF-CSE-CIC-IDS2018-v2__binary__sage_edge__seed22,NF-CSE-CIC-IDS2018-v2,binary,sage_edge,22,1,2,4038,2,0.07393518232482274,0.07912648469209671,0.9823459715007854,3309568,808,29.43990282699815,1.5597104119951837,True
NF-CSE-CIC-IDS2018-v2__binary__sage_edge__seed22,NF-CSE-CIC-IDS2018-v2,binary,sage_edge,22,2,2,4846,2,0.07158129843929321,0.0859713926911354,0.9834733498061454,3309568,808,28.12380562000908,1.5487825680174865,True
NF-CSE-CIC-IDS2018-v2__binary__sage_edge__seed22,NF-CSE-CIC-IDS2018-v2,binary,sage_edge,22,3,2,5654,2,0.06646591191880848,0.0747777670621872,0.98645905374995,3309568,808,26.784912984992843,1.5600122939795256,True
NF-CSE-CIC-IDS2018-v2__binary__sage_edge__seed22,NF-CSE-CIC-IDS2018-v2,binary,sage_edge,22,4,2,6460,2,0.06533090828488908,0.07267434149980545,0.9852208716990131,3298480,806,28.971675241016783,1.5570161860086955,True
NF-CSE-CIC-IDS2018-v2__binary__sage_edge__seed33,NF-CSE-CIC-IDS2018-v2,binary,sage_edge,33,0,1,3230,1,0.08618311416494993,0.08501827716827393,0.9830676685010435,13227184,3230,118.71963022000273,1.6307015600032173,True
NF-CSE-CIC-IDS2018-v2__binary__sage_edge__seed33,NF-CSE-CIC-IDS2018-v2,binary,sage_edge,33,1,2,4038,2,0.07775556407223391,0.09037614613771439,0.9866035534121824,3309568,808,29.507955756009324,1.5918578429846093,True
NF-CSE-CIC-IDS2018-v2__binary__sage_edge__seed33,NF-CSE-CIC-IDS2018-v2,binary,sage_edge,33,2,2,4846,2,0.07367015691787594,0.07671216875314713,0.9826666396172875,3309568,808,28.007146644988097,1.5628055859997403,True
NF-CSE-CIC-IDS2018-v2__binary__sage_edge__seed33,NF-CSE-CIC-IDS2018-v2,binary,sage_edge,33,3,2,5654,2,0.07017711259074288,0.07851087301969528,0.9819959194701653,3309568,808,28.294089030008763,1.5544163300073706,True
NF-CSE-CIC-IDS2018-v2__binary__sage_edge__seed33,NF-CSE-CIC-IDS2018-v2,binary,sage_edge,33,4,2,6460,2,0.07209395435057878,0.07800018042325974,0.9853826785910238,3298480,806,29.295579836994875,1.5677979329775553,True
NF-CSE-CIC-IDS2018-v2__binary__sage_edge__seed44,NF-CSE-CIC-IDS2018-v2,binary,sage_edge,44,0,1,3230,1,0.08509731858177676,0.08118803054094315,0.9840505520344164,13227184,3230,101.48379972898692,1.846213879995048,True
NF-CSE-CIC-IDS2018-v2__binary__sage_edge__seed44,NF-CSE-CIC-IDS2018-v2,binary,sage_edge,44,1,2,4038,2,0.07458963095772975,0.18695640563964844,0.9871413415944084,3309568,808,25.270669945006375,1.7713702580076642,True
NF-CSE-CIC-IDS2018-v2__binary__sage_edge__seed44,NF-CSE-CIC-IDS2018-v2,binary,sage_edge,44,2,2,4846,2,0.07093877002301782,0.07676473259925842,0.9854788946595009,3309568,808,24.32330802299839,1.7666761740110815,True
NF-CSE-CIC-IDS2018-v2__binary__sage_edge__seed44,NF-CSE-CIC-IDS2018-v2,binary,sage_edge,44,3,2,5654,2,0.0679297226338214,0.07846255600452423,0.9860269067279344,3309568,808,24.08942687000672,1.7614746850013034,True
NF-CSE-CIC-IDS2018-v2__binary__sage_edge__seed44,NF-CSE-CIC-IDS2018-v2,binary,sage_edge,44,4,2,6460,2,0.07396845153818953,0.07622464746236801,0.9847025246470844,3298480,806,24.891433081007563,1.7581366169906687,True
NF-CSE-CIC-IDS2018-v2__binary__sage_edge__seed55,NF-CSE-CIC-IDS2018-v2,binary,sage_edge,55,0,1,3230,1,0.07981051617316669,0.075295090675354,0.9851305549575451,13227184,3230,101.64504714499344,1.8427527059975546,True
NF-CSE-CIC-IDS2018-v2__binary__sage_edge__seed55,NF-CSE-CIC-IDS2018-v2,binary,sage_edge,55,1,2,4038,2,0.06494505542312001,0.0757124200463295,0.9846073072698025,3309568,808,25.30586860900803,1.756003568007145,True
NF-CSE-CIC-IDS2018-v2__binary__sage_edge__seed55,NF-CSE-CIC-IDS2018-v2,binary,sage_edge,55,2,2,4846,2,0.06433987405409317,0.07589539885520935,0.9855051347290862,3309568,808,24.499630160004017,1.7624216260010144,True
NF-CSE-CIC-IDS2018-v2__binary__sage_edge__seed55,NF-CSE-CIC-IDS2018-v2,binary,sage_edge,55,3,2,5654,2,0.06413256721386668,0.07707291841506958,0.9871252588418267,3309568,808,24.22539516800316,1.7607951760001015,True
NF-CSE-CIC-IDS2018-v2__binary__sage_edge__seed55,NF-CSE-CIC-IDS2018-v2,binary,sage_edge,55,4,2,6460,2,0.06990308753251798,0.0744776800274849,0.9841925590175256,3298480,806,25.564026861000457,1.7666090489947237,True
NF-CSE-CIC-IDS2018-v2__multiclass__edge_mlp__seed11,NF-CSE-CIC-IDS2018-v2,multiclass,edge_mlp,11,0,1,3230,1,0.38353676608862525,0.3498069941997528,0.6464882020045188,13227184,3230,80.29714982301812,1.0436419259931426,True
NF-CSE-CIC-IDS2018-v2__multiclass__edge_mlp__seed11,NF-CSE-CIC-IDS2018-v2,multiclass,edge_mlp,11,1,2,4038,2,0.31764495494489625,0.3849521577358246,0.6462059334288541,3309568,808,22.639869019010803,0.9294290219841059,True
NF-CSE-CIC-IDS2018-v2__multiclass__edge_mlp__seed11,NF-CSE-CIC-IDS2018-v2,multiclass,edge_mlp,11,2,2,4846,2,0.31686966777733055,0.3722761571407318,0.6555728306533682,3309568,808,20.612595090002287,0.9830853999883402,True
NF-CSE-CIC-IDS2018-v2__multiclass__edge_mlp__seed11,NF-CSE-CIC-IDS2018-v2,multiclass,edge_mlp,11,3,2,5654,2,0.3207543817265789,0.3674423098564148,0.6607224161013621,3309568,808,21.89382623299025,0.9636717260000296,True
NF-CSE-CIC-IDS2018-v2__multiclass__edge_mlp__seed11,NF-CSE-CIC-IDS2018-v2,multiclass,edge_mlp,11,4,2,6460,2,0.31501118787250476,0.35033470392227173,0.6649970061191197,3298480,806,22.341630828974303,0.9254653149982914,True
NF-CSE-CIC-IDS2018-v2__multiclass__edge_mlp__seed22,NF-CSE-CIC-IDS2018-v2,multiclass,edge_mlp,22,0,1,3230,1,0.38928486989430766,0.39765098690986633,0.6347713733911059,13227184,3230,76.31646817200817,1.0452688520017546,True
NF-CSE-CIC-IDS2018-v2__multiclass__edge_mlp__seed22,NF-CSE-CIC-IDS2018-v2,multiclass,edge_mlp,22,1,2,4038,2,0.31069209694050914,0.405102401971817,0.6520316661181441,3309568,808,21.3138853989949,0.9008182040124666,True
NF-CSE-CIC-IDS2018-v2__multiclass__edge_mlp__seed22,NF-CSE-CIC-IDS2018-v2,multiclass,edge_mlp,22,2,2,4846,2,0.3231184684699125,0.34983399510383606,0.6639156517225127,3309568,808,20.817500403994927,0.8810739220061805,True
NF-CSE-CIC-IDS2018-v2__multiclass__edge_mlp__seed22,NF-CSE-CIC-IDS2018-v2,multiclass,edge_mlp,22,3,2,5654,2,0.31221737362223095,0.3652816414833069,0.6496591354260765,3309568,808,21.35570126399398,0.9407156660163309,True
NF-CSE-CIC-IDS2018-v2__multiclass__edge_mlp__seed22,NF-CSE-CIC-IDS2018-v2,multiclass,edge_mlp,22,4,2,6460,2,0.3207725016194894,0.33175715804100037,0.6219741463878595,3298480,806,21.825063121999847,0.8561131830210797,True
NF-CSE-CIC-IDS2018-v2__multiclass__edge_mlp__seed33,NF-CSE-CIC-IDS2018-v2,multiclass,edge_mlp,33,0,1,3230,1,0.38457355833089324,0.36627712845802307,0.6463272467627977,13227184,3230,76.82148673801566,0.9918345060141291,True
NF-CSE-CIC-IDS2018-v2__multiclass__edge_mlp__seed33,NF-CSE-CIC-IDS2018-v2,multiclass,edge_mlp,33,1,2,4038,2,0.3294635374873581,0.36128443479537964,0.6501642740133363,3309568,808,22.86344682998606,0.9617538609891199,True
NF-CSE-CIC-IDS2018-v2__multiclass__edge_mlp__seed33,NF-CSE-CIC-IDS2018-v2,multiclass,edge_mlp,33,2,2,4846,2,0.30727838936934965,0.4079720973968506,0.6539552867598637,3309568,808,20.80989927702467,0.9101749210094567,True
NF-CSE-CIC-IDS2018-v2__multiclass__edge_mlp__seed33,NF-CSE-CIC-IDS2018-v2,multiclass,edge_mlp,33,3,2,5654,2,0.3072862409811356,0.33650967478752136,0.6353643443407251,3309568,808,21.27554170001531,0.8444235039933119,True
NF-CSE-CIC-IDS2018-v2__multiclass__edge_mlp__seed33,NF-CSE-CIC-IDS2018-v2,multiclass,edge_mlp,33,4,2,6460,2,0.3172706457512745,0.3318931460380554,0.6556463917534207,3298480,806,21.58844666200457,0.8649647849961184,True
NF-CSE-CIC-IDS2018-v2__multiclass__edge_mlp__seed44,NF-CSE-CIC-IDS2018-v2,multiclass,edge_mlp,44,0,1,3230,1,0.3884434127532226,0.3667767345905304,0.6416302970548574,13227184,3230,69.078147016,0.8885685819986975,True
NF-CSE-CIC-IDS2018-v2__multiclass__edge_mlp__seed44,NF-CSE-CIC-IDS2018-v2,multiclass,edge_mlp,44,1,2,4038,2,0.33034064589381806,0.34881195425987244,0.6573885074577089,3309568,808,18.071129538991954,0.7538391180132749,True
NF-CSE-CIC-IDS2018-v2__multiclass__edge_mlp__seed44,NF-CSE-CIC-IDS2018-v2,multiclass,edge_mlp,44,2,2,4846,2,0.3255013531756283,0.3642579913139343,0.6563416739701722,3309568,808,18.760069794006995,0.7606584460008889,True
NF-CSE-CIC-IDS2018-v2__multiclass__edge_mlp__seed44,NF-CSE-CIC-IDS2018-v2,multiclass,edge_mlp,44,3,2,5654,2,0.3068855852073077,0.34252992272377014,0.6562004797761645,3309568,808,17.88007795199519,0.7603744079970056,True
NF-CSE-CIC-IDS2018-v2__multiclass__edge_mlp__seed44,NF-CSE-CIC-IDS2018-v2,multiclass,edge_mlp,44,4,2,6460,2,0.30896485637304105,0.3404412567615509,0.6971221147063144,3298480,806,19.718944470005226,0.7221572790003847,True
NF-CSE-CIC-IDS2018-v2__multiclass__edge_mlp__seed55,NF-CSE-CIC-IDS2018-v2,multiclass,edge_mlp,55,0,1,3230,1,0.38218858150132473,0.3595968186855316,0.6481048552845667,13227184,3230,51.606951877998654,0.8952228459966136,True
NF-CSE-CIC-IDS2018-v2__multiclass__edge_mlp__seed55,NF-CSE-CIC-IDS2018-v2,multiclass,edge_mlp,55,1,2,4038,2,0.33086684311159176,0.3948780596256256,0.6469028963319842,3309568,808,16.716514522995567,0.759122549003223,True
NF-CSE-CIC-IDS2018-v2__multiclass__edge_mlp__seed55,NF-CSE-CIC-IDS2018-v2,multiclass,edge_mlp,55,2,2,4846,2,0.3191392141956799,0.3504985570907593,0.6552971823386521,3309568,808,16.21474074899743,0.7574728780018631,True
NF-CSE-CIC-IDS2018-v2__multiclass__edge_mlp__seed55,NF-CSE-CIC-IDS2018-v2,multiclass,edge_mlp,55,3,2,5654,2,0.3106927914397404,0.33471250534057617,0.6543471497439103,3309568,808,16.200937846006127,0.7579904140002327,True
NF-CSE-CIC-IDS2018-v2__multiclass__edge_mlp__seed55,NF-CSE-CIC-IDS2018-v2,multiclass,edge_mlp,55,4,2,6460,2,0.30586402530086826,0.34094199538230896,0.6649201477672484,3298480,806,18.08123577000515,0.7311868450051406,True
NF-CSE-CIC-IDS2018-v2__multiclass__sage__seed11,NF-CSE-CIC-IDS2018-v2,multiclass,sage,11,0,1,3230,1,0.3347639938145918,0.3359204828739166,0.6512611796626931,13227184,3230,117.0797515680024,2.2037983979971614,True
NF-CSE-CIC-IDS2018-v2__multiclass__sage__seed11,NF-CSE-CIC-IDS2018-v2,multiclass,sage,11,1,2,4038,2,0.2804876938277837,0.3414513170719147,0.6537932131889551,3309568,808,27.32620893701096,1.975851066003088,True
NF-CSE-CIC-IDS2018-v2__multiclass__sage__seed11,NF-CSE-CIC-IDS2018-v2,multiclass,sage,11,2,2,4846,2,0.29167493383888854,0.3535018861293793,0.7098428692864207,3309568,808,24.65013416201691,1.960799019987462,True
NF-CSE-CIC-IDS2018-v2__multiclass__sage__seed11,NF-CSE-CIC-IDS2018-v2,multiclass,sage,11,3,2,5654,2,0.2779587015214533,0.3620220124721527,0.6408037670730721,3309568,808,26.236149998992914,1.969697633991018,True
NF-CSE-CIC-IDS2018-v2__multiclass__sage__seed11,NF-CSE-CIC-IDS2018-v2,multiclass,sage,11,4,2,6460,2,0.3134001725579744,0.3912813067436218,0.6582834459930321,3298480,806,28.251144148001913,1.9707404910004698,True
NF-CSE-CIC-IDS2018-v2__multiclass__sage__seed22,NF-CSE-CIC-IDS2018-v2,multiclass,sage,22,0,1,3230,1,0.3351073803065212,0.36301007866859436,0.6525225110199934,13227184,3230,113.21739105900633,2.0274067590071354,True
NF-CSE-CIC-IDS2018-v2__multiclass__sage__seed22,NF-CSE-CIC-IDS2018-v2,multiclass,sage,22,1,2,4038,2,0.29948759832336463,0.36461740732192993,0.5967281641980903,3309568,808,28.10119484801544,2.009504402987659,True
NF-CSE-CIC-IDS2018-v2__multiclass__sage__seed22,NF-CSE-CIC-IDS2018-v2,multiclass,sage,22,2,2,4846,2,0.29089591108115004,0.48339492082595825,0.6135892247463398,3309568,808,26.99304438600666,1.9638520200096536,True
NF-CSE-CIC-IDS2018-v2__multiclass__sage__seed22,NF-CSE-CIC-IDS2018-v2,multiclass,sage,22,3,2,5654,2,0.2697956958638117,0.3770720958709717,0.5808619871252364,3309568,808,27.398631572985323,2.01064947899431,True
NF-CSE-CIC-IDS2018-v2__multiclass__sage__seed22,NF-CSE-CIC-IDS2018-v2,multiclass,sage,22,4,2,6460,2,0.29809234949801766,0.42130184173583984,0.6003220483728297,3298480,806,26.64476445800392,1.9992060139775276,True
NF-CSE-CIC-IDS2018-v2__multiclass__sage__seed33,NF-CSE-CIC-IDS2018-v2,multiclass,sage,33,0,1,3230,1,0.3410935511302731,0.40205827355384827,0.573950908211107,13227184,3230,118.17986930097686,2.06889635900734,True
NF-CSE-CIC-IDS2018-v2__multiclass__sage__seed33,NF-CSE-CIC-IDS2018-v2,multiclass,sage,33,1,2,4038,2,0.2855157225881473,0.33841952681541443,0.6055010875186985,3309568,808,29.62751578199095,2.0987342029984575,True
NF-CSE-CIC-IDS2018-v2__multiclass__sage__seed33,NF-CSE-CIC-IDS2018-v2,multiclass,sage,33,2,2,4846,2,0.288603347569409,0.4852105677127838,0.7094708565346768,3309568,808,27.696248989988817,2.0061917179846205,True
NF-CSE-CIC-IDS2018-v2__multiclass__sage__seed33,NF-CSE-CIC-IDS2018-v2,multiclass,sage,33,3,2,5654,2,0.2746677098537583,0.45462894439697266,0.6376401521246444,3309568,808,27.906940735992976,2.0143899690010585,True
NF-CSE-CIC-IDS2018-v2__multiclass__sage__seed33,NF-CSE-CIC-IDS2018-v2,multiclass,sage,33,4,2,6460,2,0.31385647809432315,0.6174399256706238,0.46573190955123317,3298480,806,29.142021769017447,2.0455011900048703,True
NF-CSE-CIC-IDS2018-v2__multiclass__sage__seed44,NF-CSE-CIC-IDS2018-v2,multiclass,sage,44,0,1,3230,1,0.3440803296774638,0.37830138206481934,0.6534211199315569,13227184,3230,103.34503311899607,2.2137653259997023,True
NF-CSE-CIC-IDS2018-v2__multiclass__sage__seed44,NF-CSE-CIC-IDS2018-v2,multiclass,sage,44,1,2,4038,2,0.2987376844491994,0.38609766960144043,0.6001769570756238,3309568,808,24.868833835003898,2.170097018009983,True
NF-CSE-CIC-IDS2018-v2__multiclass__sage__seed44,NF-CSE-CIC-IDS2018-v2,multiclass,sage,44,2,2,4846,2,0.28554754141755034,0.39728546142578125,0.578699547836835,3309568,808,24.006748733998393,2.1371735550055746,True
NF-CSE-CIC-IDS2018-v2__multiclass__sage__seed44,NF-CSE-CIC-IDS2018-v2,multiclass,sage,44,3,2,5654,2,0.26951673139107996,0.34130218625068665,0.6118619047507582,3309568,808,24.153334692004137,2.113483838009415,True
NF-CSE-CIC-IDS2018-v2__multiclass__sage__seed44,NF-CSE-CIC-IDS2018-v2,multiclass,sage,44,4,2,6460,2,0.2873340655228546,0.3693693280220032,0.6292062238963403,3298480,806,25.134539168997435,2.102269194991095,True
NF-CSE-CIC-IDS2018-v2__multiclass__sage__seed55,NF-CSE-CIC-IDS2018-v2,multiclass,sage,55,0,1,3230,1,0.31740268067234434,0.3886669874191284,0.6379053711864197,13227184,3230,102.8200076619978,2.195887872003368,True
NF-CSE-CIC-IDS2018-v2__multiclass__sage__seed55,NF-CSE-CIC-IDS2018-v2,multiclass,sage,55,1,2,4038,2,0.28820775843935437,0.8241469860076904,0.6659329144600286,3309568,808,24.901594105002005,2.093183399992995,True
NF-CSE-CIC-IDS2018-v2__multiclass__sage__seed55,NF-CSE-CIC-IDS2018-v2,multiclass,sage,55,2,2,4846,2,0.27373245614811337,0.39679187536239624,0.6644953643015062,3309568,808,23.988519939011894,2.1147692819940858,True
NF-CSE-CIC-IDS2018-v2__multiclass__sage__seed55,NF-CSE-CIC-IDS2018-v2,multiclass,sage,55,3,2,5654,2,0.3224698719153605,0.39690491557121277,0.6251853335423021,3309568,808,24.127897831000155,2.120967417009524,True
NF-CSE-CIC-IDS2018-v2__multiclass__sage__seed55,NF-CSE-CIC-IDS2018-v2,multiclass,sage,55,4,2,6460,2,0.2877306867685508,0.41639256477355957,0.7000755946536193,3298480,806,24.905107794998912,2.10611118999077,True
NF-CSE-CIC-IDS2018-v2__multiclass__sage_edge__seed11,NF-CSE-CIC-IDS2018-v2,multiclass,sage_edge,11,0,1,3230,1,0.3333511789551517,0.36723223328590393,0.6761892329465373,13227184,3230,119.36097211399465,2.1066800840198994,True
NF-CSE-CIC-IDS2018-v2__multiclass__sage_edge__seed11,NF-CSE-CIC-IDS2018-v2,multiclass,sage_edge,11,1,2,4038,2,0.29722304040990255,0.3746111989021301,0.6392445202390781,3309568,808,29.730836513015674,2.010422250983538,True
NF-CSE-CIC-IDS2018-v2__multiclass__sage_edge__seed11,NF-CSE-CIC-IDS2018-v2,multiclass,sage_edge,11,2,2,4846,2,0.2906970548821558,0.4083060026168823,0.598728340726068,3309568,808,27.18814414300141,2.0462897889956366,True
NF-CSE-CIC-IDS2018-v2__multiclass__sage_edge__seed11,NF-CSE-CIC-IDS2018-v2,multiclass,sage_edge,11,3,2,5654,2,0.28797662769914556,0.3477545380592346,0.6356703107571819,3309568,808,26.993314717023168,2.0604584619868547,True
NF-CSE-CIC-IDS2018-v2__multiclass__sage_edge__seed11,NF-CSE-CIC-IDS2018-v2,multiclass,sage_edge,11,4,2,6460,2,0.28962294548509226,0.33938494324684143,0.6533674991257339,3298480,806,28.88260234997142,2.077130385005148,True
NF-CSE-CIC-IDS2018-v2__multiclass__sage_edge__seed22,NF-CSE-CIC-IDS2018-v2,multiclass,sage_edge,22,0,1,3230,1,0.3353122460312006,0.33457767963409424,0.6614004740679512,13227184,3230,117.00554812297923,2.098223054985283,True
NF-CSE-CIC-IDS2018-v2__multiclass__sage_edge__seed22,NF-CSE-CIC-IDS2018-v2,multiclass,sage_edge,22,1,2,4038,2,0.2811863345398319,0.3474540412425995,0.6781065285047365,3309568,808,28.530117464979412,2.0631670150032733,True
NF-CSE-CIC-IDS2018-v2__multiclass__sage_edge__seed22,NF-CSE-CIC-IDS2018-v2,multiclass,sage_edge,22,2,2,4846,2,0.2867971399503917,0.33344772458076477,0.6269110275353686,3309568,808,28.026183535985183,2.1271915159886703,True
NF-CSE-CIC-IDS2018-v2__multiclass__sage_edge__seed22,NF-CSE-CIC-IDS2018-v2,multiclass,sage_edge,22,3,2,5654,2,0.3119305927435508,0.39688098430633545,0.6557374004899162,3309568,808,27.805723608995322,2.109446561022196,True
NF-CSE-CIC-IDS2018-v2__multiclass__sage_edge__seed22,NF-CSE-CIC-IDS2018-v2,multiclass,sage_edge,22,4,2,6460,2,0.31987168480514316,0.4148623049259186,0.5381556322455633,3298480,806,29.433007225976326,2.07577087401296,True
NF-CSE-CIC-IDS2018-v2__multiclass__sage_edge__seed33,NF-CSE-CIC-IDS2018-v2,multiclass,sage_edge,33,0,1,3230,1,0.3356173697236996,0.3996141850948334,0.6558649704009005,13227184,3230,118.1280612879782,2.144383104983717,True
NF-CSE-CIC-IDS2018-v2__multiclass__sage_edge__seed33,NF-CSE-CIC-IDS2018-v2,multiclass,sage_edge,33,1,2,4038,2,0.35408252374370497,0.4639538526535034,0.6595480002483366,3309568,808,28.725124207005138,2.0089964030194096,True
NF-CSE-CIC-IDS2018-v2__multiclass__sage_edge__seed33,NF-CSE-CIC-IDS2018-v2,multiclass,sage_edge,33,2,2,4846,2,0.3182036686264495,0.3905363380908966,0.6529717786011151,3309568,808,27.7711321139941,2.1377342969935853,True
NF-CSE-CIC-IDS2018-v2__multiclass__sage_edge__seed33,NF-CSE-CIC-IDS2018-v2,multiclass,sage_edge,33,3,2,5654,2,0.3112174816392731,0.4182983636856079,0.6534446438613603,3309568,808,27.98445581100532,2.1092453630117234,True
NF-CSE-CIC-IDS2018-v2__multiclass__sage_edge__seed33,NF-CSE-CIC-IDS2018-v2,multiclass,sage_edge,33,4,2,6460,2,0.3224529585242488,0.4921916127204895,0.5936678764170954,3298480,806,29.455177058000118,2.044167569023557,True
NF-CSE-CIC-IDS2018-v2__multiclass__sage_edge__seed44,NF-CSE-CIC-IDS2018-v2,multiclass,sage_edge,44,0,1,3230,1,0.3303788074781903,0.3623778820037842,0.6543079198558639,13227184,3230,102.46676771399507,2.269489815007546,True
NF-CSE-CIC-IDS2018-v2__multiclass__sage_edge__seed44,NF-CSE-CIC-IDS2018-v2,multiclass,sage_edge,44,1,2,4038,2,0.29086687052530225,0.4282431900501251,0.6728568081884959,3309568,808,24.800304033997236,2.1457477810035925,True
NF-CSE-CIC-IDS2018-v2__multiclass__sage_edge__seed44,NF-CSE-CIC-IDS2018-v2,multiclass,sage_edge,44,2,2,4846,2,0.2879519672271344,0.38620373606681824,0.6611665262190689,3309568,808,23.494014801995945,2.166988359997049,True
NF-CSE-CIC-IDS2018-v2__multiclass__sage_edge__seed44,NF-CSE-CIC-IDS2018-v2,multiclass,sage_edge,44,3,2,5654,2,0.2816200636530129,0.3380786180496216,0.6022464584744244,3309568,808,24.257876675997977,2.2049759479996283,True
NF-CSE-CIC-IDS2018-v2__multiclass__sage_edge__seed44,NF-CSE-CIC-IDS2018-v2,multiclass,sage_edge,44,4,2,6460,2,0.2988063058385981,0.375385046005249,0.65194313308538,3298480,806,24.683260111007257,2.1737733549962286,True
NF-CSE-CIC-IDS2018-v2__multiclass__sage_edge__seed55,NF-CSE-CIC-IDS2018-v2,multiclass,sage_edge,55,0,1,3230,1,0.3290974701688371,0.34788912534713745,0.5946591027081993,13227184,3230,102.30014190600195,2.3126551659952383,True
NF-CSE-CIC-IDS2018-v2__multiclass__sage_edge__seed55,NF-CSE-CIC-IDS2018-v2,multiclass,sage_edge,55,1,2,4038,2,0.2974352951963792,0.5083723664283752,0.7018118668025635,3309568,808,25.13649278500816,2.202435608007363,True
NF-CSE-CIC-IDS2018-v2__multiclass__sage_edge__seed55,NF-CSE-CIC-IDS2018-v2,multiclass,sage_edge,55,2,2,4846,2,0.2994679315937775,0.42074674367904663,0.5965028209509671,3309568,808,24.395955517000402,2.216054072006955,True
NF-CSE-CIC-IDS2018-v2__multiclass__sage_edge__seed55,NF-CSE-CIC-IDS2018-v2,multiclass,sage_edge,55,3,2,5654,2,0.30300023584709607,0.35988184809684753,0.653589898278719,3309568,808,24.37707379499625,2.187498935003532,True
NF-CSE-CIC-IDS2018-v2__multiclass__sage_edge__seed55,NF-CSE-CIC-IDS2018-v2,multiclass,sage_edge,55,4,2,6460,2,0.29046535355093084,0.3770800530910492,0.6026174084288531,3298480,806,25.255448804993648,2.1842015069996705,True
NF-ToN-IoT-v2__binary__edge_mlp__seed11,NF-ToN-IoT-v2,binary,edge_mlp,11,0,1,2896,1,0.1675928254125838,0.09171560406684875,0.9678083379758868,11861039,2896,62.51419444597559,0.5100990250066388,True
NF-ToN-IoT-v2__binary__edge_mlp__seed11,NF-ToN-IoT-v2,binary,edge_mlp,11,1,2,3620,2,0.0983803460055458,0.08773764967918396,0.9691661946463064,2965504,724,17.69726479201927,0.42572523100534454,True
NF-ToN-IoT-v2__binary__edge_mlp__seed11,NF-ToN-IoT-v2,binary,edge_mlp,11,2,2,4344,2,0.09445181652615413,0.0841362327337265,0.9704309403715147,2965504,724,16.11912133701844,0.4270649669924751,True
NF-ToN-IoT-v2__binary__edge_mlp__seed11,NF-ToN-IoT-v2,binary,edge_mlp,11,3,2,5068,2,0.09041937612491088,0.08272042125463486,0.9706936980200532,2965504,724,18.025719553988893,0.4563223069999367,True
NF-ToN-IoT-v2__binary__edge_mlp__seed11,NF-ToN-IoT-v2,binary,edge_mlp,11,4,2,5792,2,0.08788747422065396,0.07969871163368225,0.9702158088160112,2964527,724,19.010363616020186,0.3911374580056872,True
NF-ToN-IoT-v2__binary__edge_mlp__seed22,NF-ToN-IoT-v2,binary,edge_mlp,22,0,1,2896,1,0.170162387272804,0.09300839155912399,0.9685225856953354,11861039,2896,69.695125430997,0.5314749940007459,True
NF-ToN-IoT-v2__binary__edge_mlp__seed22,NF-ToN-IoT-v2,binary,edge_mlp,22,1,2,3620,2,0.10037343978923,0.08811942487955093,0.9684199591231479,2965504,724,17.959051368001383,0.4093574250000529,True
NF-ToN-IoT-v2__binary__edge_mlp__seed22,NF-ToN-IoT-v2,binary,edge_mlp,22,2,2,4344,2,0.09436560162852482,0.08458949625492096,0.9697505200617857,2965504,724,16.765438840986462,0.4138668770028744,True
NF-ToN-IoT-v2__binary__edge_mlp__seed22,NF-ToN-IoT-v2,binary,edge_mlp,22,3,2,5068,2,0.09124793508475985,0.08138444274663925,0.9706215352771375,2965504,724,17.77673182799481,0.4955514979956206,True
NF-ToN-IoT-v2__binary__edge_mlp__seed22,NF-ToN-IoT-v2,binary,edge_mlp,22,4,2,5792,2,0.08672378233435603,0.07885706424713135,0.9705950163413604,2964527,724,19.023736923991237,0.49697770600323565,True
NF-ToN-IoT-v2__binary__edge_mlp__seed33,NF-ToN-IoT-v2,binary,edge_mlp,33,0,1,2896,1,0.1641422739273366,0.09186743944883347,0.9677600126711332,11861039,2896,74.24464023998007,0.4503822679980658,True
NF-ToN-IoT-v2__binary__edge_mlp__seed33,NF-ToN-IoT-v2,binary,edge_mlp,33,1,2,3620,2,0.0980097482402845,0.08668627589941025,0.9696678855287821,2965504,724,21.785040195012698,0.4667670810013078,True
NF-ToN-IoT-v2__binary__edge_mlp__seed33,NF-ToN-IoT-v2,binary,edge_mlp,33,2,2,4344,2,0.09302790284938904,0.08314817398786545,0.9704080783170663,2965504,724,19.442788156011375,0.4345796429843176,True
NF-ToN-IoT-v2__binary__edge_mlp__seed33,NF-ToN-IoT-v2,binary,edge_mlp,33,3,2,5068,2,0.08903664167332385,0.08105208724737167,0.9704132371713877,2965504,724,21.813130568014458,0.47051374497823417,True
NF-ToN-IoT-v2__binary__edge_mlp__seed33,NF-ToN-IoT-v2,binary,edge_mlp,33,4,2,5792,2,0.0869842036922946,0.07768083363771439,0.971621032460084,2964527,724,19.88740138700814,0.42003196699079126,True
NF-ToN-IoT-v2__binary__edge_mlp__seed44,NF-ToN-IoT-v2,binary,edge_mlp,44,0,1,2896,1,0.16460518171856423,0.09292174875736237,0.967710144457079,11861039,2896,59.94703097100137,0.4108460860006744,True
NF-ToN-IoT-v2__binary__edge_mlp__seed44,NF-ToN-IoT-v2,binary,edge_mlp,44,1,2,3620,2,0.0997190163342169,0.08823130279779434,0.9692960404730108,2965504,724,17.222519653994823,0.37401105198659934,True
NF-ToN-IoT-v2__binary__edge_mlp__seed44,NF-ToN-IoT-v2,binary,edge_mlp,44,2,2,4344,2,0.0947418374354174,0.08467329293489456,0.969184919990471,2965504,724,16.785928633995354,0.3802756860095542,True
NF-ToN-IoT-v2__binary__edge_mlp__seed44,NF-ToN-IoT-v2,binary,edge_mlp,44,3,2,5068,2,0.09000113800950142,0.08113662898540497,0.9711047473756258,2965504,724,16.18879799899878,0.384262863008189,True
NF-ToN-IoT-v2__binary__edge_mlp__seed44,NF-ToN-IoT-v2,binary,edge_mlp,44,4,2,5792,2,0.08678978543980793,0.07870107144117355,0.9711977013000375,2964527,724,17.275574887011317,0.344535120006185,True
NF-ToN-IoT-v2__binary__edge_mlp__seed55,NF-ToN-IoT-v2,binary,edge_mlp,55,0,1,2896,1,0.16265920444230655,0.09094679355621338,0.9675607263920796,11861039,2896,58.58507118400303,0.41215923299023416,True
NF-ToN-IoT-v2__binary__edge_mlp__seed55,NF-ToN-IoT-v2,binary,edge_mlp,55,1,2,3620,2,0.09741372489550496,0.08689634501934052,0.968542488283856,2965504,724,16.207521988995722,0.37621362699428573,True
NF-ToN-IoT-v2__binary__edge_mlp__seed55,NF-ToN-IoT-v2,binary,edge_mlp,55,2,2,4344,2,0.09249862182617846,0.08323189616203308,0.9697200919594103,2965504,724,15.725062663987046,0.37995113201031927,True
NF-ToN-IoT-v2__binary__edge_mlp__seed55,NF-ToN-IoT-v2,binary,edge_mlp,55,3,2,5068,2,0.08947779341132601,0.0803741067647934,0.9695908686614034,2965504,724,15.47822577500483,0.37831514299614355,True
NF-ToN-IoT-v2__binary__edge_mlp__seed55,NF-ToN-IoT-v2,binary,edge_mlp,55,4,2,5792,2,0.08663046896921758,0.07891764491796494,0.9703264393918596,2964527,724,16.78036695899209,0.3452371979947202,True
NF-ToN-IoT-v2__binary__sage__seed11,NF-ToN-IoT-v2,binary,sage,11,0,1,2896,1,0.09480290151338808,0.1233305037021637,0.9434187140188655,11861039,2896,226.02351250100764,1.0023983949795365,True
NF-ToN-IoT-v2__binary__sage__seed11,NF-ToN-IoT-v2,binary,sage,11,1,2,3620,2,0.15763941782305418,0.0830877497792244,0.968523435405569,2965504,724,54.38871303800261,0.830774846021086,True
NF-ToN-IoT-v2__binary__sage__seed11,NF-ToN-IoT-v2,binary,sage,11,2,2,4344,2,0.07352623031140197,0.07605455815792084,0.9710088764694458,2965504,724,53.28454870299902,0.830768273997819,True
NF-ToN-IoT-v2__binary__sage__seed11,NF-ToN-IoT-v2,binary,sage,11,3,2,5068,2,0.06710477141426742,0.07240895926952362,0.9713839891696445,2965504,724,53.9658021129726,0.8308421809924766,True
NF-ToN-IoT-v2__binary__sage__seed11,NF-ToN-IoT-v2,binary,sage,11,4,2,5792,2,0.06406186322635818,0.07086746394634247,0.9716440491788618,2964527,724,55.79461391901714,0.8284274650213774,True
NF-ToN-IoT-v2__binary__sage__seed22,NF-ToN-IoT-v2,binary,sage,22,0,1,2896,1,0.09368021376849588,0.06637374311685562,0.9728651042945464,11861039,2896,223.51060745099676,0.8659595899807755,True
NF-ToN-IoT-v2__binary__sage__seed22,NF-ToN-IoT-v2,binary,sage,22,1,2,3620,2,0.062264745452991835,0.07069524377584457,0.9722419180497861,2965504,724,54.860397916985676,0.8280218990112189,True
NF-ToN-IoT-v2__binary__sage__seed22,NF-ToN-IoT-v2,binary,sage,22,2,2,4344,2,0.08393200862000166,0.06820192188024521,0.973203241067009,2965504,724,53.97177383702365,0.8207071269862354,True
NF-ToN-IoT-v2__binary__sage__seed22,NF-ToN-IoT-v2,binary,sage,22,3,2,5068,2,0.06620464645820098,0.06502092629671097,0.9746462302894737,2965504,724,53.85539214097662,0.8306027810031082,True
NF-ToN-IoT-v2__binary__sage__seed22,NF-ToN-IoT-v2,binary,sage,22,4,2,5792,2,0.061961181681119276,0.06709720194339752,0.9736605321730258,2964527,724,55.119713598978706,0.8596876469964627,True
NF-ToN-IoT-v2__binary__sage__seed33,NF-ToN-IoT-v2,binary,sage,33,0,1,2896,1,0.09973168780576443,0.07071111351251602,0.9720094704103597,11861039,2896,259.70791892899433,0.8607677270192653,True
NF-ToN-IoT-v2__binary__sage__seed33,NF-ToN-IoT-v2,binary,sage,33,1,2,3620,2,0.06237812486389724,0.09301261603832245,0.9597188918520965,2965504,724,53.8248739260016,0.8219792659801897,True
NF-ToN-IoT-v2__binary__sage__seed33,NF-ToN-IoT-v2,binary,sage,33,2,2,4344,2,0.05958892698837084,0.0716390535235405,0.969017387943592,2965504,724,51.92371540601016,0.8204908539773896,True
NF-ToN-IoT-v2__binary__sage__seed33,NF-ToN-IoT-v2,binary,sage,33,3,2,5068,2,0.057754493833040994,0.0610177107155323,0.9743784032643827,2965504,724,52.27541313401889,0.8363004830025602,True
NF-ToN-IoT-v2__binary__sage__seed33,NF-ToN-IoT-v2,binary,sage,33,4,2,5792,2,0.05608338323976177,0.06341838836669922,0.9714128510715532,2964527,724,54.24383477799711,0.8199063020001631,True
NF-ToN-IoT-v2__binary__sage__seed44,NF-ToN-IoT-v2,binary,sage,44,0,1,2896,1,0.08895687709409986,0.0612819604575634,0.975534638925185,11861039,2896,208.33948700399196,1.0324050119961612,True
NF-ToN-IoT-v2__binary__sage__seed44,NF-ToN-IoT-v2,binary,sage,44,1,2,3620,2,0.05902277190464636,0.0726265236735344,0.96722682982498,2965504,724,51.47357072800514,0.9826301979919663,True
NF-ToN-IoT-v2__binary__sage__seed44,NF-ToN-IoT-v2,binary,sage,44,2,2,4344,2,0.06367550479011476,0.061999838799238205,0.9743821091771767,2965504,724,50.284592444004375,0.9694807209889404,True
NF-ToN-IoT-v2__binary__sage__seed44,NF-ToN-IoT-v2,binary,sage,44,3,2,5068,2,0.055734975119404374,0.058574095368385315,0.9766041241319712,2965504,724,50.27464817700093,0.9705036320083309,True
NF-ToN-IoT-v2__binary__sage__seed44,NF-ToN-IoT-v2,binary,sage,44,4,2,5792,2,0.07701968430885037,0.06881426274776459,0.9689836310982535,2964527,724,51.429188269001315,0.9693280279898318,True
NF-ToN-IoT-v2__binary__sage__seed55,NF-ToN-IoT-v2,binary,sage,55,0,1,2896,1,0.09388557726538801,0.07223300635814667,0.9692124095937742,11861039,2896,207.80831265699817,1.0385440270038089,True
NF-ToN-IoT-v2__binary__sage__seed55,NF-ToN-IoT-v2,binary,sage,55,1,2,3620,2,0.061201875262703355,0.07281927764415741,0.9686541674951843,2965504,724,51.34046359799686,0.9744462640082929,True
NF-ToN-IoT-v2__binary__sage__seed55,NF-ToN-IoT-v2,binary,sage,55,2,2,4344,2,0.0579953640236298,0.06355064362287521,0.9748114989772005,2965504,724,50.33158399100648,0.9778313600108959,True
NF-ToN-IoT-v2__binary__sage__seed55,NF-ToN-IoT-v2,binary,sage,55,3,2,5068,2,0.08232857717602457,0.06771477311849594,0.9744454281256524,2965504,724,50.38098290200287,0.9678028769994853,True
NF-ToN-IoT-v2__binary__sage__seed55,NF-ToN-IoT-v2,binary,sage,55,4,2,5792,2,0.06027017347215868,0.0659143328666687,0.9731900306671252,2964527,724,51.399206321002566,0.9675545799982501,True
NF-ToN-IoT-v2__binary__sage_edge__seed11,NF-ToN-IoT-v2,binary,sage_edge,11,0,1,2896,1,0.08814718577480841,0.06329093128442764,0.9762623675647052,11861039,2896,219.61468231500476,0.929735318000894,True
NF-ToN-IoT-v2__binary__sage_edge__seed11,NF-ToN-IoT-v2,binary,sage_edge,11,1,2,3620,2,0.055223121657679425,0.06281836330890656,0.9754399711941601,2965504,724,53.96701260699774,0.8434293850150425,True
NF-ToN-IoT-v2__binary__sage_edge__seed11,NF-ToN-IoT-v2,binary,sage_edge,11,2,2,4344,2,0.055209080297602804,0.0669616162776947,0.9716654632014322,2965504,724,53.21431539699552,0.8461544610036071,True
NF-ToN-IoT-v2__binary__sage_edge__seed11,NF-ToN-IoT-v2,binary,sage_edge,11,3,2,5068,2,0.05227509160520952,0.058485206216573715,0.9780756152952641,2965504,724,53.23325298499549,0.8496908780070953,True
NF-ToN-IoT-v2__binary__sage_edge__seed11,NF-ToN-IoT-v2,binary,sage_edge,11,4,2,5792,2,0.06612229006746227,0.21744489669799805,0.8891993007533625,2964527,724,53.92970281498856,0.8486891400243621,True
NF-ToN-IoT-v2__binary__sage_edge__seed22,NF-ToN-IoT-v2,binary,sage_edge,22,0,1,2896,1,0.08975640258207514,0.06191105768084526,0.9777311286724764,11861039,2896,220.46011978501338,0.9037571049993858,True
NF-ToN-IoT-v2__binary__sage_edge__seed22,NF-ToN-IoT-v2,binary,sage_edge,22,1,2,3620,2,0.05790957534243224,0.05765661224722862,0.9779834620749694,2965504,724,54.210718053014716,0.8538320529914927,True
NF-ToN-IoT-v2__binary__sage_edge__seed22,NF-ToN-IoT-v2,binary,sage_edge,22,2,2,4344,2,0.08936499548530545,0.06805277615785599,0.9757545260920633,2965504,724,53.38542675899225,0.8488736369763501,True
NF-ToN-IoT-v2__binary__sage_edge__seed22,NF-ToN-IoT-v2,binary,sage_edge,22,3,2,5068,2,0.05862992223949064,0.06346897780895233,0.9754577212128307,2965504,724,53.4027567509911,0.8483130849781446,True
NF-ToN-IoT-v2__binary__sage_edge__seed22,NF-ToN-IoT-v2,binary,sage_edge,22,4,2,5792,2,0.054474686384454185,0.06319622695446014,0.9743995229095082,2964527,724,54.385826098994585,0.8355267310107592,True
NF-ToN-IoT-v2__binary__sage_edge__seed33,NF-ToN-IoT-v2,binary,sage_edge,33,0,1,2896,1,0.09147153469292506,0.06824236363172531,0.9703804230870541,11861039,2896,217.16038455901435,0.8826507710036822,True
NF-ToN-IoT-v2__binary__sage_edge__seed33,NF-ToN-IoT-v2,binary,sage_edge,33,1,2,3620,2,0.057196201952122855,0.07090627402067184,0.9693691121103898,2965504,724,53.917573475977406,0.8500068350112997,True
NF-ToN-IoT-v2__binary__sage_edge__seed33,NF-ToN-IoT-v2,binary,sage_edge,33,2,2,4344,2,0.05426732594281106,0.07048062980175018,0.9716918811411093,2965504,724,53.379970776004484,0.8423646989976987,True
NF-ToN-IoT-v2__binary__sage_edge__seed33,NF-ToN-IoT-v2,binary,sage_edge,33,3,2,5068,2,0.05184708972518121,0.05966721475124359,0.9773922996836085,2965504,724,52.853921883011935,0.8579834830015898,True
NF-ToN-IoT-v2__binary__sage_edge__seed33,NF-ToN-IoT-v2,binary,sage_edge,33,4,2,5792,2,0.10018678619799395,0.07157351076602936,0.9731924748754268,2964527,724,54.57703028200194,0.8386155090120155,True
NF-ToN-IoT-v2__binary__sage_edge__seed44,NF-ToN-IoT-v2,binary,sage_edge,44,0,1,2896,1,0.08753422777839541,0.06239282339811325,0.9770317060930314,11861039,2896,207.55200425500516,1.0987940859922674,True
NF-ToN-IoT-v2__binary__sage_edge__seed44,NF-ToN-IoT-v2,binary,sage_edge,44,1,2,3620,2,0.055888713332335596,0.05989793688058853,0.9768018899064822,2965504,724,51.636284550011624,1.03748143199482,True
NF-ToN-IoT-v2__binary__sage_edge__seed44,NF-ToN-IoT-v2,binary,sage_edge,44,2,2,4344,2,0.0564591666446865,0.059272315353155136,0.9762810655622803,2965504,724,50.57508699300524,1.0328344820009079,True
NF-ToN-IoT-v2__binary__sage_edge__seed44,NF-ToN-IoT-v2,binary,sage_edge,44,3,2,5068,2,0.052274292525295064,0.06136249750852585,0.9760251515275663,2965504,724,50.551757305001956,1.0308308429957833,True
NF-ToN-IoT-v2__binary__sage_edge__seed44,NF-ToN-IoT-v2,binary,sage_edge,44,4,2,5792,2,0.10705185819009214,0.06663807481527328,0.9718674630274593,2964527,724,51.52770064199285,1.0447893560049124,True
NF-ToN-IoT-v2__binary__sage_edge__seed55,NF-ToN-IoT-v2,binary,sage_edge,55,0,1,2896,1,0.09299861494419104,0.07316500693559647,0.9727622587244911,11861039,2896,209.56466100800026,1.0916984159994172,True
NF-ToN-IoT-v2__binary__sage_edge__seed55,NF-ToN-IoT-v2,binary,sage_edge,55,1,2,3620,2,0.05834096881113329,0.06668811291456223,0.9717831100368546,2965504,724,51.642745114993886,1.0312939360010205,True
NF-ToN-IoT-v2__binary__sage_edge__seed55,NF-ToN-IoT-v2,binary,sage_edge,55,2,2,4344,2,0.054335024465101855,0.06024989113211632,0.9759907559807763,2965504,724,50.77556118700886,1.0409894120093668,True
NF-ToN-IoT-v2__binary__sage_edge__seed55,NF-ToN-IoT-v2,binary,sage_edge,55,3,2,5068,2,0.053032958802885444,0.05944850668311119,0.9757999860183303,2965504,724,50.9408807860018,1.0295654670044314,True
NF-ToN-IoT-v2__binary__sage_edge__seed55,NF-ToN-IoT-v2,binary,sage_edge,55,4,2,5792,2,0.0956965214872179,0.07278399169445038,0.9693315875617994,2964527,724,51.716165862002526,1.0360487489961088,True
NF-ToN-IoT-v2__multiclass__edge_mlp__seed11,NF-ToN-IoT-v2,multiclass,edge_mlp,11,0,1,2896,1,0.7099705110431623,0.5040411949157715,0.6490214947909133,11861039,2896,72.64906855399022,1.1385681179817766,True
NF-ToN-IoT-v2__multiclass__edge_mlp__seed11,NF-ToN-IoT-v2,multiclass,edge_mlp,11,1,2,3620,2,0.5229230877526557,0.4772055149078369,0.6711273746981187,2965504,724,20.05791858199518,0.7184765870042611,True
NF-ToN-IoT-v2__multiclass__edge_mlp__seed11,NF-ToN-IoT-v2,multiclass,edge_mlp,11,2,2,4344,2,0.5115927545487552,0.46717149019241333,0.6869024001632011,2965504,724,18.672096430003876,0.6964292100165039,True
NF-ToN-IoT-v2__multiclass__edge_mlp__seed11,NF-ToN-IoT-v2,multiclass,edge_mlp,11,3,2,5068,2,0.49056375080215336,0.43686771392822266,0.7030873689438664,2965504,724,19.038276609993773,0.6800081239780411,True
NF-ToN-IoT-v2__multiclass__edge_mlp__seed11,NF-ToN-IoT-v2,multiclass,edge_mlp,11,4,2,5792,2,0.461460276592442,0.43409284949302673,0.6991473435926142,2964527,724,19.734451525000622,0.7026240359991789,True
NF-ToN-IoT-v2__multiclass__edge_mlp__seed22,NF-ToN-IoT-v2,multiclass,edge_mlp,22,0,1,2896,1,0.6996161333810202,0.4983120262622833,0.6587688050876558,11861039,2896,67.75910451699747,0.638695761008421,True
NF-ToN-IoT-v2__multiclass__edge_mlp__seed22,NF-ToN-IoT-v2,multiclass,edge_mlp,22,1,2,3620,2,0.5156118425628098,0.4678003489971161,0.6537149123911326,2965504,724,20.50874504999956,0.5821111409750301,True
NF-ToN-IoT-v2__multiclass__edge_mlp__seed22,NF-ToN-IoT-v2,multiclass,edge_mlp,22,2,2,4344,2,0.5140565138166122,0.4500361680984497,0.6826731923041104,2965504,724,20.319628792989533,0.6528796780039556,True
NF-ToN-IoT-v2__multiclass__edge_mlp__seed22,NF-ToN-IoT-v2,multiclass,edge_mlp,22,3,2,5068,2,0.47681293282554954,0.4295732378959656,0.7054182966777403,2965504,724,20.970094660005998,0.6272483209904749,True
NF-ToN-IoT-v2__multiclass__edge_mlp__seed22,NF-ToN-IoT-v2,multiclass,edge_mlp,22,4,2,5792,2,0.46018401080990573,0.4299292266368866,0.7064831015671257,2964527,724,22.50776832801057,0.5711055209976621,True
NF-ToN-IoT-v2__multiclass__edge_mlp__seed33,NF-ToN-IoT-v2,multiclass,edge_mlp,33,0,1,2896,1,0.7015598748574211,0.4946115016937256,0.6537363977366214,11861039,2896,77.25337556100567,0.7353219510114286,True
NF-ToN-IoT-v2__multiclass__edge_mlp__seed33,NF-ToN-IoT-v2,multiclass,edge_mlp,33,1,2,3620,2,0.5164758817431676,0.47317954897880554,0.6625480380225861,2965504,724,21.227632505993824,0.7093643950065598,True
NF-ToN-IoT-v2__multiclass__edge_mlp__seed33,NF-ToN-IoT-v2,multiclass,edge_mlp,33,2,2,4344,2,0.5058033847100827,0.45064422488212585,0.6696655235157958,2965504,724,18.93153384499601,0.6441285829932895,True
NF-ToN-IoT-v2__multiclass__edge_mlp__seed33,NF-ToN-IoT-v2,multiclass,edge_mlp,33,3,2,5068,2,0.48331861031236567,0.43557363748550415,0.7041858025603963,2965504,724,19.101929168013157,0.6866305299918167,True
NF-ToN-IoT-v2__multiclass__edge_mlp__seed33,NF-ToN-IoT-v2,multiclass,edge_mlp,33,4,2,5792,2,0.4921005659150708,0.42808765172958374,0.6894445637692532,2964527,724,19.080741318000946,0.6869090409891214,True
NF-ToN-IoT-v2__multiclass__edge_mlp__seed44,NF-ToN-IoT-v2,multiclass,edge_mlp,44,0,1,2896,1,0.7098973353205937,0.5125183463096619,0.6450680310694814,11861039,2896,57.87356952899427,0.6868598550063325,True
NF-ToN-IoT-v2__multiclass__edge_mlp__seed44,NF-ToN-IoT-v2,multiclass,edge_mlp,44,1,2,3620,2,0.5277692779322356,0.4788079857826233,0.6600764640218422,2965504,724,16.513647330997628,0.5634642349905334,True
NF-ToN-IoT-v2__multiclass__edge_mlp__seed44,NF-ToN-IoT-v2,multiclass,edge_mlp,44,2,2,4344,2,0.5126378113475952,0.4519692361354828,0.6693969803600381,2965504,724,15.758103233005386,0.5754128630069317,True
NF-ToN-IoT-v2__multiclass__edge_mlp__seed44,NF-ToN-IoT-v2,multiclass,edge_mlp,44,3,2,5068,2,0.48199727168070017,0.4347827434539795,0.6993181029763387,2965504,724,16.28988011200272,0.5468039279949153,True
NF-ToN-IoT-v2__multiclass__edge_mlp__seed44,NF-ToN-IoT-v2,multiclass,edge_mlp,44,4,2,5792,2,0.4670174941068173,0.41999948024749756,0.6977217537068569,2964527,724,17.217962839000393,0.5478262940014247,True
NF-ToN-IoT-v2__multiclass__edge_mlp__seed55,NF-ToN-IoT-v2,multiclass,edge_mlp,55,0,1,2896,1,0.70622738114517,0.4997013211250305,0.6554040264174115,11861039,2896,50.95135150900751,0.669102150000981,True
NF-ToN-IoT-v2__multiclass__edge_mlp__seed55,NF-ToN-IoT-v2,multiclass,edge_mlp,55,1,2,3620,2,0.5184154183248788,0.4746691882610321,0.6826764682350906,2965504,724,16.16741556499619,0.5029128879978089,True
NF-ToN-IoT-v2__multiclass__edge_mlp__seed55,NF-ToN-IoT-v2,multiclass,edge_mlp,55,2,2,4344,2,0.502121228951117,0.44912415742874146,0.6873042467679374,2965504,724,14.389600955997594,0.500503490009578,True
NF-ToN-IoT-v2__multiclass__edge_mlp__seed55,NF-ToN-IoT-v2,multiclass,edge_mlp,55,3,2,5068,2,0.4704127149111,0.4322291612625122,0.7060400682398035,2965504,724,14.715204102991265,0.49888516899954993,True
NF-ToN-IoT-v2__multiclass__edge_mlp__seed55,NF-ToN-IoT-v2,multiclass,edge_mlp,55,4,2,5792,2,0.45967006196139104,0.4171209931373596,0.7098454336980876,2964527,724,17.9480201999977,0.46783038599824067,True
NF-ToN-IoT-v2__multiclass__sage__seed11,NF-ToN-IoT-v2,multiclass,sage,11,0,1,2896,1,0.43126792018557125,0.41621941328048706,0.7153980406759419,11861039,2896,218.553126489016,1.7777511570020579,True
NF-ToN-IoT-v2__multiclass__sage__seed11,NF-ToN-IoT-v2,multiclass,sage,11,1,2,3620,2,0.329726224590237,0.4433978497982025,0.7184907589037917,2965504,724,52.867598437005654,1.0826249249803368,True
NF-ToN-IoT-v2__multiclass__sage__seed11,NF-ToN-IoT-v2,multiclass,sage,11,2,2,4344,2,0.32609575914826183,0.4296289086341858,0.6819399597567543,2965504,724,52.72605916199973,1.0960602780105546,True
NF-ToN-IoT-v2__multiclass__sage__seed11,NF-ToN-IoT-v2,multiclass,sage,11,3,2,5068,2,0.32304084869050187,0.4265122711658478,0.6776603502699936,2965504,724,53.00116037699627,1.0923014369909652,True
NF-ToN-IoT-v2__multiclass__sage__seed11,NF-ToN-IoT-v2,multiclass,sage,11,4,2,5792,2,0.3205237007749676,0.43018871545791626,0.7199272714792099,2964527,724,54.84740067500388,1.0891654000151902,True
NF-ToN-IoT-v2__multiclass__sage__seed22,NF-ToN-IoT-v2,multiclass,sage,22,0,1,2896,1,0.43369864537044467,0.4526146948337555,0.6968818386826952,11861039,2896,219.04373896998004,1.1426699419971555,True
NF-ToN-IoT-v2__multiclass__sage__seed22,NF-ToN-IoT-v2,multiclass,sage,22,1,2,3620,2,0.32433828135221704,0.444738507270813,0.6825766815651877,2965504,724,53.56011066699284,1.0838375500170514,True
NF-ToN-IoT-v2__multiclass__sage__seed22,NF-ToN-IoT-v2,multiclass,sage,22,2,2,4344,2,0.3282642131105312,0.45693308115005493,0.6999130154194446,2965504,724,53.30245264599216,1.0893646519980393,True
NF-ToN-IoT-v2__multiclass__sage__seed22,NF-ToN-IoT-v2,multiclass,sage,22,3,2,5068,2,0.33131045584685237,0.5106263756752014,0.7040733998424864,2965504,724,52.816454768006224,1.0879624990047887,True
NF-ToN-IoT-v2__multiclass__sage__seed22,NF-ToN-IoT-v2,multiclass,sage,22,4,2,5792,2,0.31044177095511927,0.4475131630897522,0.699006914346576,2964527,724,54.24412868899526,1.0846643699915148,True
NF-ToN-IoT-v2__multiclass__sage__seed33,NF-ToN-IoT-v2,multiclass,sage,33,0,1,2896,1,0.43290571914096,0.5880146026611328,0.7160537637678959,11861039,2896,219.32440266601043,1.1195212680031545,True
NF-ToN-IoT-v2__multiclass__sage__seed33,NF-ToN-IoT-v2,multiclass,sage,33,1,2,3620,2,0.3400333416313756,0.4520014524459839,0.7150397600888955,2965504,724,53.09246571699623,1.0876417889958248,True
NF-ToN-IoT-v2__multiclass__sage__seed33,NF-ToN-IoT-v2,multiclass,sage,33,2,2,4344,2,0.3315606154295621,0.47058045864105225,0.6457029063573468,2965504,724,52.653894956980366,1.074567704985384,True
NF-ToN-IoT-v2__multiclass__sage__seed33,NF-ToN-IoT-v2,multiclass,sage,33,3,2,5068,2,0.32533033834307234,0.416664719581604,0.6885455880275727,2965504,724,53.28541479402338,1.0907697689835913,True
NF-ToN-IoT-v2__multiclass__sage__seed33,NF-ToN-IoT-v2,multiclass,sage,33,4,2,5792,2,0.30741267139124084,0.43651944398880005,0.6910975457659528,2964527,724,54.825672067992855,1.091958353004884,True
NF-ToN-IoT-v2__multiclass__sage__seed44,NF-ToN-IoT-v2,multiclass,sage,44,0,1,2896,1,0.42826532026600694,0.4792957007884979,0.7000992618430072,11861039,2896,207.99349626799813,1.2988086069963174,True
NF-ToN-IoT-v2__multiclass__sage__seed44,NF-ToN-IoT-v2,multiclass,sage,44,1,2,3620,2,0.32024309168780707,0.42796966433525085,0.7050444841749266,2965504,724,51.437811184994644,1.177823915000772,True
NF-ToN-IoT-v2__multiclass__sage__seed44,NF-ToN-IoT-v2,multiclass,sage,44,2,2,4344,2,0.33767741562500186,0.45163217186927795,0.7033919654250315,2965504,724,50.51113440300105,1.1607243359903805,True
NF-ToN-IoT-v2__multiclass__sage__seed44,NF-ToN-IoT-v2,multiclass,sage,44,3,2,5068,2,0.31052384472025035,0.4219352900981903,0.7242575682686833,2965504,724,50.48400644400681,1.1590684179973323,True
NF-ToN-IoT-v2__multiclass__sage__seed44,NF-ToN-IoT-v2,multiclass,sage,44,4,2,5792,2,0.31657185220765055,0.4511931240558624,0.6386154408472049,2964527,724,51.84724201601057,1.1608436750102555,True
NF-ToN-IoT-v2__multiclass__sage__seed55,NF-ToN-IoT-v2,multiclass,sage,55,0,1,2896,1,0.4287145790241127,0.46775564551353455,0.6739919705665547,11861039,2896,207.6989948630071,1.3016386679955758,True
NF-ToN-IoT-v2__multiclass__sage__seed55,NF-ToN-IoT-v2,multiclass,sage,55,1,2,3620,2,0.32708460158406044,0.46747368574142456,0.6930219167428627,2965504,724,51.825668682999094,1.1576448650012026,True
NF-ToN-IoT-v2__multiclass__sage__seed55,NF-ToN-IoT-v2,multiclass,sage,55,2,2,4344,2,0.32706741729329303,0.44546282291412354,0.690924038481425,2965504,724,50.69878203100234,1.1616405680106254,True
NF-ToN-IoT-v2__multiclass__sage__seed55,NF-ToN-IoT-v2,multiclass,sage,55,3,2,5068,2,0.31322425111963603,0.43797484040260315,0.7142784415211213,2965504,724,50.41512582699943,1.1569921880000038,True
NF-ToN-IoT-v2__multiclass__sage__seed55,NF-ToN-IoT-v2,multiclass,sage,55,4,2,5792,2,0.313670789071689,0.4325169026851654,0.7235089090929363,2964527,724,51.35602336000011,1.1603143870015629,True
NF-ToN-IoT-v2__multiclass__sage_edge__seed11,NF-ToN-IoT-v2,multiclass,sage_edge,11,0,1,2896,1,0.40902375829928006,0.4156266748905182,0.7367146637535266,11861039,2896,221.27290334101417,1.2014805770013481,True
NF-ToN-IoT-v2__multiclass__sage_edge__seed11,NF-ToN-IoT-v2,multiclass,sage_edge,11,1,2,3620,2,0.314943880069157,0.43402299284935,0.7150454500267763,2965504,724,54.822593568998855,1.1034604609885719,True
NF-ToN-IoT-v2__multiclass__sage_edge__seed11,NF-ToN-IoT-v2,multiclass,sage_edge,11,2,2,4344,2,0.29477178889908184,0.406794935464859,0.6878621410621143,2965504,724,53.72441009597969,1.0923707859765273,True
NF-ToN-IoT-v2__multiclass__sage_edge__seed11,NF-ToN-IoT-v2,multiclass,sage_edge,11,3,2,5068,2,0.2865188412615278,0.4110490083694458,0.712709151001703,2965504,724,53.45569981599692,1.0944220829987898,True
NF-ToN-IoT-v2__multiclass__sage_edge__seed11,NF-ToN-IoT-v2,multiclass,sage_edge,11,4,2,5792,2,0.2906416416777182,0.49058854579925537,0.7479975584017207,2964527,724,55.15159144901554,1.1419927670212928,True
NF-ToN-IoT-v2__multiclass__sage_edge__seed22,NF-ToN-IoT-v2,multiclass,sage_edge,22,0,1,2896,1,0.41283408205416017,0.43356940150260925,0.736698718521879,11861039,2896,222.99416907597333,1.1856835520011373,True
NF-ToN-IoT-v2__multiclass__sage_edge__seed22,NF-ToN-IoT-v2,multiclass,sage_edge,22,1,2,3620,2,0.29667681844606586,0.4198724925518036,0.7065104346618979,2965504,724,133.69353390601464,1.0994922620011494,True
NF-ToN-IoT-v2__multiclass__sage_edge__seed22,NF-ToN-IoT-v2,multiclass,sage_edge,22,2,2,4344,2,0.3063750699038993,0.4329167604446411,0.7026291322469277,2965504,724,53.51929886901053,1.087757019995479,True
NF-ToN-IoT-v2__multiclass__sage_edge__seed22,NF-ToN-IoT-v2,multiclass,sage_edge,22,3,2,5068,2,0.2885861290587905,0.42430904507637024,0.7264858118956218,2965504,724,53.4543878500117,1.1131970139977057,True
NF-ToN-IoT-v2__multiclass__sage_edge__seed22,NF-ToN-IoT-v2,multiclass,sage_edge,22,4,2,5792,2,0.27980174060613067,0.4240310788154602,0.7360154813458292,2964527,724,55.15314751002006,0.9893432169919834,True
NF-ToN-IoT-v2__multiclass__sage_edge__seed33,NF-ToN-IoT-v2,multiclass,sage_edge,33,0,1,2896,1,0.41142946889780857,0.5269754528999329,0.7179039464885439,11861039,2896,227.2824964650208,1.2045404330128804,True
NF-ToN-IoT-v2__multiclass__sage_edge__seed33,NF-ToN-IoT-v2,multiclass,sage_edge,33,1,2,3620,2,0.30272034568022627,0.41512492299079895,0.7110307159043435,2965504,724,55.54905379700358,1.1189516370068304,True
NF-ToN-IoT-v2__multiclass__sage_edge__seed33,NF-ToN-IoT-v2,multiclass,sage_edge,33,2,2,4344,2,0.292679270554478,0.5285629630088806,0.7284069427045836,2965504,724,54.35380377000547,1.0907397870032582,True
NF-ToN-IoT-v2__multiclass__sage_edge__seed33,NF-ToN-IoT-v2,multiclass,sage_edge,33,3,2,5068,2,0.29255529740074065,0.39792394638061523,0.7081281775577432,2965504,724,54.176665068021975,1.0855653960024938,True
NF-ToN-IoT-v2__multiclass__sage_edge__seed33,NF-ToN-IoT-v2,multiclass,sage_edge,33,4,2,5792,2,0.27535349440275764,0.43450552225112915,0.7375123165532658,2964527,724,55.90021769699524,1.083128297002986,True
NF-ToN-IoT-v2__multiclass__sage_edge__seed44,NF-ToN-IoT-v2,multiclass,sage_edge,44,0,1,2896,1,0.41018132456617457,0.47578325867652893,0.7006514503447369,11861039,2896,207.63288419200398,1.363728195996373,True
NF-ToN-IoT-v2__multiclass__sage_edge__seed44,NF-ToN-IoT-v2,multiclass,sage_edge,44,1,2,3620,2,0.29226641369294065,0.42699798941612244,0.7321279325854522,2965504,724,51.87388739800372,1.2204655359964818,True
NF-ToN-IoT-v2__multiclass__sage_edge__seed44,NF-ToN-IoT-v2,multiclass,sage_edge,44,2,2,4344,2,0.30369476782600524,0.4255381226539612,0.7234569948205674,2965504,724,50.81209047901211,1.2196617829904426,True
NF-ToN-IoT-v2__multiclass__sage_edge__seed44,NF-ToN-IoT-v2,multiclass,sage_edge,44,3,2,5068,2,0.28034967177892256,0.4070352017879486,0.7154929596589916,2965504,724,50.374906436001766,1.2304588650004007,True
NF-ToN-IoT-v2__multiclass__sage_edge__seed44,NF-ToN-IoT-v2,multiclass,sage_edge,44,4,2,5792,2,0.29359976446531094,0.4311929941177368,0.6690070367056351,2964527,724,51.69292432500515,1.2258717740041902,True
NF-ToN-IoT-v2__multiclass__sage_edge__seed55,NF-ToN-IoT-v2,multiclass,sage_edge,55,0,1,2896,1,0.40672933765076913,0.49401751160621643,0.6858601130190942,11861039,2896,207.74999306999962,1.3589688850042876,True
NF-ToN-IoT-v2__multiclass__sage_edge__seed55,NF-ToN-IoT-v2,multiclass,sage_edge,55,1,2,3620,2,0.2923874371988668,0.4228462874889374,0.7004972088499523,2965504,724,50.94035348999023,1.2207205629965756,True
NF-ToN-IoT-v2__multiclass__sage_edge__seed55,NF-ToN-IoT-v2,multiclass,sage_edge,55,2,2,4344,2,0.30319600432946536,0.4230187237262726,0.6828032851090587,2965504,724,50.3591125630046,1.221915579008055,True
NF-ToN-IoT-v2__multiclass__sage_edge__seed55,NF-ToN-IoT-v2,multiclass,sage_edge,55,3,2,5068,2,0.2868498054574866,0.4412047863006592,0.7257635222650617,2965504,724,50.59286375400552,1.2229626339976676,True
NF-ToN-IoT-v2__multiclass__sage_edge__seed55,NF-ToN-IoT-v2,multiclass,sage_edge,55,4,2,5792,2,0.28366203544993523,0.39648208022117615,0.7313176190897271,2964527,724,51.64538979600184,1.2229045790008968,True
NF-UNSW-NB15-v2__binary__edge_mlp__seed11,NF-UNSW-NB15-v2,binary,edge_mlp,11,0,1,409,1,0.10425379222554276,0.02942953072488308,0.9566328940491023,1673104,409,10.319457033998333,0.10606640699552372,True
NF-UNSW-NB15-v2__binary__edge_mlp__seed11,NF-UNSW-NB15-v2,binary,edge_mlp,11,1,3,909,3,0.02594236398662537,0.01872996799647808,0.9618297397769175,2045840,500,11.564464853989193,0.10867223198874854,True
NF-UNSW-NB15-v2__binary__edge_mlp__seed11,NF-UNSW-NB15-v2,binary,edge_mlp,11,2,4,1409,4,0.020330957838921606,0.01660967245697975,0.9659503049358689,2045840,500,11.625788179022493,0.10780514698126353,True
NF-UNSW-NB15-v2__binary__edge_mlp__seed11,NF-UNSW-NB15-v2,binary,edge_mlp,11,3,4,1500,4,0.01920061374267379,0.016216054558753967,0.9665701341970437,372736,91,2.1729515709739644,0.10777685799985193,True
NF-UNSW-NB15-v2__binary__edge_mlp__seed22,NF-UNSW-NB15-v2,binary,edge_mlp,22,0,1,409,1,0.09652350818228848,0.028055734932422638,0.9561510953237182,1673104,409,9.01648126199143,0.1060575410083402,True
NF-UNSW-NB15-v2__binary__edge_mlp__seed22,NF-UNSW-NB15-v2,binary,edge_mlp,22,1,3,909,3,0.025674781443382422,0.0179557166993618,0.9644545761446917,2045840,500,12.036625042004744,0.1131387900095433,True
NF-UNSW-NB15-v2__binary__edge_mlp__seed22,NF-UNSW-NB15-v2,binary,edge_mlp,22,2,4,1409,4,0.020553227879667256,0.016638800501823425,0.9661170353054463,2045840,500,13.261289485002635,0.0879928809881676,True
NF-UNSW-NB15-v2__binary__edge_mlp__seed22,NF-UNSW-NB15-v2,binary,edge_mlp,22,3,4,1500,4,0.018245022907689378,0.016167588531970978,0.9670479429069889,372736,91,2.546538320981199,0.10562839501653798,True
NF-UNSW-NB15-v2__binary__edge_mlp__seed33,NF-UNSW-NB15-v2,binary,edge_mlp,33,0,1,409,1,0.10197794243343797,0.028781697154045105,0.9562009236244867,1673104,409,9.900506667006994,0.10526658300659619,True
NF-UNSW-NB15-v2__binary__edge_mlp__seed33,NF-UNSW-NB15-v2,binary,edge_mlp,33,1,3,909,3,0.02593439120780511,0.018428541719913483,0.9631794217501025,2045840,500,11.418230051000137,0.09073986500152387,True
NF-UNSW-NB15-v2__binary__edge_mlp__seed33,NF-UNSW-NB15-v2,binary,edge_mlp,33,2,4,1409,4,0.021005351238866952,0.016734890639781952,0.9658106518135761,2045840,500,12.12738770400756,0.0861507499939762,True
NF-UNSW-NB15-v2__binary__edge_mlp__seed33,NF-UNSW-NB15-v2,binary,edge_mlp,33,3,4,1500,4,0.0196965526339117,0.01653389260172844,0.9660963581800972,372736,91,1.7578742259938736,0.08551586099201813,True
NF-UNSW-NB15-v2__binary__edge_mlp__seed44,NF-UNSW-NB15-v2,binary,edge_mlp,44,0,1,409,1,0.10875982982884516,0.031085796654224396,0.9560863332735952,1673104,409,5.7564259200007655,0.05749635200481862,True
NF-UNSW-NB15-v2__binary__edge_mlp__seed44,NF-UNSW-NB15-v2,binary,edge_mlp,44,1,3,909,3,0.02663032255468958,0.01889905333518982,0.9626416644031462,2045840,500,9.662371828992036,0.0796851759951096,True
NF-UNSW-NB15-v2__binary__edge_mlp__seed44,NF-UNSW-NB15-v2,binary,edge_mlp,44,2,4,1409,4,0.021708372969590998,0.01690896973013878,0.9660725371987242,2045840,500,9.173217924995697,0.08149633501307108,True
NF-UNSW-NB15-v2__binary__edge_mlp__seed44,NF-UNSW-NB15-v2,binary,edge_mlp,44,3,4,1500,4,0.01903895833171331,0.01633482426404953,0.9666895033439487,372736,91,1.6817207040003268,0.08599306899122894,True
NF-UNSW-NB15-v2__binary__edge_mlp__seed55,NF-UNSW-NB15-v2,binary,edge_mlp,55,0,1,409,1,0.0974294352046674,0.02864634245634079,0.9557846248150321,1673104,409,5.8885713670024415,0.058727438998175785,True
NF-UNSW-NB15-v2__binary__edge_mlp__seed55,NF-UNSW-NB15-v2,binary,edge_mlp,55,1,3,909,3,0.02558055355242025,0.018777789548039436,0.9616997203310713,2045840,500,9.326404231003835,0.07670447599957697,True
NF-UNSW-NB15-v2__binary__edge_mlp__seed55,NF-UNSW-NB15-v2,binary,edge_mlp,55,2,4,1409,4,0.02016995543217727,0.016554338857531548,0.9658074791139977,2045840,500,10.388739079993684,0.08138184899871703,True
NF-UNSW-NB15-v2__binary__edge_mlp__seed55,NF-UNSW-NB15-v2,binary,edge_mlp,55,3,4,1500,4,0.01881754101550841,0.016156986355781555,0.9666178752191907,372736,91,1.9144009179872228,0.09241174199269153,True
NF-UNSW-NB15-v2__binary__sage__seed11,NF-UNSW-NB15-v2,binary,sage,11,0,1,409,1,0.03216322375811245,0.01667921058833599,0.9687002868776626,1673104,409,10.55046106298687,0.11647152600926347,True
NF-UNSW-NB15-v2__binary__sage__seed11,NF-UNSW-NB15-v2,binary,sage,11,1,3,909,3,0.015076499319290561,0.013370144180953503,0.970700701387839,2045840,500,12.498747421021108,0.11529681700631045,True
NF-UNSW-NB15-v2__binary__sage__seed11,NF-UNSW-NB15-v2,binary,sage,11,2,4,1409,4,0.013811506676233317,0.012268257327377796,0.9731139950466996,2045840,500,12.459038206987316,0.12129443400772288,True
NF-UNSW-NB15-v2__binary__sage__seed11,NF-UNSW-NB15-v2,binary,sage,11,3,4,1500,4,0.013412641299949898,0.012057964690029621,0.9731629239896888,372736,91,2.185589106986299,0.11927301398827694,True
NF-UNSW-NB15-v2__binary__sage__seed22,NF-UNSW-NB15-v2,binary,sage,22,0,1,409,1,0.03057623409133943,0.016923069953918457,0.9696463464247935,1673104,409,11.00158633000683,0.11845340998843312,True
NF-UNSW-NB15-v2__binary__sage__seed22,NF-UNSW-NB15-v2,binary,sage,22,1,3,909,3,0.015001509928082276,0.013215562328696251,0.970170795126424,2045840,500,12.454414584994083,0.11867391099804081,True
NF-UNSW-NB15-v2__binary__sage__seed22,NF-UNSW-NB15-v2,binary,sage,22,2,4,1409,4,0.013955963570845284,0.01204515341669321,0.972256615952527,2045840,500,12.333830182993552,0.12137631999212317,True
NF-UNSW-NB15-v2__binary__sage__seed22,NF-UNSW-NB15-v2,binary,sage,22,3,4,1500,4,0.012686737475323152,0.013034039177000523,0.9724491706084517,372736,91,2.1959810300031677,0.11252660799073055,True
NF-UNSW-NB15-v2__binary__sage__seed33,NF-UNSW-NB15-v2,binary,sage,33,0,1,409,1,0.03024741987946702,0.015099136158823967,0.9700442844294508,1673104,409,11.147797590005212,0.11570195699459873,True
NF-UNSW-NB15-v2__binary__sage__seed33,NF-UNSW-NB15-v2,binary,sage,33,1,3,909,3,0.014888928698731482,0.01277238130569458,0.9723977698073482,2045840,500,12.982344213000033,0.11683323699980974,True
NF-UNSW-NB15-v2__binary__sage__seed33,NF-UNSW-NB15-v2,binary,sage,33,2,4,1409,4,0.01374317859361574,0.013005000539124012,0.9714531834688314,2045840,500,12.808405326999491,0.11260355601552874,True
NF-UNSW-NB15-v2__binary__sage__seed33,NF-UNSW-NB15-v2,binary,sage,33,3,4,1500,4,0.013552050116461711,0.019444022327661514,0.9646546312047307,372736,91,2.272847359010484,0.11307513798237778,True
NF-UNSW-NB15-v2__binary__sage__seed44,NF-UNSW-NB15-v2,binary,sage,44,0,1,409,1,0.03052112970220529,0.01811123825609684,0.9705602301198832,1673104,409,9.618649384996388,0.12708249200659338,True
NF-UNSW-NB15-v2__binary__sage__seed44,NF-UNSW-NB15-v2,binary,sage,44,1,3,909,3,0.014735081971681673,0.01305092591792345,0.9712614818703476,2045840,500,10.88873087799584,0.1289652900013607,True
NF-UNSW-NB15-v2__binary__sage__seed44,NF-UNSW-NB15-v2,binary,sage,44,2,4,1409,4,0.013671400350883545,0.011824394576251507,0.9727473207891724,2045840,500,10.897895950998645,0.11017338999954518,True
NF-UNSW-NB15-v2__binary__sage__seed44,NF-UNSW-NB15-v2,binary,sage,44,3,4,1500,4,0.013823732999818665,0.014044364914298058,0.9654019299918135,372736,91,1.9865017120027915,0.10939230100484565,True
NF-UNSW-NB15-v2__binary__sage__seed55,NF-UNSW-NB15-v2,binary,sage,55,0,1,409,1,0.02967591373004021,0.014517338946461678,0.9695427060529624,1673104,409,9.45958191700629,0.131863032002002,True
NF-UNSW-NB15-v2__binary__sage__seed55,NF-UNSW-NB15-v2,binary,sage,55,1,3,909,3,0.015311731557894106,0.013894484378397465,0.9701224264801616,2045840,500,11.08813215799455,0.10962992400163785,True
NF-UNSW-NB15-v2__binary__sage__seed55,NF-UNSW-NB15-v2,binary,sage,55,2,4,1409,4,0.013762443795654828,0.012637817300856113,0.9742738300946366,2045840,500,11.045774836995406,0.10971769700699951,True
NF-UNSW-NB15-v2__binary__sage__seed55,NF-UNSW-NB15-v2,binary,sage,55,3,4,1500,4,0.01331942212245949,0.012284480966627598,0.9729183711699794,372736,91,1.9703957649908261,0.10945311099931132,True
NF-UNSW-NB15-v2__binary__sage_edge__seed11,NF-UNSW-NB15-v2,binary,sage_edge,11,0,1,409,1,0.03281079745036362,0.015180033631622791,0.9704445886377328,1673104,409,11.127439422998577,0.12315440300153568,True
NF-UNSW-NB15-v2__binary__sage_edge__seed11,NF-UNSW-NB15-v2,binary,sage_edge,11,1,3,909,3,0.014843100432363487,0.013633707538247108,0.9727537997650286,2045840,500,12.975324692000868,0.11511520901694894,True
NF-UNSW-NB15-v2__binary__sage_edge__seed11,NF-UNSW-NB15-v2,binary,sage_edge,11,2,4,1409,4,0.014855053732070776,0.012793662026524544,0.9724709865765719,2045840,500,12.84315097000217,0.1126656609994825,True
NF-UNSW-NB15-v2__binary__sage_edge__seed11,NF-UNSW-NB15-v2,binary,sage_edge,11,3,4,1500,4,0.013155861742344203,0.012036245316267014,0.9732827694321692,372736,91,2.3006387949862983,0.11893836400122382,True
NF-UNSW-NB15-v2__binary__sage_edge__seed22,NF-UNSW-NB15-v2,binary,sage_edge,22,0,1,409,1,0.03215336492902962,0.015182798728346825,0.9693538202126475,1673104,409,11.180217635002919,0.09879378901678137,True
NF-UNSW-NB15-v2__binary__sage_edge__seed22,NF-UNSW-NB15-v2,binary,sage_edge,22,1,3,909,3,0.015419119606933346,0.01320846751332283,0.9704127738522548,2045840,500,12.707171699003084,0.10268861401709728,True
NF-UNSW-NB15-v2__binary__sage_edge__seed22,NF-UNSW-NB15-v2,binary,sage_edge,22,2,4,1409,4,0.014343681379075306,0.01299347635358572,0.9726200587349014,2045840,500,12.50196586799575,0.10517649498069659,True
NF-UNSW-NB15-v2__binary__sage_edge__seed22,NF-UNSW-NB15-v2,binary,sage_edge,22,3,4,1500,4,0.013609039039443155,0.012365266680717468,0.9716747149842835,372736,91,2.217366864992073,0.09884195198537782,True
NF-UNSW-NB15-v2__binary__sage_edge__seed33,NF-UNSW-NB15-v2,binary,sage_edge,33,0,1,409,1,0.031624818746491125,0.014581860043108463,0.9703290441330947,1673104,409,11.269693162001204,0.10050877899629995,True
NF-UNSW-NB15-v2__binary__sage_edge__seed33,NF-UNSW-NB15-v2,binary,sage_edge,33,1,3,909,3,0.015487177130226022,0.012907627038657665,0.9725763827635412,2045840,500,12.758010592981009,0.10198892198968679,True
NF-UNSW-NB15-v2__binary__sage_edge__seed33,NF-UNSW-NB15-v2,binary,sage_edge,33,2,4,1409,4,0.013648216347330471,0.01217280887067318,0.9714315570546408,2045840,500,12.699269727017963,0.10543764900648966,True
NF-UNSW-NB15-v2__binary__sage_edge__seed33,NF-UNSW-NB15-v2,binary,sage_edge,33,3,4,1500,4,0.013374042431158679,0.016629856079816818,0.9623805649514001,372736,91,2.2348995899956208,0.1189607449923642,True
NF-UNSW-NB15-v2__binary__sage_edge__seed44,NF-UNSW-NB15-v2,binary,sage_edge,44,0,1,409,1,0.03401296007352084,0.02040061727166176,0.9695298064866841,1673104,409,9.754291111996281,0.13906440600112546,True
NF-UNSW-NB15-v2__binary__sage_edge__seed44,NF-UNSW-NB15-v2,binary,sage_edge,44,1,3,909,3,0.015666256502986826,0.014512381516397,0.9698964312913152,2045840,500,11.170455212006345,0.12814211899240036,True
NF-UNSW-NB15-v2__binary__sage_edge__seed44,NF-UNSW-NB15-v2,binary,sage_edge,44,2,4,1409,4,0.014093942957745008,0.015403322875499725,0.967643584056695,2045840,500,11.04785901500145,0.1182882970024366,True
NF-UNSW-NB15-v2__binary__sage_edge__seed44,NF-UNSW-NB15-v2,binary,sage_edge,44,3,4,1500,4,0.014526283025618765,0.013145484030246735,0.9705283268788727,372736,91,1.9780550330033293,0.11847713000315707,True
NF-UNSW-NB15-v2__binary__sage_edge__seed55,NF-UNSW-NB15-v2,binary,sage_edge,55,0,1,409,1,0.03367796747427909,0.01698584109544754,0.9696435065169366,1673104,409,9.741180402008467,0.13872386600996833,True
NF-UNSW-NB15-v2__binary__sage_edge__seed55,NF-UNSW-NB15-v2,binary,sage_edge,55,1,3,909,3,0.01518132690586759,0.013187362812459469,0.9709917260041259,2045840,500,10.957819842995377,0.11864357600279618,True
NF-UNSW-NB15-v2__binary__sage_edge__seed55,NF-UNSW-NB15-v2,binary,sage_edge,55,2,4,1409,4,0.013404776138045452,0.012279443442821503,0.9722731800945212,2045840,500,10.886345374005032,0.11871739600610454,True
NF-UNSW-NB15-v2__binary__sage_edge__seed55,NF-UNSW-NB15-v2,binary,sage_edge,55,3,4,1500,4,0.013404735819446845,0.013164995238184929,0.9738856451750122,372736,91,1.9257615230017109,0.1191377830109559,True
NF-UNSW-NB15-v2__multiclass__edge_mlp__seed11,NF-UNSW-NB15-v2,multiclass,edge_mlp,11,0,1,409,1,1.5684591266428538,1.373278260231018,0.3778837139892325,1673104,409,9.064597820979543,0.06402532299398445,True
NF-UNSW-NB15-v2__multiclass__edge_mlp__seed11,NF-UNSW-NB15-v2,multiclass,edge_mlp,11,1,3,909,3,1.2681279918974362,1.2481470108032227,0.3907028076459086,2045840,500,13.718973526993068,0.06122806400526315,True
NF-UNSW-NB15-v2__multiclass__edge_mlp__seed11,NF-UNSW-NB15-v2,multiclass,edge_mlp,11,2,4,1409,4,1.1872289384986539,1.1855703592300415,0.4108614093458639,2045840,500,12.364670967013808,0.06013862299732864,True
NF-UNSW-NB15-v2__multiclass__edge_mlp__seed11,NF-UNSW-NB15-v2,multiclass,edge_mlp,11,3,4,1500,4,1.1891461407745278,1.2039005756378174,0.4161089608386635,372736,91,2.151335205999203,0.057147218991303816,True
NF-UNSW-NB15-v2__multiclass__edge_mlp__seed22,NF-UNSW-NB15-v2,multiclass,edge_mlp,22,0,1,409,1,1.5915169669312101,1.3971107006072998,0.3998847558925731,1673104,409,9.517869555013021,0.04855759997735731,True
NF-UNSW-NB15-v2__multiclass__edge_mlp__seed22,NF-UNSW-NB15-v2,multiclass,edge_mlp,22,1,3,909,3,1.2800492494301983,1.2966991662979126,0.40009381129319205,2045840,500,10.99252173199784,0.06729266699403524,True
NF-UNSW-NB15-v2__multiclass__edge_mlp__seed22,NF-UNSW-NB15-v2,multiclass,edge_mlp,22,2,4,1409,4,1.1970141992847543,1.2048147916793823,0.4181718862459789,2045840,500,11.732507754000835,0.055441577977035195,True
NF-UNSW-NB15-v2__multiclass__edge_mlp__seed22,NF-UNSW-NB15-v2,multiclass,edge_mlp,22,3,4,1500,4,1.159293730180342,1.2045061588287354,0.39257856373256766,372736,91,2.304279340984067,0.052753379015484825,True
NF-UNSW-NB15-v2__multiclass__edge_mlp__seed33,NF-UNSW-NB15-v2,multiclass,edge_mlp,33,0,1,409,1,1.5736308584154524,1.3828997611999512,0.35731224676950235,1673104,409,8.912418099993374,0.07413273400743492,True
NF-UNSW-NB15-v2__multiclass__edge_mlp__seed33,NF-UNSW-NB15-v2,multiclass,edge_mlp,33,1,3,909,3,1.283549581631084,1.2725099325180054,0.3626105581327479,2045840,500,12.016494292009156,0.06830589199671522,True
NF-UNSW-NB15-v2__multiclass__edge_mlp__seed33,NF-UNSW-NB15-v2,multiclass,edge_mlp,33,2,4,1409,4,1.2115876350815658,1.23139488697052,0.39939829189744086,2045840,500,12.413170160987647,0.057835720013827085,True
NF-UNSW-NB15-v2__multiclass__edge_mlp__seed33,NF-UNSW-NB15-v2,multiclass,edge_mlp,33,3,4,1500,4,1.1914788753121763,1.200148582458496,0.39538974806018035,372736,91,2.1711914729967248,0.056326923018787056,True
NF-UNSW-NB15-v2__multiclass__edge_mlp__seed44,NF-UNSW-NB15-v2,multiclass,edge_mlp,44,0,1,409,1,1.5813732270098046,1.379114031791687,0.3366980484084337,1673104,409,6.09552265900129,0.03811297299398575,True
NF-UNSW-NB15-v2__multiclass__edge_mlp__seed44,NF-UNSW-NB15-v2,multiclass,edge_mlp,44,1,3,909,3,1.2718323306698367,1.274496078491211,0.3973661002473131,2045840,500,10.581310381996445,0.050891058999695815,True
NF-UNSW-NB15-v2__multiclass__edge_mlp__seed44,NF-UNSW-NB15-v2,multiclass,edge_mlp,44,2,4,1409,4,1.1991431339165688,1.2058466672897339,0.40309913445271406,2045840,500,10.060971366998274,0.05170473600446712,True
NF-UNSW-NB15-v2__multiclass__edge_mlp__seed44,NF-UNSW-NB15-v2,multiclass,edge_mlp,44,3,4,1500,4,1.179586886049627,1.1945160627365112,0.4173538796790967,372736,91,2.1099737839977024,0.04479332300252281,True
NF-UNSW-NB15-v2__multiclass__edge_mlp__seed55,NF-UNSW-NB15-v2,multiclass,edge_mlp,55,0,1,409,1,1.5677968834256113,1.3574031591415405,0.37062298214765593,1673104,409,5.592772438991233,0.043071637002867647,True
NF-UNSW-NB15-v2__multiclass__edge_mlp__seed55,NF-UNSW-NB15-v2,multiclass,edge_mlp,55,1,3,909,3,1.2760786084860654,1.254069447517395,0.3982072147829279,2045840,500,8.590783549996559,0.05162884599121753,True
NF-UNSW-NB15-v2__multiclass__edge_mlp__seed55,NF-UNSW-NB15-v2,multiclass,edge_mlp,55,2,4,1409,4,1.1984556209233204,1.2190314531326294,0.4077175041501889,2045840,500,9.449054757002159,0.04658567100705113,True
NF-UNSW-NB15-v2__multiclass__edge_mlp__seed55,NF-UNSW-NB15-v2,multiclass,edge_mlp,55,3,4,1500,4,1.1822255345491262,1.2018029689788818,0.40832362420393054,372736,91,1.7144992970133899,0.04811543300456833,True
NF-UNSW-NB15-v2__multiclass__sage__seed11,NF-UNSW-NB15-v2,multiclass,sage,11,0,1,409,1,1.2294027791568496,1.0395786762237549,0.44711109778969577,1673104,409,11.606295106990729,0.1495069130032789,True
NF-UNSW-NB15-v2__multiclass__sage__seed11,NF-UNSW-NB15-v2,multiclass,sage,11,1,3,909,3,0.9621492064810748,0.9086636304855347,0.4766391332495541,2045840,500,12.99594807997346,0.1352637899981346,True
NF-UNSW-NB15-v2__multiclass__sage__seed11,NF-UNSW-NB15-v2,multiclass,sage,11,2,4,1409,4,0.87676965195661,0.8882433176040649,0.48411964978353056,2045840,500,12.839960628014524,0.1328096190118231,True
NF-UNSW-NB15-v2__multiclass__sage__seed11,NF-UNSW-NB15-v2,multiclass,sage,11,3,4,1500,4,0.8659730854925218,0.8855148553848267,0.48748458555087926,372736,91,2.271314840996638,0.12770176900085062,True
NF-UNSW-NB15-v2__multiclass__sage__seed22,NF-UNSW-NB15-v2,multiclass,sage,22,0,1,409,1,1.2119297299162404,1.0505743026733398,0.4558836350332375,1673104,409,11.185334530979162,0.11199979099910706,True
NF-UNSW-NB15-v2__multiclass__sage__seed22,NF-UNSW-NB15-v2,multiclass,sage,22,1,3,909,3,0.9492915340430744,0.9266321659088135,0.4939444571817697,2045840,500,12.74080340602086,0.11848715500673279,True
NF-UNSW-NB15-v2__multiclass__sage__seed22,NF-UNSW-NB15-v2,multiclass,sage,22,2,4,1409,4,0.8778657527932608,0.8682248592376709,0.4849128126455208,2045840,500,12.65233002702007,0.1292801930103451,True
NF-UNSW-NB15-v2__multiclass__sage__seed22,NF-UNSW-NB15-v2,multiclass,sage,22,3,4,1500,4,0.8581226278137375,0.8836517333984375,0.49587147174173757,372736,91,2.243164159997832,0.12777581400587223,True
NF-UNSW-NB15-v2__multiclass__sage__seed33,NF-UNSW-NB15-v2,multiclass,sage,33,0,1,409,1,1.227120873690242,1.041055679321289,0.47790910946970466,1673104,409,12.070224413007963,0.13378245700732805,True
NF-UNSW-NB15-v2__multiclass__sage__seed33,NF-UNSW-NB15-v2,multiclass,sage,33,1,3,909,3,0.9471131158099747,0.9383692741394043,0.46837612523621724,2045840,500,13.028537194011733,0.14567338398774154,True
NF-UNSW-NB15-v2__multiclass__sage__seed33,NF-UNSW-NB15-v2,multiclass,sage,33,2,4,1409,4,0.8891409100628671,0.8686012029647827,0.4757647757017165,2045840,500,12.64806468898314,0.12359740800457075,True
NF-UNSW-NB15-v2__multiclass__sage__seed33,NF-UNSW-NB15-v2,multiclass,sage,33,3,4,1500,4,0.8484567672341734,0.8501456379890442,0.48034979858370563,372736,91,2.21124173302087,0.12347066699294373,True
NF-UNSW-NB15-v2__multiclass__sage__seed44,NF-UNSW-NB15-v2,multiclass,sage,44,0,1,409,1,1.2249459122716317,1.0187163352966309,0.4429542382502083,1673104,409,9.504924369000946,0.19249376200605184,True
NF-UNSW-NB15-v2__multiclass__sage__seed44,NF-UNSW-NB15-v2,multiclass,sage,44,1,3,909,3,0.9618626748989246,0.9473732113838196,0.47275880776617135,2045840,500,10.516224320002948,0.13280035799834877,True
NF-UNSW-NB15-v2__multiclass__sage__seed44,NF-UNSW-NB15-v2,multiclass,sage,44,2,4,1409,4,0.8992901582476988,0.9150673151016235,0.4899510049310514,2045840,500,10.406696692007245,0.12173826900834683,True
NF-UNSW-NB15-v2__multiclass__sage__seed44,NF-UNSW-NB15-v2,multiclass,sage,44,3,4,1500,4,0.8756731460382651,0.9180546998977661,0.4758505506362883,372736,91,1.8606347369932337,0.12203957499878015,True
NF-UNSW-NB15-v2__multiclass__sage__seed55,NF-UNSW-NB15-v2,multiclass,sage,55,0,1,409,1,1.2191578311402786,1.0177525281906128,0.4678570272950993,1673104,409,9.63598514298792,0.13275795899971854,True
NF-UNSW-NB15-v2__multiclass__sage__seed55,NF-UNSW-NB15-v2,multiclass,sage,55,1,3,909,3,0.9521943998542831,0.9221468567848206,0.4915985574985414,2045840,500,10.777101903004223,0.13034947999403812,True
NF-UNSW-NB15-v2__multiclass__sage__seed55,NF-UNSW-NB15-v2,multiclass,sage,55,2,4,1409,4,0.8765633298729543,0.8859564065933228,0.4784715523174773,2045840,500,10.657844190005562,0.12201441600336693,True
NF-UNSW-NB15-v2__multiclass__sage__seed55,NF-UNSW-NB15-v2,multiclass,sage,55,3,4,1500,4,0.8405298263162047,0.881434440612793,0.48310023330447727,372736,91,1.9374573349923594,0.12352480800473131,True
NF-UNSW-NB15-v2__multiclass__sage_edge__seed11,NF-UNSW-NB15-v2,multiclass,sage_edge,11,0,1,409,1,1.2108485269533285,1.0196316242218018,0.46031721481449034,1673104,409,11.411453847016674,0.12626061998889782,True
NF-UNSW-NB15-v2__multiclass__sage_edge__seed11,NF-UNSW-NB15-v2,multiclass,sage_edge,11,1,3,909,3,0.9533913950802075,0.9248752593994141,0.476930715130172,2045840,500,12.568267780996393,0.11785690800752491,True
NF-UNSW-NB15-v2__multiclass__sage_edge__seed11,NF-UNSW-NB15-v2,multiclass,sage_edge,11,2,4,1409,4,0.8734057586086709,0.8737128973007202,0.4826690439582421,2045840,500,12.306090757978382,0.11845933500444517,True
NF-UNSW-NB15-v2__multiclass__sage_edge__seed11,NF-UNSW-NB15-v2,multiclass,sage_edge,11,3,4,1500,4,0.8615123190722622,0.8857791423797607,0.48288702253773097,372736,91,2.190398789010942,0.1240029149921611,True
NF-UNSW-NB15-v2__multiclass__sage_edge__seed22,NF-UNSW-NB15-v2,multiclass,sage_edge,22,0,1,409,1,1.2196689268075027,1.0497335195541382,0.4682524411252202,1673104,409,10.395387408003444,0.12112288200296462,True
NF-UNSW-NB15-v2__multiclass__sage_edge__seed22,NF-UNSW-NB15-v2,multiclass,sage_edge,22,1,3,909,3,0.9475740594466356,0.936255931854248,0.4855168813115447,2045840,500,11.793700092006475,0.12778959699789993,True
NF-UNSW-NB15-v2__multiclass__sage_edge__seed22,NF-UNSW-NB15-v2,multiclass,sage_edge,22,2,4,1409,4,0.8823199456001817,0.8784168362617493,0.48332127551977744,2045840,500,12.411495676991763,0.1372027510078624,True
NF-UNSW-NB15-v2__multiclass__sage_edge__seed22,NF-UNSW-NB15-v2,multiclass,sage_edge,22,3,4,1500,4,0.8491727054774106,0.8739258050918579,0.45038762697861345,372736,91,2.194274100998882,0.12652377699851058,True
NF-UNSW-NB15-v2__multiclass__sage_edge__seed33,NF-UNSW-NB15-v2,multiclass,sage_edge,33,0,1,409,1,1.2199578317450956,1.0574071407318115,0.4699282924462609,1673104,409,10.999063878000015,0.13974492499255575,True
NF-UNSW-NB15-v2__multiclass__sage_edge__seed33,NF-UNSW-NB15-v2,multiclass,sage_edge,33,1,3,909,3,0.9487858052803411,0.9250390529632568,0.4735358456575137,2045840,500,12.501346808014205,0.13287282901001163,True
NF-UNSW-NB15-v2__multiclass__sage_edge__seed33,NF-UNSW-NB15-v2,multiclass,sage_edge,33,2,4,1409,4,0.8780442513970371,0.8788533806800842,0.48168037766987304,2045840,500,12.628358645015396,0.1278514130099211,True
NF-UNSW-NB15-v2__multiclass__sage_edge__seed33,NF-UNSW-NB15-v2,multiclass,sage_edge,33,3,4,1500,4,0.8412761799581758,0.8576772212982178,0.4865766326799804,372736,91,2.2474171739886515,0.12700184900313616,True
NF-UNSW-NB15-v2__multiclass__sage_edge__seed44,NF-UNSW-NB15-v2,multiclass,sage_edge,44,0,1,409,1,1.218296780316312,1.010548710823059,0.46375900856654695,1673104,409,9.472007967997342,0.15354494399798568,True
NF-UNSW-NB15-v2__multiclass__sage_edge__seed44,NF-UNSW-NB15-v2,multiclass,sage_edge,44,1,3,909,3,0.9492484905533949,0.9605638980865479,0.4693419784871196,2045840,500,10.645240087993443,0.1285971440083813,True
NF-UNSW-NB15-v2__multiclass__sage_edge__seed44,NF-UNSW-NB15-v2,multiclass,sage_edge,44,2,4,1409,4,0.8902380761428773,0.8813991546630859,0.49121408151429335,2045840,500,10.701162754994584,0.12819114701414946,True
NF-UNSW-NB15-v2__multiclass__sage_edge__seed44,NF-UNSW-NB15-v2,multiclass,sage_edge,44,3,4,1500,4,0.8639069428810706,0.8748354911804199,0.4866643805207332,372736,91,1.9264332190068671,0.129225608005072,True
NF-UNSW-NB15-v2__multiclass__sage_edge__seed55,NF-UNSW-NB15-v2,multiclass,sage_edge,55,0,1,409,1,1.2213689427859202,1.022554636001587,0.46088997484883365,1673104,409,69.96261493500788,0.1635056369996164,True
NF-UNSW-NB15-v2__multiclass__sage_edge__seed55,NF-UNSW-NB15-v2,multiclass,sage_edge,55,1,3,909,3,0.9411486872620565,0.9136167764663696,0.48985545550159654,2045840,500,10.641007422003895,0.1306259900011355,True
NF-UNSW-NB15-v2__multiclass__sage_edge__seed55,NF-UNSW-NB15-v2,multiclass,sage_edge,55,2,4,1409,4,0.8716363599870676,0.8903394937515259,0.4844706947349354,2045840,500,10.511718412002665,0.12978839399875142,True
NF-UNSW-NB15-v2__multiclass__sage_edge__seed55,NF-UNSW-NB15-v2,multiclass,sage_edge,55,3,4,1500,4,0.8378694574911516,0.8786488175392151,0.4806692587984518,372736,91,1.8772680179972667,0.13036306599678937,True
