dataset,task,model,seed,split,class,support,precision,recall_tpr,fpr,fnr,fp_per_million,tp,fp,fn,tn
NF-BoT-IoT-v2,binary,edge_mlp,11,val,Benign,13471.0,0.7019300991131977,0.9988864969193082,0.0015183260680961535,0.0011135030806918567,1518.3260680961537,13456.0,5714.0,15.0,3757641.0
NF-BoT-IoT-v2,binary,edge_mlp,11,val,Attack,3763355.0,0.9999960081497614,0.9984816739319039,0.0011135030806918567,0.0015183260680961535,1113.5030806918567,3757641.0,15.0,5714.0,13456.0
NF-BoT-IoT-v2,binary,edge_mlp,11,test,Benign,27193.0,0.7043166960672408,0.998418710697606,0.001515454699564895,0.0015812893023939986,1515.454699564895,27150.0,11398.0,43.0,7509777.0
NF-BoT-IoT-v2,binary,edge_mlp,11,test,Attack,7521175.0,0.999994274163695,0.9984845453004351,0.0015812893023939986,0.001515454699564895,1581.2893023939985,7509777.0,43.0,11398.0,27150.0
NF-BoT-IoT-v2,binary_detector,edge_mlp,11,test,false_alarm,27193.0,,0.998418710697606,0.0015812893023939986,,1581.2893023939985,27150.0,43.0,,
NF-BoT-IoT-v2,binary,edge_mlp,22,val,Benign,13471.0,0.7086323343182778,0.9969564249127756,0.0014673077612927827,0.003043575087224408,1467.3077612927827,13430.0,5522.0,41.0,3757833.0
NF-BoT-IoT-v2,binary,edge_mlp,22,val,Attack,3763355.0,0.9999890895756484,0.9985326922387072,0.003043575087224408,0.0014673077612927827,3043.575087224408,3757833.0,41.0,5522.0,13430.0
NF-BoT-IoT-v2,binary,edge_mlp,22,test,Benign,27193.0,0.7110603554645454,0.9960283896591035,0.0014633351836647864,0.0039716103408965545,1463.3351836647864,27085.0,11006.0,108.0,7510169.0
NF-BoT-IoT-v2,binary,edge_mlp,22,test,Attack,7521175.0,0.9999856197048391,0.9985366648163352,0.0039716103408965545,0.0014633351836647864,3971.610340896554,7510169.0,108.0,11006.0,27085.0
NF-BoT-IoT-v2,binary_detector,edge_mlp,22,test,false_alarm,27193.0,,0.9960283896591035,0.0039716103408965545,,3971.610340896554,27085.0,108.0,,
NF-BoT-IoT-v2,binary,edge_mlp,33,val,Benign,13471.0,0.6856371325215265,0.9989607304580209,0.0016394945467541595,0.0010392695419790662,1639.4945467541595,13457.0,6170.0,14.0,3757185.0
NF-BoT-IoT-v2,binary,edge_mlp,33,val,Attack,3763355.0,0.9999962738199387,0.9983605054532458,0.0010392695419790662,0.0016394945467541595,1039.2695419790662,3757185.0,14.0,6170.0,13457.0
NF-BoT-IoT-v2,binary,edge_mlp,33,test,Benign,27193.0,0.6883870640713706,0.9988232265656602,0.0016347179795710113,0.0011767734343397199,1634.7179795710113,27161.0,12295.0,32.0,7508880.0
NF-BoT-IoT-v2,binary,edge_mlp,33,test,Attack,7521175.0,0.9999957383972539,0.998365282020429,0.0011767734343397199,0.0016347179795710113,1176.7734343397199,7508880.0,32.0,12295.0,27161.0
NF-BoT-IoT-v2,binary_detector,edge_mlp,33,test,false_alarm,27193.0,,0.9988232265656602,0.0011767734343397199,,1176.7734343397199,27161.0,32.0,,
NF-BoT-IoT-v2,binary,edge_mlp,44,val,Benign,13471.0,0.5497651623442924,0.9992576646128721,0.002929301115626881,0.0007423353871279044,2929.301115626881,13461.0,11024.0,10.0,3752331.0
NF-BoT-IoT-v2,binary,edge_mlp,44,val,Attack,3763355.0,0.9999973349970058,0.9970706988843732,0.0007423353871279044,0.002929301115626881,742.3353871279044,3752331.0,10.0,11024.0,13461.0
NF-BoT-IoT-v2,binary,edge_mlp,44,test,Benign,27193.0,0.5519070164387458,0.9988232265656602,0.0029319886852785635,0.0011767734343397199,2931.9886852785635,27161.0,22052.0,32.0,7499123.0
NF-BoT-IoT-v2,binary,edge_mlp,44,test,Attack,7521175.0,0.999995732852568,0.9970680113147214,0.0011767734343397199,0.0029319886852785635,1176.7734343397199,7499123.0,32.0,22052.0,27161.0
NF-BoT-IoT-v2,binary_detector,edge_mlp,44,test,false_alarm,27193.0,,0.9988232265656602,0.0011767734343397199,,1176.7734343397199,27161.0,32.0,,
NF-BoT-IoT-v2,binary,edge_mlp,55,val,Benign,13471.0,0.7014489732096321,0.9990349639967337,0.0015220461529672326,0.0009650360032662757,1522.0461529672327,13458.0,5728.0,13.0,3757627.0
NF-BoT-IoT-v2,binary,edge_mlp,55,val,Attack,3763355.0,0.9999965403817289,0.9984779538470328,0.0009650360032662757,0.0015220461529672326,965.0360032662757,3757627.0,13.0,5728.0,13458.0
NF-BoT-IoT-v2,binary,edge_mlp,55,test,Benign,27193.0,0.7040705211304122,0.9986393557165447,0.0015175820267444913,0.001360644283455301,1517.5820267444915,27156.0,11414.0,37.0,7509761.0
NF-BoT-IoT-v2,binary,edge_mlp,55,test,Attack,7521175.0,0.9999950731031647,0.9984824179732555,0.001360644283455301,0.0015175820267444913,1360.644283455301,7509761.0,37.0,11414.0,27156.0
NF-BoT-IoT-v2,binary_detector,edge_mlp,55,test,false_alarm,27193.0,,0.9986393557165447,0.001360644283455301,,1360.644283455301,27156.0,37.0,,
NF-BoT-IoT-v2,binary,sage,11,val,Benign,13471.0,0.12942321089677372,0.7998663796303169,0.01925914509792459,0.20013362036968302,19259.145097924593,10775.0,72479.0,2696.0,3690876.0
NF-BoT-IoT-v2,binary,sage,11,val,Attack,3763355.0,0.9992700832689874,0.9807408549020754,0.20013362036968302,0.01925914509792459,200133.62036968302,3690876.0,2696.0,72479.0,10775.0
NF-BoT-IoT-v2,binary,sage,11,test,Benign,27193.0,0.4828419423896225,0.837715588570588,0.003244040990935592,0.16228441142941197,3244.0409909355917,22780.0,24399.0,4413.0,7496776.0
NF-BoT-IoT-v2,binary,sage,11,test,Attack,7521175.0,0.9994116932662275,0.9967559590090644,0.16228441142941197,0.003244040990935592,162284.411429412,7496776.0,4413.0,24399.0,22780.0
NF-BoT-IoT-v2,binary_detector,sage,11,test,false_alarm,27193.0,,0.837715588570588,0.16228441142941197,,162284.411429412,22780.0,4413.0,,
NF-BoT-IoT-v2,binary,sage,22,val,Benign,13471.0,0.32680711396076634,0.6356617919976245,0.00468704121721177,0.3643382080023755,4687.041217211769,8563.0,17639.0,4908.0,3745716.0
NF-BoT-IoT-v2,binary,sage,22,val,Attack,3763355.0,0.9986914177480867,0.9953129587827882,0.3643382080023755,0.00468704121721177,364338.2080023755,3745716.0,4908.0,17639.0,8563.0
NF-BoT-IoT-v2,binary,sage,22,test,Benign,27193.0,0.5629624531094056,0.6015518699665355,0.001688432990855817,0.3984481300334645,1688.432990855817,16358.0,12699.0,10835.0,7508476.0
NF-BoT-IoT-v2,binary,sage,22,test,Attack,7521175.0,0.9985590435081086,0.9983115670091441,0.3984481300334645,0.001688432990855817,398448.1300334645,7508476.0,10835.0,12699.0,16358.0
NF-BoT-IoT-v2,binary_detector,sage,22,test,false_alarm,27193.0,,0.6015518699665355,0.3984481300334645,,398448.1300334645,16358.0,10835.0,,
NF-BoT-IoT-v2,binary,sage,33,val,Benign,13471.0,0.19457421786899506,0.896592680573083,0.013284954515319441,0.10340731942691708,13284.954515319443,12078.0,49996.0,1393.0,3713359.0
NF-BoT-IoT-v2,binary,sage,33,val,Attack,3763355.0,0.9996250086143031,0.9867150454846806,0.10340731942691708,0.013284954515319441,103407.31942691708,3713359.0,1393.0,49996.0,12078.0
NF-BoT-IoT-v2,binary,sage,33,test,Benign,27193.0,0.48626948115999213,0.9064465119699923,0.0034623579427416596,0.09355348803000772,3462.3579427416594,24649.0,26041.0,2544.0,7495134.0
NF-BoT-IoT-v2,binary,sage,33,test,Attack,7521175.0,0.9996606949511568,0.9965376420572584,0.09355348803000772,0.0034623579427416596,93553.48803000772,7495134.0,2544.0,26041.0,24649.0
NF-BoT-IoT-v2,binary_detector,sage,33,test,false_alarm,27193.0,,0.9064465119699923,0.09355348803000772,,93553.48803000772,24649.0,2544.0,,
NF-BoT-IoT-v2,binary,sage,44,val,Benign,13471.0,0.20420232891305146,0.825328483408804,0.011513131235294039,0.1746715165911959,11513.13123529404,11118.0,43328.0,2353.0,3720027.0
NF-BoT-IoT-v2,binary,sage,44,val,Attack,3763355.0,0.9993678775407132,0.9884868687647059,0.1746715165911959,0.011513131235294039,174671.5165911959,3720027.0,2353.0,43328.0,11118.0
NF-BoT-IoT-v2,binary,sage,44,test,Benign,27193.0,0.5309993067247697,0.7886588460265509,0.002518489464744538,0.21134115397344905,2518.489464744538,21446.0,18942.0,5747.0,7502233.0
NF-BoT-IoT-v2,binary,sage,44,test,Attack,7521175.0,0.9992345477745013,0.9974815105352555,0.21134115397344905,0.002518489464744538,211341.15397344905,7502233.0,5747.0,18942.0,21446.0
NF-BoT-IoT-v2,binary_detector,sage,44,test,false_alarm,27193.0,,0.7886588460265509,0.21134115397344905,,211341.15397344905,21446.0,5747.0,,
NF-BoT-IoT-v2,binary,sage,55,val,Benign,13471.0,0.35538065687906767,0.6972013955905279,0.004526811847407433,0.3027986044094722,4526.811847407433,9392.0,17036.0,4079.0,3746319.0
NF-BoT-IoT-v2,binary,sage,55,val,Attack,3763355.0,0.9989123820991799,0.9954731881525926,0.3027986044094722,0.004526811847407433,302798.6044094722,3746319.0,4079.0,17036.0,9392.0
NF-BoT-IoT-v2,binary,sage,55,test,Benign,27193.0,0.5665909630182028,0.614680248593388,0.0017000003323948717,0.385319751406612,1700.0003323948717,16715.0,12786.0,10478.0,7508389.0
NF-BoT-IoT-v2,binary,sage,55,test,Attack,7521175.0,0.9986064389754467,0.9982999996676051,0.385319751406612,0.0017000003323948717,385319.751406612,7508389.0,10478.0,12786.0,16715.0
NF-BoT-IoT-v2,binary_detector,sage,55,test,false_alarm,27193.0,,0.614680248593388,0.385319751406612,,385319.751406612,16715.0,10478.0,,
NF-BoT-IoT-v2,binary,sage_edge,11,val,Benign,13471.0,0.6876955429040366,0.9953232870610942,0.0016179711985714873,0.004676712938905797,1617.9711985714873,13408.0,6089.0,63.0,3757266.0
NF-BoT-IoT-v2,binary,sage_edge,11,val,Attack,3763355.0,0.9999832327698746,0.9983820288014286,0.004676712938905797,0.0016179711985714873,4676.712938905797,3757266.0,63.0,6089.0,13408.0
NF-BoT-IoT-v2,binary,sage_edge,11,test,Benign,27193.0,0.7105111099437936,0.9948148420549406,0.0014654625108443827,0.00518515794505939,1465.4625108443827,27052.0,11022.0,141.0,7510153.0
NF-BoT-IoT-v2,binary,sage_edge,11,test,Attack,7521175.0,0.9999812257682589,0.9985345374891557,0.00518515794505939,0.0014654625108443827,5185.15794505939,7510153.0,141.0,11022.0,27052.0
NF-BoT-IoT-v2,binary_detector,sage_edge,11,test,false_alarm,27193.0,,0.9948148420549406,0.00518515794505939,,5185.15794505939,27052.0,141.0,,
NF-BoT-IoT-v2,binary,sage_edge,22,val,Benign,13471.0,0.5777653487071376,0.9968821913740628,0.00260777949462647,0.0031178086259371985,2607.7794946264703,13429.0,9814.0,42.0,3753541.0
NF-BoT-IoT-v2,binary,sage_edge,22,val,Attack,3763355.0,0.9999888106910118,0.9973922205053736,0.0031178086259371985,0.00260777949462647,3117.8086259371985,3753541.0,42.0,9814.0,13429.0
NF-BoT-IoT-v2,binary,sage_edge,22,test,Benign,27193.0,0.6146974128744076,0.9969477439046813,0.002259354422679967,0.003052256095318648,2259.354422679967,27110.0,16993.0,83.0,7504182.0
NF-BoT-IoT-v2,binary,sage_edge,22,test,Attack,7521175.0,0.9999889396230011,0.99774064557732,0.003052256095318648,0.002259354422679967,3052.256095318648,7504182.0,83.0,16993.0,27110.0
NF-BoT-IoT-v2,binary_detector,sage_edge,22,test,false_alarm,27193.0,,0.9969477439046813,0.003052256095318648,,3052.256095318648,27110.0,83.0,,
NF-BoT-IoT-v2,binary,sage_edge,33,val,Benign,13471.0,0.556632293866733,0.9977729938386163,0.0028448020449837975,0.0022270061613837134,2844.8020449837977,13441.0,10706.0,30.0,3752649.0
NF-BoT-IoT-v2,binary,sage_edge,33,val,Attack,3763355.0,0.99999200571112,0.9971551979550162,0.0022270061613837134,0.0028448020449837975,2227.0061613837133,3752649.0,30.0,10706.0,13441.0
NF-BoT-IoT-v2,binary,sage_edge,33,test,Benign,27193.0,0.5654004042593094,0.9977935498106131,0.002772970978603742,0.0022064501893869744,2772.970978603742,27133.0,20856.0,60.0,7500319.0
NF-BoT-IoT-v2,binary,sage_edge,33,test,Attack,7521175.0,0.9999920004042462,0.9972270290213963,0.0022064501893869744,0.002772970978603742,2206.4501893869747,7500319.0,60.0,20856.0,27133.0
NF-BoT-IoT-v2,binary_detector,sage_edge,33,test,false_alarm,27193.0,,0.9977935498106131,0.0022064501893869744,,2206.4501893869747,27133.0,60.0,,
NF-BoT-IoT-v2,binary,sage_edge,44,val,Benign,13471.0,0.5277123567279007,0.9979956944547547,0.003197147226344578,0.002004305545245342,3197.147226344578,13444.0,12032.0,27.0,3751323.0
NF-BoT-IoT-v2,binary,sage_edge,44,val,Attack,3763355.0,0.9999928025910673,0.9968028527736554,0.002004305545245342,0.003197147226344578,2004.3055452453418,3751323.0,27.0,12032.0,13444.0
NF-BoT-IoT-v2,binary,sage_edge,44,test,Benign,27193.0,0.5451514421145658,0.9981245173390211,0.003010965706821075,0.0018754826609789284,3010.965706821075,27142.0,22646.0,51.0,7498529.0
NF-BoT-IoT-v2,binary,sage_edge,44,test,Attack,7521175.0,0.9999931987122895,0.996989034293179,0.0018754826609789284,0.003010965706821075,1875.4826609789284,7498529.0,51.0,22646.0,27142.0
NF-BoT-IoT-v2,binary_detector,sage_edge,44,test,false_alarm,27193.0,,0.9981245173390211,0.0018754826609789284,,1875.4826609789284,27142.0,51.0,,
NF-BoT-IoT-v2,binary,sage_edge,55,val,Benign,13471.0,0.6535502094087854,0.9962140895256477,0.0018903345552040666,0.003785910474352312,1890.3345552040666,13420.0,7114.0,51.0,3756241.0
NF-BoT-IoT-v2,binary,sage_edge,55,val,Attack,3763355.0,0.9999864227807636,0.998109665444796,0.003785910474352312,0.0018903345552040666,3785.9104743523126,3756241.0,51.0,7114.0,13420.0
NF-BoT-IoT-v2,binary,sage_edge,55,test,Benign,27193.0,0.6785061242892568,0.9961387121685727,0.0017065152718823853,0.0038612878314272054,1706.5152718823854,27088.0,12835.0,105.0,7508340.0
NF-BoT-IoT-v2,binary,sage_edge,55,test,Attack,7521175.0,0.9999860157462697,0.9982934847281176,0.0038612878314272054,0.0017065152718823853,3861.2878314272057,7508340.0,105.0,12835.0,27088.0
NF-BoT-IoT-v2,binary_detector,sage_edge,55,test,false_alarm,27193.0,,0.9961387121685727,0.0038612878314272054,,3861.2878314272057,27088.0,105.0,,
NF-BoT-IoT-v2,multiclass,edge_mlp,11,val,Benign,13471.0,0.8403403718878033,0.9896815381189221,0.0006730696413173883,0.010318461881077871,673.0696413173883,13332.0,2533.0,139.0,3760822.0
NF-BoT-IoT-v2,multiclass,edge_mlp,11,val,DDoS,1834026.0,0.9942555529200712,0.9942116414925416,0.005422585958410542,0.005788358507458455,5422.585958410542,1823410.0,10535.0,10616.0,1932265.0
NF-BoT-IoT-v2,multiclass,edge_mlp,11,val,DoS,1667297.0,0.986629399846226,0.9789833484975982,0.010485752980878671,0.02101665150240179,10485.75298087867,1632256.0,22120.0,35041.0,2087409.0
NF-BoT-IoT-v2,multiclass,edge_mlp,11,val,Reconnaissance,261769.0,0.9095788238939424,0.9419946594134523,0.0069737133707931335,0.05800534058654768,6973.713370793133,246585.0,24513.0,15184.0,3490544.0
NF-BoT-IoT-v2,multiclass,edge_mlp,11,val,Theft,263.0,0.16472114137483787,0.9657794676806084,0.0003410508443788704,0.034220532319391636,341.0508443788704,254.0,1288.0,9.0,3775275.0
NF-BoT-IoT-v2,multiclass,edge_mlp,11,test,Benign,27193.0,0.8409780195728981,0.9891148457323576,0.0006762241272141653,0.010885154267642408,676.2241272141654,26897.0,5086.0,296.0,7516089.0
NF-BoT-IoT-v2,multiclass,edge_mlp,11,test,DDoS,3664129.0,0.9942170834287374,0.9942474732740032,0.0054553800628643085,0.005752526725996819,5455.3800628643085,3643051.0,21190.0,21078.0,3863049.0
NF-BoT-IoT-v2,multiclass,edge_mlp,11,test,DoS,3333638.0,0.9867763356647924,0.978831834770302,0.010375041817625328,0.021168165229698006,10375.041817625328,3263071.0,43728.0,70567.0,4171002.0
NF-BoT-IoT-v2,multiclass,edge_mlp,11,test,Reconnaissance,522928.0,0.9090318939793521,0.9425924792705688,0.007021054909016375,0.0574075207294312,7021.054909016375,492908.0,49326.0,30020.0,6976114.0
NF-BoT-IoT-v2,multiclass,edge_mlp,11,test,Theft,480.0,0.15300546448087432,0.9916666666666667,0.0003491042792367878,0.008333333333333333,349.1042792367878,476.0,2635.0,4.0,7545253.0
NF-BoT-IoT-v2,multiclass,edge_mlp,22,val,Benign,13471.0,0.8555391622297774,0.9900527058124861,0.0005984022235478716,0.009947294187513918,598.4022235478715,13337.0,2252.0,134.0,3761103.0
NF-BoT-IoT-v2,multiclass,edge_mlp,22,val,DDoS,1834026.0,0.9942551924641386,0.9942432659078988,0.005423100679431748,0.005756734092101203,5423.100679431748,1823468.0,10536.0,10558.0,1932264.0
NF-BoT-IoT-v2,multiclass,edge_mlp,22,val,DoS,1667297.0,0.9866361215799224,0.978995343960914,0.010480538546756171,0.02100465603908602,10480.538546756172,1632276.0,22109.0,35021.0,2087420.0
NF-BoT-IoT-v2,multiclass,edge_mlp,22,val,Reconnaissance,261769.0,0.9097092425264601,0.9426822885826817,0.006967739072225572,0.057317711417318326,6967.739072225571,246765.0,24492.0,15004.0,3490565.0
NF-BoT-IoT-v2,multiclass,edge_mlp,22,val,Theft,263.0,0.16216216216216217,0.9809885931558935,0.0003529664406498713,0.019011406844106463,352.96644064987134,258.0,1333.0,5.0,3775230.0
NF-BoT-IoT-v2,multiclass,edge_mlp,22,test,Benign,27193.0,0.858428256915861,0.9893722649211194,0.0005899344184917915,0.010627735078880594,589.9344184917915,26904.0,4437.0,289.0,7516738.0
NF-BoT-IoT-v2,multiclass,edge_mlp,22,test,DDoS,3664129.0,0.9942178312282415,0.9942829523742205,0.005454865161489806,0.005717047625779551,5454.865161489805,3643181.0,21188.0,20948.0,3863051.0
NF-BoT-IoT-v2,multiclass,edge_mlp,22,test,DoS,3333638.0,0.9867809557218112,0.9788426337832722,0.010371482870788876,0.021157366216727792,10371.482870788876,3263107.0,43713.0,70531.0,4171017.0
NF-BoT-IoT-v2,multiclass,edge_mlp,22,test,Reconnaissance,522928.0,0.9092247753426071,0.9434358076064009,0.007010948780432257,0.05656419239359912,7010.948780432258,493349.0,49255.0,29579.0,6976185.0
NF-BoT-IoT-v2,multiclass,edge_mlp,22,test,Theft,480.0,0.14842300556586271,1.0,0.00036487027894425566,0.0,364.8702789442557,480.0,2754.0,0.0,7545134.0
NF-BoT-IoT-v2,multiclass,edge_mlp,33,val,Benign,13471.0,0.8393104316094123,0.9902754064286244,0.000678649768624007,0.009724593571375548,678.649768624007,13340.0,2554.0,131.0,3760801.0
NF-BoT-IoT-v2,multiclass,edge_mlp,33,val,DDoS,1834026.0,0.9942561639637812,0.9942236369604357,0.005422071237389335,0.0057763630395643245,5422.071237389335,1823432.0,10534.0,10594.0,1932266.0
NF-BoT-IoT-v2,multiclass,edge_mlp,33,val,DoS,1667297.0,0.9866046346405489,0.9794901568226897,0.010510877072559799,0.02050984317731034,10510.877072559799,1633101.0,22173.0,34196.0,2087356.0
NF-BoT-IoT-v2,multiclass,edge_mlp,33,val,Reconnaissance,261769.0,0.91234586187743,0.9412077060308899,0.006734172447274682,0.05879229396911017,6734.172447274682,246379.0,23671.0,15390.0,3491386.0
NF-BoT-IoT-v2,multiclass,edge_mlp,33,val,Theft,263.0,0.15468940316686966,0.9657794676806084,0.0003675299472033169,0.034220532319391636,367.52994720331685,254.0,1388.0,9.0,3775175.0
NF-BoT-IoT-v2,multiclass,edge_mlp,33,test,Benign,27193.0,0.8409076701881603,0.9893722649211194,0.0006767559590090645,0.010627735078880594,676.7559590090644,26904.0,5090.0,289.0,7516085.0
NF-BoT-IoT-v2,multiclass,edge_mlp,33,test,DDoS,3664129.0,0.994217722348061,0.9942641211594897,0.005454865161489806,0.005735878840510255,5454.865161489805,3643112.0,21188.0,21017.0,3863051.0
NF-BoT-IoT-v2,multiclass,edge_mlp,33,test,DoS,3333638.0,0.9867600810625787,0.9793354887363295,0.010393311078052449,0.020664511263670502,10393.31107805245,3264750.0,43805.0,68888.0,4170925.0
NF-BoT-IoT-v2,multiclass,edge_mlp,33,test,Reconnaissance,522928.0,0.9117893711829358,0.9418581525563748,0.006782350998656312,0.058141847443625126,6782.350998656312,492524.0,47649.0,30404.0,6977791.0
NF-BoT-IoT-v2,multiclass,edge_mlp,33,test,Theft,480.0,0.14285714285714285,0.9958333333333333,0.00037997384168922486,0.004166666666666667,379.97384168922486,478.0,2868.0,2.0,7545020.0
NF-BoT-IoT-v2,multiclass,edge_mlp,44,val,Benign,13471.0,0.8365076371864982,0.9878999331898152,0.0006911386249769156,0.01210006681018484,691.1386249769156,13308.0,2601.0,163.0,3760754.0
NF-BoT-IoT-v2,multiclass,edge_mlp,44,val,DDoS,1834026.0,0.9942556876053714,0.9942350871797891,0.005422585958410542,0.005764912820210836,5422.585958410542,1823453.0,10535.0,10573.0,1932265.0
NF-BoT-IoT-v2,multiclass,edge_mlp,44,val,DoS,1667297.0,0.9865904377841886,0.9790127373827219,0.01051703958561366,0.020987262617278145,10517.03958561366,1632305.0,22186.0,34992.0,2087343.0
NF-BoT-IoT-v2,multiclass,edge_mlp,44,val,Reconnaissance,261769.0,0.9096648966201829,0.9417119674216581,0.006964325187329821,0.058288032578341975,6964.325187329821,246511.0,24480.0,15258.0,3490577.0
NF-BoT-IoT-v2,multiclass,edge_mlp,44,val,Theft,263.0,0.17553559087767795,0.9657794676806084,0.0003158956966956463,0.034220532319391636,315.8956966956463,254.0,1193.0,9.0,3775370.0
NF-BoT-IoT-v2,multiclass,edge_mlp,44,test,Benign,27193.0,0.8385625,0.9867980730335013,0.0006868607631121467,0.013201926966498731,686.8607631121467,26834.0,5166.0,359.0,7516009.0
NF-BoT-IoT-v2,multiclass,edge_mlp,44,test,DDoS,3664129.0,0.9942161638489773,0.9942761294703325,0.005456409865613316,0.005723870529667487,5456.409865613316,3643156.0,21194.0,20973.0,3863045.0
NF-BoT-IoT-v2,multiclass,edge_mlp,44,test,DoS,3333638.0,0.9867358324538936,0.9788600321930575,0.010407546865398258,0.021139967806942446,10407.546865398259,3263165.0,43865.0,70473.0,4170865.0
NF-BoT-IoT-v2,multiclass,edge_mlp,44,test,Reconnaissance,522928.0,0.9090997972657626,0.9424108099011719,0.007013937917055729,0.05758919009882814,7013.937917055729,492813.0,49276.0,30115.0,6976164.0
NF-BoT-IoT-v2,multiclass,edge_mlp,44,test,Theft,480.0,0.1645394963780614,0.99375,0.0003208844646343454,0.00625,320.8844646343454,477.0,2422.0,3.0,7545466.0
NF-BoT-IoT-v2,multiclass,edge_mlp,55,val,Benign,13471.0,0.8473272738829213,0.9896073045802093,0.000638260275738005,0.010392695419790661,638.260275738005,13331.0,2402.0,140.0,3760953.0
NF-BoT-IoT-v2,multiclass,edge_mlp,55,val,DDoS,1834026.0,0.9942542836610758,0.9942737998261748,0.005424130121474161,0.0057262001738252345,5424.130121474161,1823524.0,10538.0,10502.0,1932262.0
NF-BoT-IoT-v2,multiclass,edge_mlp,55,val,DoS,1667297.0,0.9866063256565891,0.9794829595447002,0.010509454954162754,0.020517040455299805,10509.454954162753,1633089.0,22170.0,34208.0,2087359.0
NF-BoT-IoT-v2,multiclass,edge_mlp,55,val,Reconnaissance,261769.0,0.9123551795163837,0.9425103812903743,0.006742707159514056,0.05748961870962566,6742.707159514056,246720.0,23701.0,15049.0,3491356.0
NF-BoT-IoT-v2,multiclass,edge_mlp,55,val,Theft,263.0,0.18874907475943745,0.9695817490494296,0.0002902109669559332,0.030418250950570342,290.2109669559332,255.0,1096.0,8.0,3775467.0
NF-BoT-IoT-v2,multiclass,edge_mlp,55,test,Benign,27193.0,0.8487700129472321,0.9884161365057184,0.0006367356164429096,0.011583863494281617,636.7356164429095,26878.0,4789.0,315.0,7516386.0
NF-BoT-IoT-v2,multiclass,edge_mlp,55,test,DDoS,3664129.0,0.9942158516664492,0.994315975229038,0.005456924766987819,0.0056840247709619394,5456.92476698782,3643302.0,21196.0,20827.0,3863043.0
NF-BoT-IoT-v2,multiclass,edge_mlp,55,test,DoS,3333638.0,0.9867548868217139,0.9793261895862718,0.010397344551133761,0.020673810413728184,10397.344551133761,3264719.0,43822.0,68919.0,4170908.0
NF-BoT-IoT-v2,multiclass,edge_mlp,55,test,Reconnaissance,522928.0,0.9117831933829538,0.9431298381421535,0.00679203010772279,0.05687016185784659,6792.0301077227905,493189.0,47717.0,29739.0,6977723.0
NF-BoT-IoT-v2,multiclass,edge_mlp,55,test,Theft,480.0,0.17198838896952104,0.9875,0.0003023362296843832,0.0125,302.3362296843832,474.0,2282.0,6.0,7545606.0
NF-BoT-IoT-v2,multiclass,sage,11,val,Benign,13471.0,0.08211294350223702,0.9373468933264049,0.03750616139056773,0.06265310667359512,37506.16139056772,12627.0,141149.0,844.0,3622206.0
NF-BoT-IoT-v2,multiclass,sage,11,val,DDoS,1834026.0,0.7271702696421399,0.4077341324495945,0.144414247477867,0.5922658675504056,144414.247477867,747795.0,280568.0,1086231.0,1662232.0
NF-BoT-IoT-v2,multiclass,sage,11,val,DoS,1667297.0,0.5950619132096879,0.7819908510601291,0.4205867755314101,0.21800914893987094,420586.77553141007,1303811.0,887240.0,363486.0,1222289.0
NF-BoT-IoT-v2,multiclass,sage,11,val,Reconnaissance,261769.0,0.6080976307981333,0.9348203950811593,0.044866128771169286,0.06517960491884066,44866.128771169286,244707.0,157707.0,17062.0,3357350.0
NF-BoT-IoT-v2,multiclass,sage,11,val,Theft,263.0,0.21031096563011456,0.9771863117870723,0.00025552334225590836,0.022813688212927757,255.52334225590835,257.0,965.0,6.0,3775598.0
NF-BoT-IoT-v2,multiclass,sage,11,test,Benign,27193.0,0.29290912012487663,0.9384768138859265,0.008191007389138,0.06152318611407347,8191.007389138001,25520.0,61606.0,1673.0,7459569.0
NF-BoT-IoT-v2,multiclass,sage,11,test,DDoS,3664129.0,0.7261923415736864,0.4148655792413422,0.14755914865176936,0.5851344207586577,147559.14865176936,1520121.0,573155.0,2144008.0,3311084.0
NF-BoT-IoT-v2,multiclass,sage,11,test,DoS,3333638.0,0.58819701646487,0.8012492658171043,0.44369342757424557,0.19875073418289568,443693.42757424555,2671075.0,1870048.0,662563.0,2344682.0
NF-BoT-IoT-v2,multiclass,sage,11,test,Reconnaissance,522928.0,0.603293405911005,0.9512074319982866,0.04655694162927874,0.04879256800171343,46556.941629278735,497413.0,327083.0,25515.0,6698357.0
NF-BoT-IoT-v2,multiclass,sage,11,test,Theft,480.0,0.20409032807839794,0.9979166666666667,0.0002474864491894951,0.0020833333333333333,247.48644918949512,479.0,1868.0,1.0,7546020.0
NF-BoT-IoT-v2,multiclass,sage,22,val,Benign,13471.0,0.30570033466834917,0.8272585554153367,0.006725382006215199,0.17274144458466334,6725.382006215199,11144.0,25310.0,2327.0,3738045.0
NF-BoT-IoT-v2,multiclass,sage,22,val,DDoS,1834026.0,0.7083972765775681,0.4485110898100681,0.174287111385629,0.5514889101899318,174287.111385629,822581.0,338605.0,1011445.0,1604195.0
NF-BoT-IoT-v2,multiclass,sage,22,val,DoS,1667297.0,0.5893017506928417,0.8052584512537359,0.44355540976208435,0.19474154874626418,443555.4097620843,1342605.0,935693.0,324692.0,1173836.0
NF-BoT-IoT-v2,multiclass,sage,22,val,Reconnaissance,261769.0,0.7182006379090609,0.8137479991901256,0.02377770829889814,0.18625200080987436,23777.708298898142,213014.0,83580.0,48755.0,3431477.0
NF-BoT-IoT-v2,multiclass,sage,22,val,Theft,263.0,0.0607824871914299,0.9923954372623575,0.0010679022169099257,0.0076045627376425855,1067.9022169099258,261.0,4033.0,2.0,3772530.0
NF-BoT-IoT-v2,multiclass,sage,22,test,Benign,27193.0,0.8006823799742366,0.8457323575920274,0.0007611842564492915,0.15426764240797264,761.1842564492915,22998.0,5725.0,4195.0,7515450.0
NF-BoT-IoT-v2,multiclass,sage,22,test,DDoS,3664129.0,0.6935588425470259,0.4619389764934586,0.19253655606670958,0.5380610235065414,192536.5560667096,1692604.0,747858.0,1971525.0,3136381.0
NF-BoT-IoT-v2,multiclass,sage,22,test,DoS,3333638.0,0.5864286841489494,0.8081729329939243,0.4508044406165994,0.19182706700607566,450804.4406165994,2694156.0,1900019.0,639482.0,2314711.0
NF-BoT-IoT-v2,multiclass,sage,22,test,Reconnaissance,522928.0,0.7872582982598947,0.7157524554049506,0.014396820697351341,0.2842475445950494,14396.82069735134,374287.0,101144.0,148641.0,6924296.0
NF-BoT-IoT-v2,multiclass,sage,22,test,Theft,480.0,0.04991124569280568,0.9958333333333333,0.0012055027843550408,0.004166666666666667,1205.5027843550408,478.0,9099.0,2.0,7538789.0
NF-BoT-IoT-v2,multiclass,sage,33,val,Benign,13471.0,0.10132699802292754,0.9245044911290922,0.029350141031074667,0.07549550887090788,29350.141031074665,12454.0,110455.0,1017.0,3652900.0
NF-BoT-IoT-v2,multiclass,sage,33,val,DDoS,1834026.0,0.7166418752145414,0.4541909438579388,0.16953108914968087,0.5458090561420612,169531.08914968086,832998.0,329365.0,1001028.0,1613435.0
NF-BoT-IoT-v2,multiclass,sage,33,val,DoS,1667297.0,0.6078787390816142,0.7562090017555361,0.38554293399142653,0.24379099824446393,385542.93399142654,1260825.0,813314.0,406472.0,1296215.0
NF-BoT-IoT-v2,multiclass,sage,33,val,Reconnaissance,261769.0,0.5834634208336631,0.929521830316042,0.049417975298835834,0.070478169683958,49417.97529883584,243320.0,173707.0,18449.0,3341350.0
NF-BoT-IoT-v2,multiclass,sage,33,val,Theft,263.0,0.5128865979381443,0.7566539923954373,5.004550433820381e-05,0.24334600760456274,50.04550433820381,199.0,189.0,64.0,3776374.0
NF-BoT-IoT-v2,multiclass,sage,33,test,Benign,27193.0,0.27504482049936596,0.9252381127496047,0.008817239327631654,0.07476188725039533,8817.239327631652,25160.0,66316.0,2033.0,7454859.0
NF-BoT-IoT-v2,multiclass,sage,33,test,DDoS,3664129.0,0.7159724744037558,0.44876176575660953,0.16793637054774435,0.5512382342433905,167936.37054774436,1644321.0,652305.0,2019808.0,3231934.0
NF-BoT-IoT-v2,multiclass,sage,33,test,DoS,3333638.0,0.598072669899319,0.7754906201573176,0.41221027206962246,0.22450937984268238,412210.2720696225,2585205.0,1737355.0,748433.0,2477375.0
NF-BoT-IoT-v2,multiclass,sage,33,test,Reconnaissance,522928.0,0.5874790786356583,0.9403914114371386,0.04915080051925573,0.05960858856286143,49150.80051925573,491757.0,345306.0,31171.0,6680134.0
NF-BoT-IoT-v2,multiclass,sage,33,test,Theft,480.0,0.4727838258164852,0.6333333333333333,4.4913226057408376e-05,0.36666666666666664,44.91322605740838,304.0,339.0,176.0,7547549.0
NF-BoT-IoT-v2,multiclass,sage,44,val,Benign,13471.0,0.1839225661073081,0.7997921460916042,0.012702761232995559,0.20020785390839582,12702.76123299556,10774.0,47805.0,2697.0,3715550.0
NF-BoT-IoT-v2,multiclass,sage,44,val,DDoS,1834026.0,0.5893157423759425,0.7458051303525686,0.4906397982293597,0.2541948696474314,490639.7982293597,1367826.0,953215.0,466200.0,989585.0
NF-BoT-IoT-v2,multiclass,sage,44,val,DoS,1667297.0,0.6922073916971904,0.3836748941550306,0.13483815581582428,0.6163251058449695,134838.15581582428,639700.0,284445.0,1027597.0,1825084.0
NF-BoT-IoT-v2,multiclass,sage,44,val,Reconnaissance,261769.0,0.5285131304056717,0.9528859414216351,0.0633053745643385,0.04711405857836489,63305.374564338505,249436.0,222522.0,12333.0,3292535.0
NF-BoT-IoT-v2,multiclass,sage,44,val,Theft,263.0,0.2357207615593835,0.9885931558935361,0.00022321883681008367,0.011406844106463879,223.21883681008367,260.0,843.0,3.0,3775720.0
NF-BoT-IoT-v2,multiclass,sage,44,test,Benign,27193.0,0.5901527299492653,0.8255801125289597,0.0020729473785678436,0.17441988747104034,2072.9473785678433,22450.0,15591.0,4743.0,7505584.0
NF-BoT-IoT-v2,multiclass,sage,44,test,DDoS,3664129.0,0.574765916475619,0.7686555249555898,0.5364554034908768,0.23134447504441027,536455.4034908769,2816453.0,2083721.0,847676.0,1800518.0
NF-BoT-IoT-v2,multiclass,sage,44,test,DoS,3333638.0,0.6661131520189659,0.3519695299849594,0.13954203472108534,0.6480304700150407,139542.03472108534,1173339.0,588132.0,2160299.0,3626598.0
NF-BoT-IoT-v2,multiclass,sage,44,test,Reconnaissance,522928.0,0.5865157471014562,0.9495819692194719,0.04982876517342686,0.0504180307805281,49828.76517342686,496563.0,350069.0,26365.0,6675371.0
NF-BoT-IoT-v2,multiclass,sage,44,test,Theft,480.0,0.23414634146341465,1.0,0.00020800520622457568,0.0,208.00520622457566,480.0,1570.0,0.0,7546318.0
NF-BoT-IoT-v2,multiclass,sage,55,val,Benign,13471.0,0.03212112420117123,0.9369014920941281,0.10105291687868936,0.06309850790587188,101052.91687868936,12621.0,380298.0,850.0,3383057.0
NF-BoT-IoT-v2,multiclass,sage,55,val,DDoS,1834026.0,0.7421059053905646,0.348179905846482,0.11422380070002058,0.651820094153518,114223.80070002058,638571.0,221914.0,1195455.0,1720886.0
NF-BoT-IoT-v2,multiclass,sage,55,val,DoS,1667297.0,0.6031733785160308,0.7174060770216704,0.37303635076834685,0.2825939229783296,373036.35076834686,1196129.0,786931.0,471168.0,1322598.0
NF-BoT-IoT-v2,multiclass,sage,55,val,Reconnaissance,261769.0,0.4736803053967524,0.9755242217374861,0.08072130836000668,0.024475778262513896,80721.30836000667,255362.0,283740.0,6407.0,3231317.0
NF-BoT-IoT-v2,multiclass,sage,55,val,Theft,263.0,0.20476190476190476,0.9809885931558935,0.00026532061030095353,0.019011406844106463,265.32061030095355,258.0,1002.0,5.0,3775561.0
NF-BoT-IoT-v2,multiclass,sage,55,test,Benign,27193.0,0.07533963256454349,0.9377045563196411,0.04160985484315948,0.062295443680358914,41609.85484315948,25499.0,312955.0,1694.0,7208220.0
NF-BoT-IoT-v2,multiclass,sage,55,test,DDoS,3664129.0,0.7384147935287316,0.3693014083292373,0.12341233379305444,0.6306985916707627,123412.33379305444,1353168.0,479363.0,2310961.0,3404876.0
NF-BoT-IoT-v2,multiclass,sage,55,test,DoS,3333638.0,0.5918040290382053,0.7644561287098359,0.41705376145091144,0.23554387129016408,417053.76145091146,2548420.0,1757769.0,785218.0,2456961.0
NF-BoT-IoT-v2,multiclass,sage,55,test,Reconnaissance,522928.0,0.4803330193700094,0.9820415047578251,0.0790825912683049,0.01795849524217483,79082.59126830491,513537.0,555590.0,9391.0,6469850.0
NF-BoT-IoT-v2,multiclass,sage,55,test,Theft,480.0,0.23173681664247703,0.9979166666666667,0.0002103899792895708,0.0020833333333333333,210.38997928957082,479.0,1588.0,1.0,7546300.0
NF-BoT-IoT-v2,multiclass,sage_edge,11,val,Benign,13471.0,0.753315649867374,0.9908692747383268,0.0011614636408204912,0.009130725261673224,1161.4636408204913,13348.0,4371.0,123.0,3758984.0
NF-BoT-IoT-v2,multiclass,sage_edge,11,val,DDoS,1834026.0,0.9942489410320174,0.9942874310396909,0.005429277331686226,0.005712568960309178,5429.277331686226,1823549.0,10548.0,10477.0,1932252.0
NF-BoT-IoT-v2,multiclass,sage_edge,11,val,DoS,1667297.0,0.9907261349650713,0.9598241944896441,0.007101111195911504,0.04017580551035598,7101.111195911504,1600312.0,14980.0,66985.0,2094549.0
NF-BoT-IoT-v2,multiclass,sage_edge,11,val,Reconnaissance,261769.0,0.8200635911516344,0.9675515435364768,0.015809985442625824,0.032448456463523186,15809.985442625824,253275.0,55573.0,8494.0,3459484.0
NF-BoT-IoT-v2,multiclass,sage_edge,11,val,Theft,263.0,0.28620689655172415,0.9467680608365019,0.00016443522853981253,0.053231939163498096,164.43522853981253,249.0,621.0,14.0,3775942.0
NF-BoT-IoT-v2,multiclass,sage_edge,11,test,Benign,27193.0,0.756998028724303,0.9885264590151878,0.001147294139546015,0.011473540984812267,1147.294139546015,26881.0,8629.0,312.0,7512546.0
NF-BoT-IoT-v2,multiclass,sage_edge,11,test,DDoS,3664129.0,0.9942156529664665,0.9943285293721918,0.005457182217675071,0.005671470627808137,5457.182217675071,3643348.0,21197.0,20781.0,3863042.0
NF-BoT-IoT-v2,multiclass,sage_edge,11,test,DoS,3333638.0,0.9917033956973691,0.9578238548996622,0.006338009789476432,0.04217614510033783,6338.009789476431,3193038.0,26713.0,140600.0,4188017.0
NF-BoT-IoT-v2,multiclass,sage_edge,11,test,Reconnaissance,522928.0,0.8123260380295821,0.9738893308447817,0.016747563141952675,0.02611066915521831,16747.563141952676,509274.0,117659.0,13654.0,6907781.0
NF-BoT-IoT-v2,multiclass,sage_edge,11,test,Theft,480.0,0.28115408225905464,0.9541666666666667,0.0001551427366171835,0.04583333333333333,155.14273661718352,458.0,1171.0,22.0,7546717.0
NF-BoT-IoT-v2,multiclass,sage_edge,22,val,Benign,13471.0,0.7462353597322923,0.993244747977136,0.0012090275831007173,0.00675525202286393,1209.0275831007173,13380.0,4550.0,91.0,3758805.0
NF-BoT-IoT-v2,multiclass,sage_edge,22,val,DDoS,1834026.0,0.9942461678376431,0.994276526068878,0.005431850936792259,0.005723473931122023,5431.850936792259,1823529.0,10553.0,10497.0,1932247.0
NF-BoT-IoT-v2,multiclass,sage_edge,22,val,DoS,1667297.0,0.9897240401094117,0.9646487698352483,0.007915985037418305,0.03535123016475169,7915.985037418305,1608356.0,16699.0,58941.0,2092830.0
NF-BoT-IoT-v2,multiclass,sage_edge,22,val,Reconnaissance,261769.0,0.8422307901022005,0.9605109848759784,0.013399213725410428,0.03948901512402156,13399.213725410427,251432.0,47099.0,10337.0,3467958.0
NF-BoT-IoT-v2,multiclass,sage_edge,22,val,Theft,263.0,0.21091205211726385,0.9847908745247148,0.0002565825063688862,0.015209125475285171,256.5825063688862,259.0,969.0,4.0,3775594.0
NF-BoT-IoT-v2,multiclass,sage_edge,22,test,Benign,27193.0,0.7607453486081008,0.9938954878093627,0.0011301425641605202,0.006104512190637296,1130.1425641605201,27027.0,8500.0,166.0,7512675.0
NF-BoT-IoT-v2,multiclass,sage_edge,22,test,DDoS,3664129.0,0.994216159278705,0.994322252300615,0.0054566673163005674,0.005677747699385038,5456.667316300567,3643325.0,21195.0,20804.0,3863044.0
NF-BoT-IoT-v2,multiclass,sage_edge,22,test,DoS,3333638.0,0.9906409572958391,0.9632500589446125,0.007197851345163273,0.036749941055387536,7197.8513451632725,3211127.0,30337.0,122511.0,4184393.0
NF-BoT-IoT-v2,multiclass,sage_edge,22,test,Reconnaissance,522928.0,0.8360602316168018,0.9665307652296301,0.014106874444874627,0.033469234770369914,14106.874444874627,505426.0,99107.0,17502.0,6926333.0
NF-BoT-IoT-v2,multiclass,sage_edge,22,test,Theft,480.0,0.20567986230636834,0.9958333333333333,0.0002445717265545011,0.004166666666666667,244.57172655450108,478.0,1846.0,2.0,7546042.0
NF-BoT-IoT-v2,multiclass,sage_edge,33,val,Benign,13471.0,0.7895638813379033,0.991834310741593,0.0009462301589937701,0.008165689258406949,946.2301589937701,13361.0,3561.0,110.0,3759794.0
NF-BoT-IoT-v2,multiclass,sage_edge,33,val,DDoS,1834026.0,0.9942560289886522,0.9942945192707192,0.005422585958410542,0.005705480729280828,5422.585958410542,1823562.0,10535.0,10464.0,1932265.0
NF-BoT-IoT-v2,multiclass,sage_edge,33,val,DoS,1667297.0,0.990546794572553,0.9608642011591216,0.007247589390807142,0.03913579884087838,7247.589390807142,1602046.0,15289.0,65251.0,2094240.0
NF-BoT-IoT-v2,multiclass,sage_edge,33,val,Reconnaissance,261769.0,0.8248171379070025,0.9675324427262204,0.01530330802601494,0.032467557273779556,15303.30802601494,253270.0,53792.0,8499.0,3461265.0
NF-BoT-IoT-v2,multiclass,sage_edge,33,val,Theft,263.0,0.18368794326241134,0.9847908745247148,0.00030477447350937874,0.015209125475285171,304.77447350937877,259.0,1151.0,4.0,3775412.0
NF-BoT-IoT-v2,multiclass,sage_edge,33,test,Benign,27193.0,0.796281516951908,0.9906593608649285,0.0009163461826110947,0.009340639135071526,916.3461826110947,26939.0,6892.0,254.0,7514283.0
NF-BoT-IoT-v2,multiclass,sage_edge,33,test,DDoS,3664129.0,0.9942180947328666,0.9943285293721918,0.005454865161489806,0.005671470627808137,5454.865161489805,3643348.0,21188.0,20781.0,3863051.0
NF-BoT-IoT-v2,multiclass,sage_edge,33,test,DoS,3333638.0,0.9914918151404317,0.958974549726155,0.006508839237626135,0.04102545027384497,6508.839237626135,3196874.0,27433.0,136764.0,4187297.0
NF-BoT-IoT-v2,multiclass,sage_edge,33,test,Reconnaissance,522928.0,0.8174692480685235,0.973858733898357,0.016185605456740075,0.026141266101643055,16185.605456740075,509258.0,113711.0,13670.0,6911729.0
NF-BoT-IoT-v2,multiclass,sage_edge,33,test,Theft,480.0,0.1761467889908257,1.0,0.0002974341961618932,0.0,297.4341961618932,480.0,2245.0,0.0,7545643.0
NF-BoT-IoT-v2,multiclass,sage_edge,44,val,Benign,13471.0,0.7685907436297452,0.9874545319575384,0.0010642099934765655,0.012545468042461583,1064.2099934765654,13302.0,4005.0,169.0,3759350.0
NF-BoT-IoT-v2,multiclass,sage_edge,44,val,DDoS,1834026.0,0.9942555056856099,0.994297790761963,0.005423100679431748,0.005702209238036974,5423.100679431748,1823568.0,10536.0,10458.0,1932264.0
NF-BoT-IoT-v2,multiclass,sage_edge,44,val,DoS,1667297.0,0.9903204344530511,0.9614975616221945,0.007427724387766179,0.038502438377805516,7427.7243877661795,1603102.0,15669.0,64195.0,2093860.0
NF-BoT-IoT-v2,multiclass,sage_edge,44,val,Reconnaissance,261769.0,0.827255987676327,0.9662565086010949,0.015025929878235261,0.03374349139890514,15025.92987823526,252936.0,52817.0,8833.0,3462240.0
NF-BoT-IoT-v2,multiclass,sage_edge,44,val,Theft,263.0,0.29180695847362514,0.9885931558935361,0.00016708313882225716,0.011406844106463879,167.08313882225715,260.0,631.0,3.0,3775932.0
NF-BoT-IoT-v2,multiclass,sage_edge,44,test,Benign,27193.0,0.7763513317261611,0.9829367852020741,0.0010237762051807065,0.017063214797925937,1023.7762051807065,26729.0,7700.0,464.0,7513475.0
NF-BoT-IoT-v2,multiclass,sage_edge,44,test,DDoS,3664129.0,0.9942184007507592,0.9943345335276133,0.005454607710802553,0.005665466472386753,5454.607710802554,3643370.0,21187.0,20759.0,3863052.0
NF-BoT-IoT-v2,multiclass,sage_edge,44,test,DoS,3333638.0,0.9914430618276077,0.9589553514808746,0.006546326810970097,0.04104464851912535,6546.3268109700975,3196810.0,27591.0,136828.0,4187139.0
NF-BoT-IoT-v2,multiclass,sage_edge,44,test,Reconnaissance,522928.0,0.817140473593018,0.9740155432487838,0.01622389487348835,0.025984456751216228,16223.89487348835,509340.0,113980.0,13588.0,6911460.0
NF-BoT-IoT-v2,multiclass,sage_edge,44,test,Theft,480.0,0.2889825406381698,1.0,0.0001564676105421808,0.0,156.4676105421808,480.0,1181.0,0.0,7546707.0
NF-BoT-IoT-v2,multiclass,sage_edge,55,val,Benign,13471.0,0.774739281575898,0.9926508796674337,0.0010331207127682613,0.007349120332566254,1033.1207127682612,13372.0,3888.0,99.0,3759467.0
NF-BoT-IoT-v2,multiclass,sage_edge,55,val,DDoS,1834026.0,0.9942570098502668,0.994276526068878,0.005421556516368128,0.005723473931122023,5421.5565163681285,1823529.0,10533.0,10497.0,1932267.0
NF-BoT-IoT-v2,multiclass,sage_edge,55,val,DoS,1667297.0,0.99038408663034,0.9613764074427051,0.007377476204403922,0.038623592557294834,7377.476204403922,1602900.0,15563.0,64397.0,2093966.0
NF-BoT-IoT-v2,multiclass,sage_edge,55,val,Reconnaissance,261769.0,0.8269699908885166,0.9673567152718618,0.0150731552859598,0.03264328472813817,15073.155285959801,253224.0,52983.0,8545.0,3462074.0
NF-BoT-IoT-v2,multiclass,sage_edge,55,val,Theft,263.0,0.3069544364508393,0.973384030418251,0.00015304921432530055,0.026615969581749048,153.04921432530054,256.0,578.0,7.0,3775985.0
NF-BoT-IoT-v2,multiclass,sage_edge,55,test,Benign,27193.0,0.777345550945136,0.9920567793182069,0.0010273660697962751,0.007943220681793109,1027.3660697962753,26977.0,7727.0,216.0,7513448.0
NF-BoT-IoT-v2,multiclass,sage_edge,55,test,DDoS,3664129.0,0.9942185631986141,0.9943157023128826,0.005454350260115302,0.005684297687117457,5454.350260115302,3643301.0,21186.0,20828.0,3863053.0
NF-BoT-IoT-v2,multiclass,sage_edge,55,test,DoS,3333638.0,0.9913861477279384,0.959504001334278,0.006594016698578556,0.040495998665721955,6594.016698578556,3198639.0,27792.0,134999.0,4186938.0
NF-BoT-IoT-v2,multiclass,sage_edge,55,test,Reconnaissance,522928.0,0.819716645849161,0.9738759446807209,0.015942773691042838,0.026124055319279135,15942.77369104284,509267.0,112005.0,13661.0,6913435.0
NF-BoT-IoT-v2,multiclass,sage_edge,55,test,Theft,480.0,0.3229308005427408,0.9916666666666667,0.00013222241771473027,0.008333333333333333,132.22241771473026,476.0,998.0,4.0,7546890.0
NF-CSE-CIC-IDS2018-v2,binary,edge_mlp,11,val,Benign,1662121.0,0.9945981108376526,0.9980771556342769,0.04004035143074264,0.001922844365723073,40040.35143074264,1658925.0,9010.0,3196.0,216013.0
NF-CSE-CIC-IDS2018-v2,binary,edge_mlp,11,val,Attack,225023.0,0.9854203066479935,0.9599596485692574,0.001922844365723073,0.04004035143074264,1922.844365723073,216013.0,3196.0,9010.0,1658925.0
NF-CSE-CIC-IDS2018-v2,binary,edge_mlp,11,test,Benign,3326441.0,0.9945225717014116,0.9981063845713782,0.04037188230644745,0.0018936154286217613,40371.88230644745,3320142.0,18286.0,6299.0,434653.0
NF-CSE-CIC-IDS2018-v2,binary,edge_mlp,11,test,Attack,452939.0,0.985714998457882,0.9596281176935526,0.0018936154286217613,0.04037188230644745,1893.615428621761,434653.0,6299.0,18286.0,3320142.0
NF-CSE-CIC-IDS2018-v2,binary_detector,edge_mlp,11,test,false_alarm,3326441.0,,0.9981063845713782,0.0018936154286217613,,1893.615428621761,3320142.0,6299.0,,
NF-CSE-CIC-IDS2018-v2,binary,edge_mlp,22,val,Benign,1662121.0,0.9940585110495631,0.9978358976271884,0.04405327455415669,0.0021641023728116065,44053.274554156684,1658524.0,9913.0,3597.0,215110.0
NF-CSE-CIC-IDS2018-v2,binary,edge_mlp,22,val,Attack,225023.0,0.9835533384848222,0.9559467254458434,0.0021641023728116065,0.04405327455415669,2164.1023728116065,215110.0,3597.0,9913.0,1658524.0
NF-CSE-CIC-IDS2018-v2,binary,edge_mlp,22,test,Benign,3326441.0,0.9939677366898947,0.9977835169780556,0.04447177213708689,0.0022164830219444744,44471.77213708689,3319068.0,20143.0,7373.0,432796.0
NF-CSE-CIC-IDS2018-v2,binary,edge_mlp,22,test,Attack,452939.0,0.9832496154885965,0.9555282278629131,0.0022164830219444744,0.04447177213708689,2216.483021944475,432796.0,7373.0,20143.0,3319068.0
NF-CSE-CIC-IDS2018-v2,binary_detector,edge_mlp,22,test,false_alarm,3326441.0,,0.9977835169780556,0.0022164830219444744,,2216.483021944475,3319068.0,7373.0,,
NF-CSE-CIC-IDS2018-v2,binary,edge_mlp,33,val,Benign,1662121.0,0.994059128300659,0.9981415312122283,0.04406216253449648,0.0018584687877717687,44062.16253449647,1659032.0,9915.0,3089.0,215108.0
NF-CSE-CIC-IDS2018-v2,binary,edge_mlp,33,val,Attack,225023.0,0.9858430684198225,0.9559378374655035,0.0018584687877717687,0.04406216253449648,1858.4687877717688,215108.0,3089.0,9915.0,1659032.0
NF-CSE-CIC-IDS2018-v2,binary,edge_mlp,33,test,Benign,3326441.0,0.9939699037034664,0.9981442628923826,0.04447177213708689,0.0018557371076174205,44471.77213708689,3320268.0,20143.0,6173.0,432796.0
NF-CSE-CIC-IDS2018-v2,binary,edge_mlp,33,test,Attack,452939.0,0.9859375035594768,0.9555282278629131,0.0018557371076174205,0.04447177213708689,1855.7371076174206,432796.0,6173.0,20143.0,3320268.0
NF-CSE-CIC-IDS2018-v2,binary_detector,edge_mlp,33,test,false_alarm,3326441.0,,0.9981442628923826,0.0018557371076174205,,1855.7371076174206,3320268.0,6173.0,,
NF-CSE-CIC-IDS2018-v2,binary,edge_mlp,44,val,Benign,1662121.0,0.9940408514370126,0.9983737646055852,0.04420881421010297,0.0016262353944147268,44208.814210102966,1659418.0,9948.0,2703.0,215075.0
NF-CSE-CIC-IDS2018-v2,binary,edge_mlp,44,val,Attack,225023.0,0.9875882779711449,0.9557911857898971,0.0016262353944147268,0.04420881421010297,1626.2353944147267,215075.0,2703.0,9948.0,1659418.0
NF-CSE-CIC-IDS2018-v2,binary,edge_mlp,44,test,Benign,3326441.0,0.9939599273910305,0.9983655203865032,0.044555668644122054,0.0016344796134968274,44555.66864412206,3321004.0,20181.0,5437.0,432758.0
NF-CSE-CIC-IDS2018-v2,binary,edge_mlp,44,test,Attack,452939.0,0.9875922819749199,0.9554443313558779,0.0016344796134968274,0.044555668644122054,1634.4796134968274,432758.0,5437.0,20181.0,3321004.0
NF-CSE-CIC-IDS2018-v2,binary_detector,edge_mlp,44,test,false_alarm,3326441.0,,0.9983655203865032,0.0016344796134968274,,1634.4796134968274,3321004.0,5437.0,,
NF-CSE-CIC-IDS2018-v2,binary,edge_mlp,55,val,Benign,1662121.0,0.9946005601461751,0.9981998903810252,0.04002701946023295,0.0018001096189747918,40027.01946023296,1659129.0,9007.0,2992.0,216016.0
NF-CSE-CIC-IDS2018-v2,binary,edge_mlp,55,val,Attack,225023.0,0.9863383985973115,0.9599729805397671,0.0018001096189747918,0.04002701946023295,1800.1096189747918,216016.0,2992.0,9007.0,1659129.0
NF-CSE-CIC-IDS2018-v2,binary,edge_mlp,55,test,Benign,3326441.0,0.9945282392155935,0.9982170133184385,0.04033434965856329,0.0017829866815614647,40334.3496585633,3320510.0,18269.0,5931.0,434670.0
NF-CSE-CIC-IDS2018-v2,binary,edge_mlp,55,test,Attack,452939.0,0.9865388412645455,0.9596656503414367,0.0017829866815614647,0.04033434965856329,1782.9866815614646,434670.0,5931.0,18269.0,3320510.0
NF-CSE-CIC-IDS2018-v2,binary_detector,edge_mlp,55,test,false_alarm,3326441.0,,0.9982170133184385,0.0017829866815614647,,1782.9866815614646,3320510.0,5931.0,,
NF-CSE-CIC-IDS2018-v2,binary,sage,11,val,Benign,1662121.0,0.9949605339771185,0.9982624610362302,0.03734729338778703,0.0017375389637697856,37347.293387787024,1659233.0,8404.0,2888.0,216619.0
NF-CSE-CIC-IDS2018-v2,binary,sage,11,val,Attack,225023.0,0.9868432441790012,0.962652706612213,0.0017375389637697856,0.03734729338778703,1737.5389637697858,216619.0,2888.0,8404.0,1659233.0
NF-CSE-CIC-IDS2018-v2,binary,sage,11,test,Benign,3326441.0,0.9950648334819931,0.9973960157417492,0.03632939534904259,0.002603984258250785,36329.395349042585,3317779.0,16455.0,8662.0,436484.0
NF-CSE-CIC-IDS2018-v2,binary,sage,11,test,Attack,452939.0,0.9805412156910317,0.9636706046509574,0.002603984258250785,0.03632939534904259,2603.984258250785,436484.0,8662.0,16455.0,3317779.0
NF-CSE-CIC-IDS2018-v2,binary_detector,sage,11,test,false_alarm,3326441.0,,0.9973960157417492,0.002603984258250785,,2603.984258250785,3317779.0,8662.0,,
NF-CSE-CIC-IDS2018-v2,binary,sage,22,val,Benign,1662121.0,0.9947204656389956,0.9990024793622125,0.03916488536727357,0.0009975206377875016,39164.885367273564,1660463.0,8813.0,1658.0,216210.0
NF-CSE-CIC-IDS2018-v2,binary,sage,22,val,Attack,225023.0,0.9923898874547892,0.9608351146327264,0.0009975206377875016,0.03916488536727357,997.5206377875016,216210.0,1658.0,8813.0,1660463.0
NF-CSE-CIC-IDS2018-v2,binary,sage,22,test,Benign,3326441.0,0.9946625992773299,0.9988335882103425,0.03936291641920877,0.0011664117896574748,39362.91641920877,3322561.0,17829.0,3880.0,435110.0
NF-CSE-CIC-IDS2018-v2,binary,sage,22,test,Attack,452939.0,0.9911615298753957,0.9606370835807913,0.0011664117896574748,0.03936291641920877,1166.4117896574749,435110.0,3880.0,17829.0,3322561.0
NF-CSE-CIC-IDS2018-v2,binary_detector,sage,22,test,false_alarm,3326441.0,,0.9988335882103425,0.0011664117896574748,,1166.4117896574749,3322561.0,3880.0,,
NF-CSE-CIC-IDS2018-v2,binary,sage,33,val,Benign,1662121.0,0.9948420687136476,0.9980789605570233,0.0382227594512561,0.0019210394429767749,38222.7594512561,1658928.0,8601.0,3193.0,216422.0
NF-CSE-CIC-IDS2018-v2,binary,sage,33,val,Attack,225023.0,0.9854609202467955,0.9617772405487439,0.0019210394429767749,0.0382227594512561,1921.0394429767748,216422.0,3193.0,8601.0,1658928.0
NF-CSE-CIC-IDS2018-v2,binary,sage,33,test,Benign,3326441.0,0.9949392445372878,0.9971080202534781,0.037247841320795956,0.002891979746521883,37247.84132079596,3316821.0,16871.0,9620.0,436068.0
NF-CSE-CIC-IDS2018-v2,binary,sage,33,test,Attack,452939.0,0.9784153937283481,0.962752158679204,0.002891979746521883,0.037247841320795956,2891.9797465218835,436068.0,9620.0,16871.0,3316821.0
NF-CSE-CIC-IDS2018-v2,binary_detector,sage,33,test,false_alarm,3326441.0,,0.9971080202534781,0.002891979746521883,,2891.9797465218835,3316821.0,9620.0,,
NF-CSE-CIC-IDS2018-v2,binary,sage,44,val,Benign,1662121.0,0.9945571404449373,0.9993183408428147,0.040395870644334135,0.0006816591571853072,40395.870644334136,1660988.0,9090.0,1133.0,215933.0
NF-CSE-CIC-IDS2018-v2,binary,sage,44,val,Attack,225023.0,0.9947803893746603,0.9596041293556659,0.0006816591571853072,0.040395870644334135,681.6591571853072,215933.0,1133.0,9090.0,1660988.0
NF-CSE-CIC-IDS2018-v2,binary,sage,44,test,Benign,3326441.0,0.9945283871892391,0.9992277031217448,0.04037409010926416,0.0007722968782551683,40374.09010926416,3323872.0,18287.0,2569.0,434652.0
NF-CSE-CIC-IDS2018-v2,binary,sage,44,test,Attack,452939.0,0.9941242529521683,0.9596259098907358,0.0007722968782551683,0.04037409010926416,772.2968782551682,434652.0,2569.0,18287.0,3323872.0
NF-CSE-CIC-IDS2018-v2,binary_detector,sage,44,test,false_alarm,3326441.0,,0.9992277031217448,0.0007722968782551683,,772.2968782551682,3323872.0,2569.0,,
NF-CSE-CIC-IDS2018-v2,binary,sage,55,val,Benign,1662121.0,0.9949009014841698,0.9985025157614879,0.03780058038511619,0.001497484238512118,37800.58038511619,1659632.0,8506.0,2489.0,216517.0
NF-CSE-CIC-IDS2018-v2,binary,sage,55,val,Attack,225023.0,0.9886350145658109,0.9621994196148839,0.001497484238512118,0.03780058038511619,1497.484238512118,216517.0,2489.0,8506.0,1659632.0
NF-CSE-CIC-IDS2018-v2,binary,sage,55,test,Benign,3326441.0,0.9949935628095293,0.9976452310442302,0.03686589143350429,0.0023547689557698454,36865.891433504294,3318608.0,16698.0,7833.0,436241.0
NF-CSE-CIC-IDS2018-v2,binary,sage,55,test,Attack,452939.0,0.9823610479334526,0.9631341085664957,0.0023547689557698454,0.03686589143350429,2354.7689557698454,436241.0,7833.0,16698.0,3318608.0
NF-CSE-CIC-IDS2018-v2,binary_detector,sage,55,test,false_alarm,3326441.0,,0.9976452310442302,0.0023547689557698454,,2354.7689557698454,3318608.0,7833.0,,
NF-CSE-CIC-IDS2018-v2,binary,sage_edge,11,val,Benign,1662121.0,0.9948339965715869,0.9982492249360907,0.0382894193038045,0.0017507750639093062,38289.4193038045,1659211.0,8616.0,2910.0,216407.0
NF-CSE-CIC-IDS2018-v2,binary,sage_edge,11,val,Attack,225023.0,0.9867315347191509,0.9617105806961955,0.0017507750639093062,0.0382894193038045,1750.7750639093063,216407.0,2910.0,8616.0,1659211.0
NF-CSE-CIC-IDS2018-v2,binary,sage_edge,11,test,Benign,3326441.0,0.9948722131772636,0.9973055286415722,0.03775122036300694,0.002694471358427821,37751.22036300694,3317478.0,17099.0,8963.0,435840.0
NF-CSE-CIC-IDS2018-v2,binary,sage_edge,11,test,Attack,452939.0,0.9798495064107031,0.9622487796369931,0.002694471358427821,0.03775122036300694,2694.471358427821,435840.0,8963.0,17099.0,3317478.0
NF-CSE-CIC-IDS2018-v2,binary_detector,sage_edge,11,test,false_alarm,3326441.0,,0.9973055286415722,0.002694471358427821,,2694.471358427821,3317478.0,8963.0,,
NF-CSE-CIC-IDS2018-v2,binary,sage_edge,22,val,Benign,1662121.0,0.9948136416505023,0.9988117591920204,0.038462734920430355,0.0011882408079796837,38462.734920430354,1660146.0,8655.0,1975.0,216368.0
NF-CSE-CIC-IDS2018-v2,binary,sage_edge,22,val,Attack,225023.0,0.9909545989566874,0.9615372650795696,0.0011882408079796837,0.038462734920430355,1188.2408079796837,216368.0,1975.0,8655.0,1660146.0
NF-CSE-CIC-IDS2018-v2,binary,sage_edge,22,test,Benign,3326441.0,0.9948094668233529,0.9986120300946266,0.038265638419301494,0.0013879699053733405,38265.6384193015,3321824.0,17332.0,4617.0,435607.0
NF-CSE-CIC-IDS2018-v2,binary,sage_edge,22,test,Attack,452939.0,0.9895121574471178,0.9617343615806985,0.0013879699053733405,0.038265638419301494,1387.9699053733405,435607.0,4617.0,17332.0,3321824.0
NF-CSE-CIC-IDS2018-v2,binary_detector,sage_edge,22,test,false_alarm,3326441.0,,0.9986120300946266,0.0013879699053733405,,1387.9699053733405,3321824.0,4617.0,,
NF-CSE-CIC-IDS2018-v2,binary,sage_edge,33,val,Benign,1662121.0,0.9946426335912385,0.9990445942262928,0.03974704807952965,0.0009554057737072091,39747.048079529646,1660533.0,8944.0,1588.0,216079.0
NF-CSE-CIC-IDS2018-v2,binary,sage_edge,33,val,Attack,225023.0,0.9927044522137026,0.9602529519204703,0.0009554057737072091,0.03974704807952965,955.405773707209,216079.0,1588.0,8944.0,1660533.0
NF-CSE-CIC-IDS2018-v2,binary,sage_edge,33,test,Benign,3326441.0,0.9945769370497365,0.9991254917793522,0.040009802644506216,0.0008745082206478335,40009.80264450621,3323532.0,18122.0,2909.0,434817.0
NF-CSE-CIC-IDS2018-v2,binary,sage_edge,33,test,Attack,452939.0,0.9933542901267003,0.9599901973554937,0.0008745082206478335,0.040009802644506216,874.5082206478336,434817.0,2909.0,18122.0,3323532.0
NF-CSE-CIC-IDS2018-v2,binary_detector,sage_edge,33,test,false_alarm,3326441.0,,0.9991254917793522,0.0008745082206478335,,874.5082206478336,3323532.0,2909.0,,
NF-CSE-CIC-IDS2018-v2,binary,sage_edge,44,val,Benign,1662121.0,0.9942352991152814,0.9997731813748818,0.042817845286926226,0.00022681862511814724,42817.845286926226,1661744.0,9635.0,377.0,215388.0
NF-CSE-CIC-IDS2018-v2,binary,sage_edge,44,val,Attack,225023.0,0.9982527286631289,0.9571821547130738,0.00022681862511814724,0.042817845286926226,226.81862511814722,215388.0,377.0,9635.0,1661744.0
NF-CSE-CIC-IDS2018-v2,binary,sage_edge,44,test,Benign,3326441.0,0.9940165989390739,0.9997883623969281,0.044198004587814255,0.00021163760307187172,44198.004587814256,3325737.0,20019.0,704.0,432920.0
NF-CSE-CIC-IDS2018-v2,binary,sage_edge,44,test,Attack,452939.0,0.9983764736269211,0.9558019954121858,0.00021163760307187172,0.044198004587814255,211.63760307187172,432920.0,704.0,20019.0,3325737.0
NF-CSE-CIC-IDS2018-v2,binary_detector,sage_edge,44,test,false_alarm,3326441.0,,0.9997883623969281,0.00021163760307187172,,211.63760307187172,3325737.0,704.0,,
NF-CSE-CIC-IDS2018-v2,binary,sage_edge,55,val,Benign,1662121.0,0.9949155852948613,0.9990463991490391,0.03771170058171831,0.0009536008509609108,37711.700581718316,1660536.0,8486.0,1585.0,216537.0
NF-CSE-CIC-IDS2018-v2,binary,sage_edge,55,val,Attack,225023.0,0.9927334244138601,0.9622882994182816,0.0009536008509609108,0.03771170058171831,953.6008509609107,216537.0,1585.0,8486.0,1660536.0
NF-CSE-CIC-IDS2018-v2,binary,sage_edge,55,test,Benign,3326441.0,0.9948459827195524,0.998992917655837,0.038009533292562576,0.0010070823441630258,38009.53329256258,3323091.0,17216.0,3350.0,435723.0
NF-CSE-CIC-IDS2018-v2,binary,sage_edge,55,test,Attack,452939.0,0.9923702892229765,0.9619904667074374,0.0010070823441630258,0.038009533292562576,1007.0823441630259,435723.0,3350.0,17216.0,3323091.0
NF-CSE-CIC-IDS2018-v2,binary_detector,sage_edge,55,test,false_alarm,3326441.0,,0.998992917655837,0.0010070823441630258,,1007.0823441630259,3323091.0,3350.0,,
NF-CSE-CIC-IDS2018-v2,multiclass,edge_mlp,11,val,Benign,1662121.0,0.9978127137467082,0.5678599813130332,0.009194615661510157,0.43214001868696683,9194.615661510157,943852.0,2069.0,718269.0,222954.0
NF-CSE-CIC-IDS2018-v2,multiclass,edge_mlp,11,val,Bot,14384.0,0.9529396168887121,0.9995133481646273,0.00037911958820137126,0.00048665183537263625,379.11958820137124,14377.0,710.0,7.0,1872050.0
NF-CSE-CIC-IDS2018-v2,multiclass,edge_mlp,11,val,Brute Force,12560.0,0.9319145713420176,0.9796974522292994,0.00047957306794467464,0.020302547770700636,479.5730679446747,12305.0,899.0,255.0,1873685.0
NF-CSE-CIC-IDS2018-v2,multiclass,edge_mlp,11,val,DDoS,138349.0,0.9843009733827203,0.9911238968116863,0.0012505753962013843,0.008876103188313613,1250.5753962013844,137121.0,2187.0,1228.0,1746608.0
NF-CSE-CIC-IDS2018-v2,multiclass,edge_mlp,11,val,DoS,48247.0,0.9747294613545171,0.9969324517586585,0.0006781238970970098,0.0030675482413414306,678.1238970970098,48099.0,1247.0,148.0,1837650.0
NF-CSE-CIC-IDS2018-v2,multiclass,edge_mlp,11,val,Infilteration,11443.0,0.013242213884742223,0.8155204054880714,0.3707328620073242,0.1844795945119287,370732.8620073242,9332.0,695384.0,2111.0,1180317.0
NF-CSE-CIC-IDS2018-v2,multiclass,edge_mlp,11,val,injection,40.0,0.00040895613945404356,0.2,0.010361909041579055,0.8,10361.909041579054,8.0,19554.0,32.0,1867550.0
NF-CSE-CIC-IDS2018-v2,multiclass,edge_mlp,11,test,Benign,3326441.0,0.9978018733288496,0.566863203044936,0.009171212900633418,0.43313679695506396,9171.212900633418,1885637.0,4154.0,1440804.0,448785.0
NF-CSE-CIC-IDS2018-v2,multiclass,edge_mlp,11,test,Bot,28719.0,0.9486205187510326,0.9996866186148543,0.00041459358763695255,0.00031338138514572234,414.5935876369525,28710.0,1555.0,9.0,3749106.0
NF-CSE-CIC-IDS2018-v2,multiclass,edge_mlp,11,test,Brute Force,24662.0,0.9282272674709942,0.9764414889303382,0.00049590941317031,0.02355851106966183,495.90941317031,24081.0,1862.0,581.0,3752856.0
NF-CSE-CIC-IDS2018-v2,multiclass,edge_mlp,11,test,DDoS,278547.0,0.9844713413025968,0.9916495241377578,0.0012445609373540527,0.008350475862242279,1244.5609373540526,276221.0,4357.0,2326.0,3496476.0
NF-CSE-CIC-IDS2018-v2,multiclass,edge_mlp,11,test,DoS,97461.0,0.9739541593204039,0.9975682580724597,0.0007061535031053101,0.0024317419275402467,706.15350310531,97224.0,2600.0,237.0,3679319.0
NF-CSE-CIC-IDS2018-v2,multiclass,edge_mlp,11,test,Infilteration,23465.0,0.013586195384315046,0.8185808651182612,0.37130233245427546,0.18141913488173875,371302.33245427546,19208.0,1394580.0,4257.0,2361335.0
NF-CSE-CIC-IDS2018-v2,multiclass,edge_mlp,11,test,injection,85.0,0.00030619274833507696,0.1411764705882353,0.010366748295647734,0.8588235294117647,10366.748295647732,12.0,39179.0,73.0,3740116.0
NF-CSE-CIC-IDS2018-v2,multiclass,edge_mlp,22,val,Benign,1662121.0,0.9962921115713592,0.6196353935724295,0.017033814321202722,0.38036460642757053,17033.81432120272,1029909.0,3833.0,632212.0,221190.0
NF-CSE-CIC-IDS2018-v2,multiclass,edge_mlp,22,val,Bot,14384.0,0.9044353570305127,0.9994438264738599,0.0008111023302505393,0.0005561735261401557,811.1023302505394,14376.0,1519.0,8.0,1871241.0
NF-CSE-CIC-IDS2018-v2,multiclass,edge_mlp,22,val,Brute Force,12560.0,0.9041810566536851,0.9796974522292994,0.0006956210017795948,0.020302547770700636,695.6210017795948,12305.0,1304.0,255.0,1873280.0
NF-CSE-CIC-IDS2018-v2,multiclass,edge_mlp,22,val,DDoS,138349.0,0.9806527347033419,0.9782072873674548,0.0015267655728658876,0.02179271263254523,1526.7655728658876,135334.0,2670.0,3015.0,1746125.0
NF-CSE-CIC-IDS2018-v2,multiclass,edge_mlp,22,val,DoS,48247.0,0.9755993671656322,0.9969324517586585,0.0006541965101906197,0.0030675482413414306,654.1965101906197,48099.0,1203.0,148.0,1837694.0
NF-CSE-CIC-IDS2018-v2,multiclass,edge_mlp,22,val,Infilteration,11443.0,0.013649458987727134,0.7373940400244691,0.3250811296683213,0.2626059599755309,325081.12966832134,8438.0,609755.0,3005.0,1265946.0
NF-CSE-CIC-IDS2018-v2,multiclass,edge_mlp,22,val,injection,40.0,0.0004891570194032284,0.225,0.009745090890592145,0.775,9745.090890592146,9.0,18390.0,31.0,1868714.0
NF-CSE-CIC-IDS2018-v2,multiclass,edge_mlp,22,test,Benign,3326441.0,0.9962102339661231,0.6185205148685938,0.017280472646427004,0.3814794851314062,17280.472646427002,2057472.0,7827.0,1268969.0,445112.0
NF-CSE-CIC-IDS2018-v2,multiclass,edge_mlp,22,test,Bot,28719.0,0.899771210079293,0.9996517984609492,0.00085264970627844,0.0003482015390508026,852.64970627844,28709.0,3198.0,10.0,3747463.0
NF-CSE-CIC-IDS2018-v2,multiclass,edge_mlp,22,test,Brute Force,24662.0,0.8981053259734447,0.9764009407185144,0.00072761789300821,0.023599059281485688,727.61789300821,24080.0,2732.0,582.0,3751986.0
NF-CSE-CIC-IDS2018-v2,multiclass,edge_mlp,22,test,DDoS,278547.0,0.9807223974876884,0.9787648045033692,0.0015307785318522762,0.02123519549663073,1530.7785318522763,272632.0,5359.0,5915.0,3495474.0
NF-CSE-CIC-IDS2018-v2,multiclass,edge_mlp,22,test,DoS,97461.0,0.9750872547839692,0.9975682580724597,0.0006746481929667654,0.0024317419275402467,674.6481929667655,97224.0,2484.0,237.0,3679435.0
NF-CSE-CIC-IDS2018-v2,multiclass,edge_mlp,22,test,Infilteration,23465.0,0.014024661029721707,0.7415725548689538,0.32571077886480393,0.25842744513104626,325710.7788648039,17401.0,1223342.0,6064.0,2532573.0
NF-CSE-CIC-IDS2018-v2,multiclass,edge_mlp,22,test,injection,85.0,0.0002979414951245937,0.12941176470588237,0.009766107170781852,0.8705882352941177,9766.107170781852,11.0,36909.0,74.0,3742386.0
NF-CSE-CIC-IDS2018-v2,multiclass,edge_mlp,33,val,Benign,1662121.0,0.9984901773543027,0.512075233993193,0.005719415348653249,0.48792476600680695,5719.415348653249,851131.0,1287.0,810990.0,223736.0
NF-CSE-CIC-IDS2018-v2,multiclass,edge_mlp,33,val,Bot,14384.0,0.9426267130024261,0.9994438264738599,0.00046722484461436594,0.0005561735261401557,467.22484461436596,14376.0,875.0,8.0,1871885.0
NF-CSE-CIC-IDS2018-v2,multiclass,edge_mlp,33,val,Brute Force,12560.0,0.9395281362144002,0.9796974522292994,0.0004224937372771772,0.020302547770700636,422.4937372771772,12305.0,792.0,255.0,1873792.0
NF-CSE-CIC-IDS2018-v2,multiclass,edge_mlp,33,val,DDoS,138349.0,0.9822720023736231,0.9571807530231516,0.0013666553255241465,0.042819246976848406,1366.6553255241465,132425.0,2390.0,5924.0,1746405.0
NF-CSE-CIC-IDS2018-v2,multiclass,edge_mlp,33,val,DoS,48247.0,0.9783577080324635,0.9969324517586585,0.000578607719736342,0.0030675482413414306,578.6077197363419,48099.0,1064.0,148.0,1837833.0
NF-CSE-CIC-IDS2018-v2,multiclass,edge_mlp,33,val,Infilteration,11443.0,0.012546473008476677,0.8847330245564974,0.42479904846241484,0.11526697544350258,424799.0484624148,10124.0,796796.0,1319.0,1078905.0
NF-CSE-CIC-IDS2018-v2,multiclass,edge_mlp,33,val,injection,40.0,0.0006459948320413437,0.25,0.008197746388116394,0.75,8197.746388116395,10.0,15470.0,30.0,1871634.0
NF-CSE-CIC-IDS2018-v2,multiclass,edge_mlp,33,test,Benign,3326441.0,0.9984731695204484,0.5113356888037395,0.005742495126275282,0.4886643111962605,5742.495126275282,1700928.0,2601.0,1625513.0,450338.0
NF-CSE-CIC-IDS2018-v2,multiclass,edge_mlp,33,test,Bot,28719.0,0.9396766169154229,0.9996517984609492,0.0004913800527427032,0.0003482015390508026,491.38005274270324,28709.0,1843.0,10.0,3748818.0
NF-CSE-CIC-IDS2018-v2,multiclass,edge_mlp,33,test,Brute Force,24662.0,0.9366128718646705,0.9766036817776336,0.0004341204852135367,0.023396318222366392,434.12048521353665,24085.0,1630.0,577.0,3753088.0
NF-CSE-CIC-IDS2018-v2,multiclass,edge_mlp,33,test,DDoS,278547.0,0.9824895556259625,0.9574147271376106,0.0013576768729042488,0.04258527286238947,1357.6768729042487,266685.0,4753.0,11862.0,3496080.0
NF-CSE-CIC-IDS2018-v2,multiclass,edge_mlp,33,test,DoS,97461.0,0.9787388258033342,0.9975682580724597,0.0005736139225224672,0.0024317419275402467,573.6139225224672,97224.0,2112.0,237.0,3679807.0
NF-CSE-CIC-IDS2018-v2,multiclass,edge_mlp,33,test,Infilteration,23465.0,0.012851771985807055,0.8861708928190922,0.4252473764715123,0.11382910718090773,425247.37647151225,20794.0,1597193.0,2671.0,2158722.0
NF-CSE-CIC-IDS2018-v2,multiclass,edge_mlp,33,test,injection,85.0,0.0003893196638873568,0.1411764705882353,0.008152578721692803,0.8588235294117647,8152.578721692803,12.0,30811.0,73.0,3748484.0
NF-CSE-CIC-IDS2018-v2,multiclass,edge_mlp,44,val,Benign,1662121.0,0.9952980039645881,0.8802620266514892,0.03071686005430556,0.11973797334851073,30716.860054305558,1463102.0,6912.0,199019.0,218111.0
NF-CSE-CIC-IDS2018-v2,multiclass,edge_mlp,44,val,Bot,14384.0,0.9462216956292786,0.9993743047830923,0.00043625451205707086,0.0006256952169076752,436.2545120570708,14375.0,817.0,9.0,1871943.0
NF-CSE-CIC-IDS2018-v2,multiclass,edge_mlp,44,val,Brute Force,12560.0,0.9043804204027635,0.9796974522292994,0.0006940206467141509,0.020302547770700636,694.020646714151,12305.0,1301.0,255.0,1873283.0
NF-CSE-CIC-IDS2018-v2,multiclass,edge_mlp,44,val,DDoS,138349.0,0.9901809821882587,0.9993277869735235,0.0007839683896625963,0.0006722130264765195,783.9683896625962,138256.0,1371.0,93.0,1747424.0
NF-CSE-CIC-IDS2018-v2,multiclass,edge_mlp,44,val,DoS,48247.0,0.9804121399889933,0.996953178435965,0.0005225958822054743,0.0030468215640350694,522.5958822054743,48100.0,961.0,147.0,1837936.0
NF-CSE-CIC-IDS2018-v2,multiclass,edge_mlp,44,val,Infilteration,11443.0,0.026281623707656392,0.3856506160971773,0.0871668778765912,0.6143493839028227,87166.8778765912,4413.0,163499.0,7030.0,1712202.0
NF-CSE-CIC-IDS2018-v2,multiclass,edge_mlp,44,val,injection,40.0,0.0002205975040968108,0.175,0.01681147408939836,0.825,16811.474089398358,7.0,31725.0,33.0,1855379.0
NF-CSE-CIC-IDS2018-v2,multiclass,edge_mlp,44,test,Benign,3326441.0,0.9952382036777654,0.8802672285484696,0.03093131746217482,0.11973277145153033,30931.31746217482,2928157.0,14010.0,398284.0,438929.0
NF-CSE-CIC-IDS2018-v2,multiclass,edge_mlp,44,test,Bot,28719.0,0.9427933401201931,0.9996517984609492,0.00046445146602158927,0.0003482015390508026,464.4514660215893,28709.0,1742.0,10.0,3748919.0
NF-CSE-CIC-IDS2018-v2,multiclass,edge_mlp,44,test,Brute Force,24662.0,0.9015196885761342,0.9766036817776336,0.0007007184028201319,0.023396318222366392,700.7184028201319,24085.0,2631.0,577.0,3752087.0
NF-CSE-CIC-IDS2018-v2,multiclass,edge_mlp,44,test,DDoS,278547.0,0.9900670023898942,0.999439950888001,0.0007978101211911565,0.0005600491119990522,797.8101211911566,278391.0,2793.0,156.0,3498040.0
NF-CSE-CIC-IDS2018-v2,multiclass,edge_mlp,44,test,DoS,97461.0,0.9801399278182148,0.9975682580724597,0.0005350470773528695,0.0024317419275402467,535.0470773528696,97224.0,1970.0,237.0,3679949.0
NF-CSE-CIC-IDS2018-v2,multiclass,edge_mlp,44,test,Infilteration,23465.0,0.02744074785930629,0.3930534839122097,0.08703152227885881,0.6069465160877904,87031.52227885881,9223.0,326883.0,14242.0,3429032.0
NF-CSE-CIC-IDS2018-v2,multiclass,edge_mlp,44,test,injection,85.0,0.0001730593750983292,0.12941176470588237,0.016815570099714364,0.8705882352941177,16815.570099714365,11.0,63551.0,74.0,3715744.0
NF-CSE-CIC-IDS2018-v2,multiclass,edge_mlp,55,val,Benign,1662121.0,0.9977363898980685,0.5645822416057555,0.009461255071703782,0.43541775839424446,9461.255071703781,938404.0,2129.0,723717.0,222894.0
NF-CSE-CIC-IDS2018-v2,multiclass,edge_mlp,55,val,Bot,14384.0,0.9273595251919231,0.9993743047830923,0.0006012516286123155,0.0006256952169076752,601.2516286123155,14375.0,1126.0,9.0,1871634.0
NF-CSE-CIC-IDS2018-v2,multiclass,edge_mlp,55,val,Brute Force,12560.0,0.9392412792916571,0.9796974522292994,0.00042462754403110235,0.020302547770700636,424.6275440311024,12305.0,796.0,255.0,1873788.0
NF-CSE-CIC-IDS2018-v2,multiclass,edge_mlp,55,val,DDoS,138349.0,0.9883485272738991,0.997564131291155,0.0009303549015179023,0.0024358687088450225,930.3549015179024,138012.0,1627.0,337.0,1747168.0
NF-CSE-CIC-IDS2018-v2,multiclass,edge_mlp,55,val,DoS,48247.0,0.9887760555852485,0.996953178435965,0.000296917119338386,0.0030468215640350694,296.917119338386,48100.0,546.0,147.0,1838351.0
NF-CSE-CIC-IDS2018-v2,multiclass,edge_mlp,55,val,Infilteration,11443.0,0.012993685861088945,0.8110635322904832,0.37585361419543944,0.18893646770951675,375853.61419543944,9281.0,704989.0,2162.0,1170712.0
NF-CSE-CIC-IDS2018-v2,multiclass,edge_mlp,55,val,injection,40.0,0.0004529571631939951,0.175,0.008185558400596893,0.825,8185.558400596893,7.0,15447.0,33.0,1871657.0
NF-CSE-CIC-IDS2018-v2,multiclass,edge_mlp,55,test,Benign,3326441.0,0.9977511451860668,0.5635178859327431,0.009327966900620172,0.43648211406725684,9327.966900620171,1874509.0,4225.0,1451932.0,448714.0
NF-CSE-CIC-IDS2018-v2,multiclass,edge_mlp,55,test,Bot,28719.0,0.9238318959969108,0.9996517984609492,0.0006310887600878885,0.0003482015390508026,631.0887600878885,28709.0,2367.0,10.0,3748294.0
NF-CSE-CIC-IDS2018-v2,multiclass,edge_mlp,55,test,Brute Force,24662.0,0.9360858409143924,0.9763198442948666,0.00043784912741782475,0.023680155705133404,437.8491274178247,24078.0,1644.0,584.0,3753074.0
NF-CSE-CIC-IDS2018-v2,multiclass,edge_mlp,55,test,DDoS,278547.0,0.9887080420513368,0.9977167228510808,0.0009066413622129362,0.002283277148919213,906.6413622129362,277911.0,3174.0,636.0,3497659.0
NF-CSE-CIC-IDS2018-v2,multiclass,edge_mlp,55,test,DoS,97461.0,0.988782442437556,0.9975785185869219,0.00029957204381736804,0.002421481413078052,299.57204381736807,97225.0,1103.0,236.0,3680816.0
NF-CSE-CIC-IDS2018-v2,multiclass,edge_mlp,55,test,Infilteration,23465.0,0.01337588949351193,0.8170892819092265,0.3765332815039744,0.1829107180907735,376533.2815039744,19173.0,1414227.0,4292.0,2341688.0
NF-CSE-CIC-IDS2018-v2,multiclass,edge_mlp,55,test,injection,85.0,0.00032221685194135655,0.11764705882352941,0.008209203039191171,0.8823529411764706,8209.203039191172,10.0,31025.0,75.0,3748270.0
NF-CSE-CIC-IDS2018-v2,multiclass,sage,11,val,Benign,1662121.0,0.9953230706854385,0.9216212297419983,0.03198784124289517,0.07837877025800168,31987.84124289517,1531846.0,7198.0,130275.0,217825.0
NF-CSE-CIC-IDS2018-v2,multiclass,sage,11,val,Bot,14384.0,0.9970194773688223,1.0,2.2960763792477413e-05,0.0,22.96076379247741,14384.0,43.0,0.0,1872717.0
NF-CSE-CIC-IDS2018-v2,multiclass,sage,11,val,Brute Force,12560.0,0.9598249801113763,0.9605891719745223,0.00026939310268304863,0.039410828025477705,269.3931026830486,12065.0,505.0,495.0,1874079.0
NF-CSE-CIC-IDS2018-v2,multiclass,sage,11,val,DDoS,138349.0,0.9975724752635967,0.9772387223615638,0.00018812954062654572,0.02276127763843613,188.12954062654572,135200.0,329.0,3149.0,1748466.0
NF-CSE-CIC-IDS2018-v2,multiclass,sage,11,val,DoS,48247.0,0.9844819435594927,0.99276638962008,0.0004105722071437389,0.007233610379919995,410.57220714373886,47898.0,755.0,349.0,1838142.0
NF-CSE-CIC-IDS2018-v2,multiclass,sage,11,val,Infilteration,11443.0,0.033937360178970914,0.39771039063182734,0.06906697815909892,0.6022896093681727,69066.97815909892,4551.0,129549.0,6892.0,1746152.0
NF-CSE-CIC-IDS2018-v2,multiclass,sage,11,val,injection,40.0,0.0038993264799716413,0.275,0.0014890541273824866,0.725,1489.0541273824865,11.0,2810.0,29.0,1884294.0
NF-CSE-CIC-IDS2018-v2,multiclass,sage,11,test,Benign,3326441.0,0.9956407515827499,0.9092799180866277,0.02923793270175454,0.09072008191337227,29237.93270175454,3024666.0,13243.0,301775.0,439696.0
NF-CSE-CIC-IDS2018-v2,multiclass,sage,11,test,Bot,28719.0,0.9984355444305382,1.0,1.1997885172773545e-05,0.0,11.997885172773545,28719.0,45.0,0.0,3750616.0
NF-CSE-CIC-IDS2018-v2,multiclass,sage,11,test,Brute Force,24662.0,0.9595894804361771,0.9705619982158786,0.00026846223870873926,0.029438001784121322,268.4622387087392,23936.0,1008.0,726.0,3753710.0
NF-CSE-CIC-IDS2018-v2,multiclass,sage,11,test,DDoS,278547.0,0.9979175540726016,0.984052960541668,0.00016338968468361672,0.015947039458331987,163.38968468361674,274105.0,572.0,4442.0,3500261.0
NF-CSE-CIC-IDS2018-v2,multiclass,sage,11,test,DoS,97461.0,0.9906529617723541,0.9928586819343121,0.0002479685185904416,0.0071413180656878135,247.96851859044156,96765.0,913.0,696.0,3681006.0
NF-CSE-CIC-IDS2018-v2,multiclass,sage,11,test,Infilteration,23465.0,0.03371913257844817,0.4470914127423823,0.0800438774572907,0.5529085872576177,80043.8774572907,10491.0,300638.0,12974.0,3455277.0
NF-CSE-CIC-IDS2018-v2,multiclass,sage,11,test,injection,85.0,0.003271792474877308,0.16470588235294117,0.0011285173557502126,0.8352941176470589,1128.5173557502126,14.0,4265.0,71.0,3775030.0
NF-CSE-CIC-IDS2018-v2,multiclass,sage,22,val,Benign,1662121.0,0.9951772940685982,0.966508455160605,0.034596463472622796,0.03349154483939497,34596.463472622796,1606454.0,7785.0,55667.0,217238.0
NF-CSE-CIC-IDS2018-v2,multiclass,sage,22,val,Bot,14384.0,0.9963978941535051,1.0,2.7766505051368035e-05,0.0,27.766505051368036,14384.0,52.0,0.0,1872708.0
NF-CSE-CIC-IDS2018-v2,multiclass,sage,22,val,Brute Force,12560.0,0.9829763427109974,0.97921974522293,0.00011362520964651358,0.020780254777070063,113.62520964651357,12299.0,213.0,261.0,1874371.0
NF-CSE-CIC-IDS2018-v2,multiclass,sage,22,val,DDoS,138349.0,0.996080311907095,0.3453223369883411,0.0001075025946437404,0.654677663011659,107.50259464374041,47775.0,188.0,90574.0,1748607.0
NF-CSE-CIC-IDS2018-v2,multiclass,sage,22,val,DoS,48247.0,0.9541886373547952,0.9976786121416875,0.0012567316168333518,0.002321387858312434,1256.7316168333518,48135.0,2311.0,112.0,1836586.0
NF-CSE-CIC-IDS2018-v2,multiclass,sage,22,val,Infilteration,11443.0,0.06256687216589392,0.32194354627283056,0.029427398076772363,0.6780564537271695,29427.398076772362,3684.0,55197.0,7759.0,1820504.0
NF-CSE-CIC-IDS2018-v2,multiclass,sage,22,val,injection,40.0,0.00041729166431705143,0.925,0.04696614495014583,0.075,46966.144950145834,37.0,88630.0,3.0,1798474.0
NF-CSE-CIC-IDS2018-v2,multiclass,sage,22,test,Benign,3326441.0,0.9953535645963006,0.9570946846795119,0.03281236546201586,0.04290531532048817,32812.365462015856,3183719.0,14862.0,142722.0,438077.0
NF-CSE-CIC-IDS2018-v2,multiclass,sage,22,test,Bot,28719.0,0.9980538662033015,1.0,1.4930701548340413e-05,0.0,14.930701548340412,28719.0,56.0,0.0,3750605.0
NF-CSE-CIC-IDS2018-v2,multiclass,sage,22,test,Brute Force,24662.0,0.9852347350817799,0.9794420566053037,9.641203413944802e-05,0.020557943394696295,96.41203413944802,24155.0,362.0,507.0,3754356.0
NF-CSE-CIC-IDS2018-v2,multiclass,sage,22,test,DDoS,278547.0,0.9967632634188125,0.472078320714278,0.00012197097090892368,0.527921679285722,121.97097090892368,131496.0,427.0,147051.0,3500406.0
NF-CSE-CIC-IDS2018-v2,multiclass,sage,22,test,DoS,97461.0,0.9778845573895736,0.9981223258534183,0.00059751450262757,0.0018776741465817096,597.51450262757,97278.0,2200.0,183.0,3679719.0
NF-CSE-CIC-IDS2018-v2,multiclass,sage,22,test,Infilteration,23465.0,0.05740740740740741,0.36859151928404005,0.03780996108804379,0.6314084807159599,37809.96108804379,8649.0,142011.0,14816.0,3613904.0
NF-CSE-CIC-IDS2018-v2,multiclass,sage,22,test,injection,85.0,0.00042627504365881495,0.7294117647058823,0.038468550351322135,0.27058823529411763,38468.55035132214,62.0,145384.0,23.0,3633911.0
NF-CSE-CIC-IDS2018-v2,multiclass,sage,33,val,Benign,1662121.0,0.9952168085001721,0.9737804889054407,0.03456979953160343,0.026219511094559302,34569.799531603436,1618541.0,7779.0,43580.0,217244.0
NF-CSE-CIC-IDS2018-v2,multiclass,sage,33,val,Bot,14384.0,0.9967431224447371,1.0,2.50966487964288e-05,0.0,25.0966487964288,14384.0,47.0,0.0,1872713.0
NF-CSE-CIC-IDS2018-v2,multiclass,sage,33,val,Brute Force,12560.0,0.9602907840225123,0.9781050955414012,0.00027099345774849246,0.021894904458598725,270.99345774849246,12285.0,508.0,275.0,1874076.0
NF-CSE-CIC-IDS2018-v2,multiclass,sage,33,val,DDoS,138349.0,0.995375796791959,0.8961828419432016,0.0003293696516744387,0.10381715805679839,329.36965167443867,123986.0,576.0,14363.0,1748219.0
NF-CSE-CIC-IDS2018-v2,multiclass,sage,33,val,DoS,48247.0,0.7482191952011997,0.99276638962008,0.008765036867208984,0.007233610379919995,8765.036867208984,47898.0,16118.0,349.0,1822779.0
NF-CSE-CIC-IDS2018-v2,multiclass,sage,33,val,Infilteration,11443.0,0.08216401621453072,0.32238049462553525,0.021969919512758163,0.6776195053744647,21969.919512758162,3689.0,41209.0,7754.0,1834492.0
NF-CSE-CIC-IDS2018-v2,multiclass,sage,33,val,injection,40.0,0.056451612903225805,0.175,6.199976259919962e-05,0.825,61.99976259919962,7.0,117.0,33.0,1886987.0
NF-CSE-CIC-IDS2018-v2,multiclass,sage,33,test,Benign,3326441.0,0.9953157140233844,0.9695097553210774,0.03351003115209775,0.03049024467892261,33510.03115209774,3225017.0,15178.0,101424.0,437761.0
NF-CSE-CIC-IDS2018-v2,multiclass,sage,33,test,Bot,28719.0,0.9974645734926368,1.0,1.9463235946943752e-05,0.0,19.46323594694375,28719.0,73.0,0.0,3750588.0
NF-CSE-CIC-IDS2018-v2,multiclass,sage,33,test,Brute Force,24662.0,0.96224,0.9754277836347417,0.0002514170172034225,0.024572216365258293,251.41701720342246,24056.0,944.0,606.0,3753774.0
NF-CSE-CIC-IDS2018-v2,multiclass,sage,33,test,DDoS,278547.0,0.9961412447209823,0.951799875783979,0.00029335875204558457,0.048200124216021,293.3587520455846,265121.0,1027.0,13426.0,3499806.0
NF-CSE-CIC-IDS2018-v2,multiclass,sage,33,test,DoS,97461.0,0.8569341126461212,0.9928586819343121,0.004387657631794725,0.0071413180656878135,4387.657631794725,96765.0,16155.0,696.0,3665764.0
NF-CSE-CIC-IDS2018-v2,multiclass,sage,33,test,Infilteration,23465.0,0.07983320125287746,0.36062220328148303,0.025968106306985116,0.6393777967185169,25968.106306985115,8462.0,97534.0,15003.0,3658381.0
NF-CSE-CIC-IDS2018-v2,multiclass,sage,33,test,injection,85.0,0.030395136778115502,0.11764705882352941,8.440727701859739e-05,0.8823529411764706,84.40727701859738,10.0,319.0,75.0,3778976.0
NF-CSE-CIC-IDS2018-v2,multiclass,sage,44,val,Benign,1662121.0,0.9949975420021195,0.9693060854173673,0.035996320376139326,0.030693914582632674,35996.32037613933,1611104.0,8100.0,51017.0,216923.0
NF-CSE-CIC-IDS2018-v2,multiclass,sage,44,val,Bot,14384.0,0.9571466595688048,1.0,0.00034387748563617334,0.0,343.87748563617333,14384.0,644.0,0.0,1872116.0
NF-CSE-CIC-IDS2018-v2,multiclass,sage,44,val,Brute Force,12560.0,0.9473603082851638,0.9786624203821656,0.0003643475032327172,0.021337579617834394,364.34750323271726,12292.0,683.0,268.0,1873901.0
NF-CSE-CIC-IDS2018-v2,multiclass,sage,44,val,DDoS,138349.0,0.996836336930117,0.3826193178121996,9.606614840504461e-05,0.6173806821878004,96.06614840504461,52935.0,168.0,85414.0,1748627.0
NF-CSE-CIC-IDS2018-v2,multiclass,sage,44,val,DoS,48247.0,0.9758969866139646,0.99276638962008,0.0006433204252331697,0.007233610379919995,643.3204252331697,47898.0,1183.0,349.0,1837714.0
NF-CSE-CIC-IDS2018-v2,multiclass,sage,44,val,Infilteration,11443.0,0.06880925293894577,0.31713711439307873,0.026182744477931185,0.6828628856069212,26182.744477931185,3629.0,49111.0,7814.0,1826590.0
NF-CSE-CIC-IDS2018-v2,multiclass,sage,44,val,injection,40.0,0.00038817592603484173,0.825,0.04503196432205114,0.175,45031.96432205114,33.0,84980.0,7.0,1802124.0
NF-CSE-CIC-IDS2018-v2,multiclass,sage,44,test,Benign,3326441.0,0.9952293720527342,0.9627926663963077,0.03389418884220612,0.037207333603692355,33894.188842206124,3202673.0,15352.0,123768.0,437587.0
NF-CSE-CIC-IDS2018-v2,multiclass,sage,44,test,Bot,28719.0,0.9440828402366864,1.0,0.00045352005953084,0.0,453.52005953084006,28719.0,1701.0,0.0,3748960.0
NF-CSE-CIC-IDS2018-v2,multiclass,sage,44,test,Brute Force,24662.0,0.9527475130270014,0.9786310923688265,0.00031879890846662785,0.021368907631173464,318.79890846662784,24135.0,1197.0,527.0,3753521.0
NF-CSE-CIC-IDS2018-v2,multiclass,sage,44,test,DDoS,278547.0,0.9974405506431159,0.49527368810290545,0.00010111879087062993,0.5047263118970946,101.11879087062994,137957.0,354.0,140590.0,3500479.0
NF-CSE-CIC-IDS2018-v2,multiclass,sage,44,test,DoS,97461.0,0.9848955205650948,0.9928586819343121,0.0004030506917724154,0.0071413180656878135,403.0506917724154,96765.0,1484.0,696.0,3680435.0
NF-CSE-CIC-IDS2018-v2,multiclass,sage,44,test,Infilteration,23465.0,0.06563784726547901,0.3592584700617942,0.03195013731673906,0.6407415299382059,31950.137316739063,8430.0,120002.0,15035.0,3635913.0
NF-CSE-CIC-IDS2018-v2,multiclass,sage,44,test,injection,85.0,0.0004338209670651656,0.7176470588235294,0.03718947581493374,0.2823529411764706,37189.475814933736,61.0,140550.0,24.0,3638745.0
NF-CSE-CIC-IDS2018-v2,multiclass,sage,55,val,Benign,1662121.0,0.9959558741091313,0.8284041895866787,0.024846349039875922,0.17159581041332128,24846.349039875924,1376908.0,5591.0,285213.0,219432.0
NF-CSE-CIC-IDS2018-v2,multiclass,sage,55,val,Bot,14384.0,0.9957770854967116,1.0,3.2572246310258653e-05,0.0,32.572246310258656,14384.0,61.0,0.0,1872699.0
NF-CSE-CIC-IDS2018-v2,multiclass,sage,55,val,Brute Force,12560.0,0.9192908968509238,0.9785031847133758,0.0005755943718713058,0.021496815286624203,575.5943718713058,12290.0,1079.0,270.0,1873505.0
NF-CSE-CIC-IDS2018-v2,multiclass,sage,55,val,DDoS,138349.0,0.996714950283308,0.9803034355145321,0.00025560457343485086,0.019696564485467912,255.60457343485086,135624.0,447.0,2725.0,1748348.0
NF-CSE-CIC-IDS2018-v2,multiclass,sage,55,val,DoS,48247.0,0.9440075681428487,0.99276638962008,0.0015449478682057777,0.007233610379919995,1544.9478682057777,47898.0,2841.0,349.0,1836056.0
NF-CSE-CIC-IDS2018-v2,multiclass,sage,55,val,Infilteration,11443.0,0.020230934775411102,0.5126278073931662,0.151455909017482,0.4873721926068339,151455.909017482,5866.0,284086.0,5577.0,1591615.0
NF-CSE-CIC-IDS2018-v2,multiclass,sage,55,val,injection,40.0,0.043478260869565216,0.075,3.497422505595876e-05,0.925,34.97422505595876,3.0,66.0,37.0,1887038.0
NF-CSE-CIC-IDS2018-v2,multiclass,sage,55,test,Benign,3326441.0,0.9960761919329074,0.8300688333266696,0.024014271237407243,0.16993116667333044,24014.271237407243,2761175.0,10877.0,565266.0,442062.0
NF-CSE-CIC-IDS2018-v2,multiclass,sage,55,test,Bot,28719.0,0.9973952906855595,1.0,1.999647528795591e-05,0.0,19.99647528795591,28719.0,75.0,0.0,3750586.0
NF-CSE-CIC-IDS2018-v2,multiclass,sage,55,test,Brute Force,24662.0,0.9419594067135051,0.9785499959451788,0.0003960350684125945,0.021450004054821184,396.0350684125945,24133.0,1487.0,529.0,3753231.0
NF-CSE-CIC-IDS2018-v2,multiclass,sage,55,test,DDoS,278547.0,0.9971325931000983,0.9875101867907391,0.00022594622479849797,0.012489813209260915,225.94622479849795,275068.0,791.0,3479.0,3500042.0
NF-CSE-CIC-IDS2018-v2,multiclass,sage,55,test,DoS,97461.0,0.9641117100242111,0.9928586819343121,0.0009782941993020488,0.0071413180656878135,978.2941993020487,96765.0,3602.0,696.0,3678317.0
NF-CSE-CIC-IDS2018-v2,multiclass,sage,55,test,Infilteration,23465.0,0.02184476963792069,0.5367994886000426,0.1501679351103526,0.4632005113999574,150167.9351103526,12596.0,564018.0,10869.0,3191897.0
NF-CSE-CIC-IDS2018-v2,multiclass,sage,55,test,injection,85.0,0.013513513513513514,0.011764705882352941,1.9315771856920403e-05,0.9882352941176471,19.315771856920403,1.0,73.0,84.0,3779222.0
NF-CSE-CIC-IDS2018-v2,multiclass,sage_edge,11,val,Benign,1662121.0,0.9952433670122113,0.9665295125926452,0.03412095652444417,0.03347048740735482,34120.95652444417,1606489.0,7678.0,55632.0,217345.0
NF-CSE-CIC-IDS2018-v2,multiclass,sage_edge,11,val,Bot,14384.0,0.9973651365968659,1.0,2.029090753753818e-05,0.0,20.290907537538178,14384.0,38.0,0.0,1872722.0
NF-CSE-CIC-IDS2018-v2,multiclass,sage_edge,11,val,Brute Force,12560.0,0.9744016484387383,0.9789012738853503,0.00017230489537945485,0.02109872611464968,172.30489537945485,12295.0,323.0,265.0,1874261.0
NF-CSE-CIC-IDS2018-v2,multiclass,sage_edge,11,val,DDoS,138349.0,0.9877486077963404,0.5384643184988688,0.0005283638162277453,0.4615356815011312,528.3638162277454,74496.0,924.0,63853.0,1747871.0
NF-CSE-CIC-IDS2018-v2,multiclass,sage_edge,11,val,DoS,48247.0,0.9353672755538283,0.9976578854643812,0.001808692928423941,0.002342114535618795,1808.692928423941,48134.0,3326.0,113.0,1835571.0
NF-CSE-CIC-IDS2018-v2,multiclass,sage_edge,11,val,Infilteration,11443.0,0.06874497478254514,0.32875994057502406,0.02716957553469343,0.671240059424976,27169.575534693427,3762.0,50962.0,7681.0,1824739.0
NF-CSE-CIC-IDS2018-v2,multiclass,sage_edge,11,val,injection,40.0,0.0005595883916496977,0.9,0.03407178406701485,0.1,34071.78406701486,36.0,64297.0,4.0,1822807.0
NF-CSE-CIC-IDS2018-v2,multiclass,sage_edge,11,test,Benign,3326441.0,0.9953826218791154,0.9615904806368127,0.0327593781944147,0.03840951936318726,32759.3781944147,3198674.0,14838.0,127767.0,438101.0
NF-CSE-CIC-IDS2018-v2,multiclass,sage_edge,11,test,Bot,28719.0,0.9982620181445305,1.0,1.333098352530394e-05,0.0,13.33098352530394,28719.0,50.0,0.0,3750611.0
NF-CSE-CIC-IDS2018-v2,multiclass,sage_edge,11,test,Brute Force,24662.0,0.9793405168921656,0.9802935690536048,0.00013582910887049307,0.019706430946395265,135.82910887049306,24176.0,510.0,486.0,3754208.0
NF-CSE-CIC-IDS2018-v2,multiclass,sage_edge,11,test,DDoS,278547.0,0.9923632794085839,0.6423906916965539,0.0003933349577086368,0.3576093083034461,393.33495770863675,178936.0,1377.0,99611.0,3499456.0
NF-CSE-CIC-IDS2018-v2,multiclass,sage_edge,11,test,DoS,97461.0,0.967045093049149,0.9981120653389561,0.0009003457164592703,0.0018879346610439047,900.3457164592703,97277.0,3315.0,184.0,3678604.0
NF-CSE-CIC-IDS2018-v2,multiclass,sage_edge,11,test,Infilteration,23465.0,0.06621920841406034,0.36705731941189007,0.03233699378180816,0.63294268058811,32336.99378180816,8613.0,121455.0,14852.0,3634460.0
NF-CSE-CIC-IDS2018-v2,multiclass,sage_edge,11,test,injection,85.0,0.0004929022082018927,0.5882352941176471,0.026827754911961092,0.4117647058823529,26827.754911961092,50.0,101390.0,35.0,3677905.0
NF-CSE-CIC-IDS2018-v2,multiclass,sage_edge,22,val,Benign,1662121.0,0.9962373649288373,0.781830564682114,0.021811103753838497,0.218169435317886,21811.103753838495,1299497.0,4908.0,362624.0,220115.0
NF-CSE-CIC-IDS2018-v2,multiclass,sage_edge,22,val,Bot,14384.0,0.7761709475501835,1.0,0.0022149127490975885,0.0,2214.9127490975884,14384.0,4148.0,0.0,1868612.0
NF-CSE-CIC-IDS2018-v2,multiclass,sage_edge,22,val,Brute Force,12560.0,0.9577464788732394,0.979936305732484,0.0002896642668453374,0.020063694267515923,289.6642668453374,12308.0,543.0,252.0,1874041.0
NF-CSE-CIC-IDS2018-v2,multiclass,sage_edge,22,val,DDoS,138349.0,0.9913544885240232,0.9531474748642925,0.0006575956587250078,0.04685252513570752,657.5956587250078,131867.0,1150.0,6482.0,1747645.0
NF-CSE-CIC-IDS2018-v2,multiclass,sage_edge,22,val,DoS,48247.0,0.9447337278106509,0.99276638962008,0.00152373950253875,0.007233610379919995,1523.7395025387502,47898.0,2802.0,349.0,1836095.0
NF-CSE-CIC-IDS2018-v2,multiclass,sage_edge,22,val,Infilteration,11443.0,0.018054392553841222,0.5709167176439744,0.18943211098144108,0.4290832823560255,189432.11098144107,6533.0,355318.0,4910.0,1520383.0
NF-CSE-CIC-IDS2018-v2,multiclass,sage_edge,22,val,injection,40.0,0.002246026261230131,0.325,0.0030602446923963917,0.675,3060.2446923963917,13.0,5775.0,27.0,1881329.0
NF-CSE-CIC-IDS2018-v2,multiclass,sage_edge,22,test,Benign,3326441.0,0.9963675692638752,0.8017568927270918,0.021466466786918326,0.1982431072729082,21466.466786918325,2666997.0,9723.0,659444.0,443216.0
NF-CSE-CIC-IDS2018-v2,multiclass,sage_edge,22,test,Bot,28719.0,0.9650201612903225,1.0,0.00027755107699682803,0.0,277.55107699682804,28719.0,1041.0,0.0,3749620.0
NF-CSE-CIC-IDS2018-v2,multiclass,sage_edge,22,test,Brute Force,24662.0,0.9535828370864061,0.9804557619009002,0.00031347227674621635,0.01954423809909983,313.4722767462164,24180.0,1177.0,482.0,3753541.0
NF-CSE-CIC-IDS2018-v2,multiclass,sage_edge,22,test,DDoS,278547.0,0.9948328491044831,0.9711287502647669,0.000401333054161681,0.028871249735233192,401.33305416168093,270505.0,1405.0,8042.0,3499428.0
NF-CSE-CIC-IDS2018-v2,multiclass,sage_edge,22,test,DoS,97461.0,0.9780466357378939,0.9928586819343121,0.0005899097725941282,0.0071413180656878135,589.9097725941282,96765.0,2172.0,696.0,3679747.0
NF-CSE-CIC-IDS2018-v2,multiclass,sage_edge,22,test,Infilteration,23465.0,0.020567158143818844,0.5852546345621138,0.1741205538463996,0.4147453654378862,174120.55384639962,13733.0,653982.0,9732.0,3101933.0
NF-CSE-CIC-IDS2018-v2,multiclass,sage_edge,22,test,injection,85.0,0.0022269235051775972,0.23529411764705882,0.0023710771453405994,0.7647058823529411,2371.077145340599,20.0,8961.0,65.0,3770334.0
NF-CSE-CIC-IDS2018-v2,multiclass,sage_edge,33,val,Benign,1662121.0,0.9951306927929847,0.9782392497297128,0.035356385791674626,0.02176075027028718,35356.38579167463,1625952.0,7956.0,36169.0,217067.0
NF-CSE-CIC-IDS2018-v2,multiclass,sage_edge,33,val,Bot,14384.0,0.998542172856647,1.0,1.1213396270744784e-05,0.0,11.213396270744783,14384.0,21.0,0.0,1872739.0
NF-CSE-CIC-IDS2018-v2,multiclass,sage_edge,33,val,Brute Force,12560.0,0.8626489138051857,0.9800955414012739,0.0010455653094233173,0.019904458598726114,1045.5653094233173,12310.0,1960.0,250.0,1872624.0
NF-CSE-CIC-IDS2018-v2,multiclass,sage_edge,33,val,DDoS,138349.0,0.993645818983331,0.41708288458897425,0.00021100243310393727,0.5829171154110258,211.00243310393728,57703.0,369.0,80646.0,1748426.0
NF-CSE-CIC-IDS2018-v2,multiclass,sage_edge,33,val,DoS,48247.0,0.972620178221423,0.9976578854643812,0.00073685475586724,0.002342114535618795,736.85475586724,48134.0,1355.0,113.0,1837542.0
NF-CSE-CIC-IDS2018-v2,multiclass,sage_edge,33,val,Infilteration,11443.0,0.09108267107028589,0.30848553700952547,0.018780178717183602,0.6915144629904745,18780.178717183604,3530.0,35226.0,7913.0,1840475.0
NF-CSE-CIC-IDS2018-v2,multiclass,sage_edge,33,val,injection,40.0,0.00040897704616328406,0.8,0.04144551651631283,0.2,41445.516516312826,32.0,78212.0,8.0,1808892.0
NF-CSE-CIC-IDS2018-v2,multiclass,sage_edge,33,test,Benign,3326441.0,0.995251852002167,0.9731069933301086,0.034095098898527174,0.026893006669891334,34095.098898527176,3236983.0,15443.0,89458.0,437496.0
NF-CSE-CIC-IDS2018-v2,multiclass,sage_edge,33,test,Bot,28719.0,0.998991234172812,1.0,7.731970444676284e-06,0.0,7.731970444676285,28719.0,29.0,0.0,3750632.0
NF-CSE-CIC-IDS2018-v2,multiclass,sage_edge,33,test,Brute Force,24662.0,0.9148066883559053,0.9805368583245478,0.0005997787317183341,0.019463141675452114,599.7787317183341,24182.0,2252.0,480.0,3752466.0
NF-CSE-CIC-IDS2018-v2,multiclass,sage_edge,33,test,DDoS,278547.0,0.9967221774493935,0.528366846528593,0.00013825281011690645,0.471633153471407,138.25281011690646,147175.0,484.0,131372.0,3500349.0
NF-CSE-CIC-IDS2018-v2,multiclass,sage_edge,33,test,DoS,97461.0,0.9802196694881097,0.9981120653389561,0.0005331458948445091,0.0018879346610439047,533.145894844509,97277.0,1963.0,184.0,3679956.0
NF-CSE-CIC-IDS2018-v2,multiclass,sage_edge,33,test,Infilteration,23465.0,0.08424583106950308,0.3436181546984871,0.023335192622836246,0.6563818453015129,23335.192622836246,8063.0,87645.0,15402.0,3668270.0
NF-CSE-CIC-IDS2018-v2,multiclass,sage_edge,33,test,injection,85.0,0.0004800061936283049,0.7294117647058823,0.03416060402799993,0.27058823529411763,34160.60402799993,62.0,129103.0,23.0,3650192.0
NF-CSE-CIC-IDS2018-v2,multiclass,sage_edge,44,val,Benign,1662121.0,0.9950452104909603,0.9910024601097032,0.03644960737346849,0.008997539890296795,36449.60737346849,1647166.0,8202.0,14955.0,216821.0
NF-CSE-CIC-IDS2018-v2,multiclass,sage_edge,44,val,Bot,14384.0,0.9960529049234818,1.0,3.043636130630727e-05,0.0,30.43636130630727,14384.0,57.0,0.0,1872703.0
NF-CSE-CIC-IDS2018-v2,multiclass,sage_edge,44,val,Brute Force,12560.0,0.9822655376258188,0.9789808917197452,0.00011842627484284513,0.021019108280254776,118.42627484284513,12296.0,222.0,264.0,1874362.0
NF-CSE-CIC-IDS2018-v2,multiclass,sage_edge,44,val,DDoS,138349.0,0.9988945612413073,0.35922919572964024,3.1450227156413415e-05,0.6407708042703597,31.450227156413415,49699.0,55.0,88650.0,1748740.0
NF-CSE-CIC-IDS2018-v2,multiclass,sage_edge,44,val,DoS,48247.0,0.9690179973426742,0.9976786121416875,0.0008369147374757803,0.002321387858312434,836.9147374757803,48135.0,1539.0,112.0,1837358.0
NF-CSE-CIC-IDS2018-v2,multiclass,sage_edge,44,val,Infilteration,11443.0,0.18682135101154418,0.28567683299833957,0.007585963860977842,0.7143231670016604,7585.963860977842,3269.0,14229.0,8174.0,1861472.0
NF-CSE-CIC-IDS2018-v2,multiclass,sage_edge,44,val,injection,40.0,0.00043235371084638925,0.95,0.046554402936987045,0.05,46554.40293698705,38.0,87853.0,2.0,1799251.0
NF-CSE-CIC-IDS2018-v2,multiclass,sage_edge,44,test,Benign,3326441.0,0.9951552116555568,0.9892332375653138,0.035369001123771636,0.010766762434686201,35369.00112377163,3290626.0,16020.0,35815.0,436919.0
NF-CSE-CIC-IDS2018-v2,multiclass,sage_edge,44,test,Bot,28719.0,0.9973952906855595,1.0,1.999647528795591e-05,0.0,19.99647528795591,28719.0,75.0,0.0,3750586.0
NF-CSE-CIC-IDS2018-v2,multiclass,sage_edge,44,test,Brute Force,24662.0,0.9801980198019802,0.9794826048171276,0.00012996981397804042,0.020517395182872437,129.96981397804043,24156.0,488.0,506.0,3754230.0
NF-CSE-CIC-IDS2018-v2,multiclass,sage_edge,44,test,DDoS,278547.0,0.9987632389647186,0.4783681030490366,4.713163981258175e-05,0.5216318969509633,47.131639812581746,133248.0,165.0,145299.0,3500668.0
NF-CSE-CIC-IDS2018-v2,multiclass,sage_edge,44,test,DoS,97461.0,0.9766279139810855,0.9981223258534183,0.0006322789827804469,0.0018776741465817096,632.2789827804469,97278.0,2328.0,183.0,3679591.0
NF-CSE-CIC-IDS2018-v2,multiclass,sage_edge,44,test,Infilteration,23465.0,0.177298734597944,0.31826124014489665,0.009226247132855775,0.6817387598551033,9226.247132855775,7468.0,34653.0,15997.0,3721262.0
NF-CSE-CIC-IDS2018-v2,multiclass,sage_edge,44,test,injection,85.0,0.0005202697078165321,0.8823529411764706,0.038123777053656834,0.11764705882352941,38123.777053656835,75.0,144081.0,10.0,3635214.0
NF-CSE-CIC-IDS2018-v2,multiclass,sage_edge,55,val,Benign,1662121.0,0.9971550629002133,0.6507636928960046,0.013714153664292095,0.34923630710399545,13714.153664292095,1081648.0,3086.0,580473.0,221937.0
NF-CSE-CIC-IDS2018-v2,multiclass,sage_edge,55,val,Bot,14384.0,0.9957081545064378,1.0,3.31062175612465e-05,0.0,33.1062175612465,14384.0,62.0,0.0,1872698.0
NF-CSE-CIC-IDS2018-v2,multiclass,sage_edge,55,val,Brute Force,12560.0,0.97267630103451,0.9806528662420382,0.0001845742842145244,0.019347133757961783,184.5742842145244,12317.0,346.0,243.0,1874238.0
NF-CSE-CIC-IDS2018-v2,multiclass,sage_edge,55,val,DDoS,138349.0,0.9963217991325818,0.9946078395940701,0.000290485734462873,0.005392160405929931,290.485734462873,137603.0,508.0,746.0,1748287.0
NF-CSE-CIC-IDS2018-v2,multiclass,sage_edge,55,val,DoS,48247.0,0.9841948147542324,0.9976786121416875,0.0004203606836054439,0.002321387858312434,420.3606836054439,48135.0,773.0,112.0,1838124.0
NF-CSE-CIC-IDS2018-v2,multiclass,sage_edge,55,val,Infilteration,11443.0,0.0142279670495922,0.7314515424276851,0.30916867880328475,0.26854845757231494,309168.67880328477,8370.0,579908.0,3073.0,1295793.0
NF-CSE-CIC-IDS2018-v2,multiclass,sage_edge,55,val,injection,40.0,0.75,0.075,5.2991250084786e-07,0.925,0.52991250084786,3.0,1.0,37.0,1887103.0
NF-CSE-CIC-IDS2018-v2,multiclass,sage_edge,55,test,Benign,3326441.0,0.9971140429196139,0.6704577053974503,0.01425136718189425,0.3295422946025497,14251.367181894251,2230238.0,6455.0,1096203.0,446484.0
NF-CSE-CIC-IDS2018-v2,multiclass,sage_edge,55,test,Bot,28719.0,0.9970836371211332,1.0,2.239605232251062e-05,0.0,22.39605232251062,28719.0,84.0,0.0,3750577.0
NF-CSE-CIC-IDS2018-v2,multiclass,sage_edge,55,test,Brute Force,24662.0,0.9779566413201747,0.9804152136890764,0.00014515071438121318,0.01958478631092369,145.1507143812132,24179.0,545.0,483.0,3754173.0
NF-CSE-CIC-IDS2018-v2,multiclass,sage_edge,55,test,DDoS,278547.0,0.9967763590087843,0.9968479287158002,0.00025651037910120247,0.003152071284199794,256.5103791012025,277669.0,898.0,878.0,3499935.0
NF-CSE-CIC-IDS2018-v2,multiclass,sage_edge,55,test,DoS,97461.0,0.9893818270580338,0.9981223258534183,0.00028354779124690143,0.0018776741465817096,283.5477912469014,97278.0,1044.0,183.0,3680875.0
NF-CSE-CIC-IDS2018-v2,multiclass,sage_edge,55,test,Infilteration,23465.0,0.015300324383419764,0.7252503728958023,0.29160564070273154,0.27474962710419776,291605.64070273156,17018.0,1095246.0,6447.0,2660669.0
NF-CSE-CIC-IDS2018-v2,multiclass,sage_edge,55,test,injection,85.0,0.42857142857142855,0.03529411764705882,1.0583984579134468e-06,0.9647058823529412,1.0583984579134469,3.0,4.0,82.0,3779291.0
NF-ToN-IoT-v2,binary,edge_mlp,11,val,Benign,609407.0,0.9583084627282471,0.9668661502083172,0.02363674252972343,0.03313384979168273,23636.74252972343,589215.0,25634.0,20192.0,1058864.0
NF-ToN-IoT-v2,binary,edge_mlp,11,val,Attack,1084498.0,0.9812873474592607,0.9763632574702765,0.03313384979168273,0.02363674252972343,33133.84979168273,1058864.0,20192.0,25634.0,589215.0
NF-ToN-IoT-v2,binary,edge_mlp,11,test,Benign,1218996.0,0.9580659928235793,0.9666053046933706,0.02380413891909556,0.03339469530662939,23804.13891909556,1178288.0,51573.0,40708.0,2114983.0
NF-ToN-IoT-v2,binary,edge_mlp,11,test,Attack,2166556.0,0.9811160319359314,0.9761958610809044,0.03339469530662939,0.02380413891909556,33394.69530662939,2114983.0,40708.0,51573.0,1178288.0
NF-ToN-IoT-v2,binary_detector,edge_mlp,11,test,false_alarm,1218996.0,,0.9666053046933706,0.03339469530662939,,33394.69530662939,1178288.0,40708.0,,
NF-ToN-IoT-v2,binary,edge_mlp,22,val,Benign,609407.0,0.958069598385804,0.9669301468476732,0.023779665799291468,0.03306985315232677,23779.66579929147,589254.0,25789.0,20153.0,1058709.0
NF-ToN-IoT-v2,binary,edge_mlp,22,val,Attack,1084498.0,0.9813201317684745,0.9762203342007085,0.03306985315232677,0.023779665799291468,33069.85315232677,1058709.0,20153.0,25789.0,589254.0
NF-ToN-IoT-v2,binary,edge_mlp,22,test,Benign,1218996.0,0.957706870774831,0.9669178569905069,0.024024765572641556,0.03308214300949306,24024.765572641558,1178669.0,52051.0,40327.0,2114505.0
NF-ToN-IoT-v2,binary,edge_mlp,22,test,Attack,2166556.0,0.9812853159782294,0.9759752344273585,0.03308214300949306,0.024024765572641556,33082.143009493055,2114505.0,40327.0,52051.0,1178669.0
NF-ToN-IoT-v2,binary_detector,edge_mlp,22,test,false_alarm,1218996.0,,0.9669178569905069,0.03308214300949306,,33082.143009493055,1178669.0,40327.0,,
NF-ToN-IoT-v2,binary,edge_mlp,33,val,Benign,609407.0,0.9598710822095077,0.9676488783358248,0.022732176546199256,0.03235112166417518,22732.176546199255,589692.0,24653.0,19715.0,1059845.0
NF-ToN-IoT-v2,binary,edge_mlp,33,val,Attack,1084498.0,0.9817379302678869,0.9772678234538007,0.03235112166417518,0.022732176546199256,32351.121664175174,1059845.0,19715.0,24653.0,589692.0
NF-ToN-IoT-v2,binary,edge_mlp,33,test,Benign,1218996.0,0.9596903072516599,0.9675347581124139,0.022865321736433308,0.03246524188758618,22865.321736433307,1179421.0,49539.0,39575.0,2117017.0
NF-ToN-IoT-v2,binary,edge_mlp,33,test,Attack,2166556.0,0.9816492873941849,0.9771346782635667,0.03246524188758618,0.022865321736433308,32465.241887586177,2117017.0,39575.0,49539.0,1179421.0
NF-ToN-IoT-v2,binary_detector,edge_mlp,33,test,false_alarm,1218996.0,,0.9675347581124139,0.03246524188758618,,32465.241887586177,1179421.0,39575.0,,
NF-ToN-IoT-v2,binary,edge_mlp,44,val,Benign,609407.0,0.9582789943043495,0.9682264890294991,0.023687457238279832,0.03177351097050083,23687.457238279832,590044.0,25689.0,19363.0,1058809.0
NF-ToN-IoT-v2,binary,edge_mlp,44,val,Attack,1084498.0,0.9820408988547282,0.9763125427617202,0.03177351097050083,0.023687457238279832,31773.510970500833,1058809.0,19363.0,25689.0,590044.0
NF-ToN-IoT-v2,binary,edge_mlp,44,test,Benign,1218996.0,0.9578932757331723,0.96806552277448,0.02394260753010769,0.031934477225520015,23942.607530107693,1180068.0,51873.0,38928.0,2114683.0
NF-ToN-IoT-v2,binary,edge_mlp,44,test,Attack,2166556.0,0.9819243122365181,0.9760573924698923,0.031934477225520015,0.02394260753010769,31934.47722552002,2114683.0,38928.0,51873.0,1180068.0
NF-ToN-IoT-v2,binary_detector,edge_mlp,44,test,false_alarm,1218996.0,,0.96806552277448,0.031934477225520015,,31934.47722552002,1180068.0,38928.0,,
NF-ToN-IoT-v2,binary,edge_mlp,55,val,Benign,609407.0,0.9561519788165669,0.9682002339979685,0.024949792438529163,0.031799766002031486,24949.792438529163,590028.0,27058.0,19379.0,1057440.0
NF-ToN-IoT-v2,binary,edge_mlp,55,val,Attack,1084498.0,0.9820034750501245,0.9750502075614709,0.031799766002031486,0.024949792438529163,31799.766002031483,1057440.0,19379.0,27058.0,590028.0
NF-ToN-IoT-v2,binary,edge_mlp,55,test,Benign,1218996.0,0.9559545093324887,0.9680745465940823,0.02509605105983875,0.03192545340591766,25096.05105983875,1180079.0,54372.0,38917.0,2112184.0
NF-ToN-IoT-v2,binary,edge_mlp,55,test,Attack,2166556.0,0.9819083343831833,0.9749039489401613,0.03192545340591766,0.02509605105983875,31925.45340591766,2112184.0,38917.0,54372.0,1180079.0
NF-ToN-IoT-v2,binary_detector,edge_mlp,55,test,false_alarm,1218996.0,,0.9680745465940823,0.03192545340591766,,31925.45340591766,1180079.0,38917.0,,
NF-ToN-IoT-v2,binary,sage,11,val,Benign,609407.0,0.9444830088414783,0.984614551523038,0.03252195946880492,0.01538544847696203,32521.959468804922,600031.0,35270.0,9376.0,1049228.0
NF-ToN-IoT-v2,binary,sage,11,val,Attack,1084498.0,0.9911430525484506,0.9674780405311951,0.01538544847696203,0.03252195946880492,15385.44847696203,1049228.0,9376.0,35270.0,600031.0
NF-ToN-IoT-v2,binary,sage,11,test,Benign,1218996.0,0.9523248447288692,0.9852813298813121,0.027752340581088143,0.014718670118687839,27752.34058108814,1201054.0,60127.0,17942.0,2106429.0
NF-ToN-IoT-v2,binary,sage,11,test,Attack,2166556.0,0.9915542059273075,0.9722476594189119,0.014718670118687839,0.027752340581088143,14718.670118687838,2106429.0,17942.0,60127.0,1201054.0
NF-ToN-IoT-v2,binary_detector,sage,11,test,false_alarm,1218996.0,,0.9852813298813121,0.014718670118687839,,14718.670118687838,1201054.0,17942.0,,
NF-ToN-IoT-v2,binary,sage,22,val,Benign,609407.0,0.9529431969430252,0.983357591888508,0.027286357374564085,0.01664240811149199,27286.357374564082,599265.0,29592.0,10142.0,1054906.0
NF-ToN-IoT-v2,binary,sage,22,val,Attack,1084498.0,0.9904774244916661,0.9727136426254359,0.01664240811149199,0.027286357374564085,16642.40811149199,1054906.0,10142.0,29592.0,599265.0
NF-ToN-IoT-v2,binary,sage,22,test,Benign,1218996.0,0.9581765737648039,0.9832181565813177,0.024146617950332232,0.01678184341868226,24146.61795033223,1198539.0,52315.0,20457.0,2114241.0
NF-ToN-IoT-v2,binary,sage,22,test,Attack,2166556.0,0.9904169114319684,0.9758533820496678,0.01678184341868226,0.024146617950332232,16781.84341868226,2114241.0,20457.0,52315.0,1198539.0
NF-ToN-IoT-v2,binary_detector,sage,22,test,false_alarm,1218996.0,,0.9832181565813177,0.01678184341868226,,16781.84341868226,1198539.0,20457.0,,
NF-ToN-IoT-v2,binary,sage,33,val,Benign,609407.0,0.9514546781306513,0.9841993938369595,0.028217663840781632,0.015800606163040465,28217.66384078163,599778.0,30602.0,9629.0,1053896.0
NF-ToN-IoT-v2,binary,sage,33,val,Attack,1084498.0,0.9909461460708493,0.9717823361592184,0.015800606163040465,0.028217663840781632,15800.606163040464,1053896.0,9629.0,30602.0,599778.0
NF-ToN-IoT-v2,binary,sage,33,test,Benign,1218996.0,0.9602269546650459,0.9850196391128437,0.0229557878956279,0.014980360887156315,22955.7878956279,1200735.0,49735.0,18261.0,2116821.0
NF-ToN-IoT-v2,binary,sage,33,test,Attack,2166556.0,0.9914471669003814,0.9770442121043721,0.014980360887156315,0.0229557878956279,14980.360887156316,2116821.0,18261.0,49735.0,1200735.0
NF-ToN-IoT-v2,binary_detector,sage,33,test,false_alarm,1218996.0,,0.9850196391128437,0.014980360887156315,,14980.360887156316,1200735.0,18261.0,,
NF-ToN-IoT-v2,binary,sage,44,val,Benign,609407.0,0.9562941325518356,0.9847064441333953,0.025289119943051993,0.015293555866604748,25289.119943051992,600087.0,27426.0,9320.0,1057072.0
NF-ToN-IoT-v2,binary,sage,44,val,Attack,1084498.0,0.99126024951425,0.9747108800569481,0.015293555866604748,0.025289119943051993,15293.55586660475,1057072.0,9320.0,27426.0,600087.0
NF-ToN-IoT-v2,binary,sage,44,test,Benign,1218996.0,0.9625369495449805,0.9848933056384106,0.021567870851249633,0.015106694361589373,21567.870851249634,1200581.0,46728.0,18415.0,2119828.0
NF-ToN-IoT-v2,binary,sage,44,test,Attack,2166556.0,0.9913877889463452,0.9784321291487503,0.015106694361589373,0.021567870851249633,15106.694361589374,2119828.0,18415.0,46728.0,1200581.0
NF-ToN-IoT-v2,binary_detector,sage,44,test,false_alarm,1218996.0,,0.9848933056384106,0.015106694361589373,,15106.694361589374,1200581.0,18415.0,,
NF-ToN-IoT-v2,binary,sage,55,val,Benign,609407.0,0.9527297053790061,0.9838564374875904,0.02743020272974224,0.016143562512409605,27430.20272974224,599569.0,29748.0,9838.0,1054750.0
NF-ToN-IoT-v2,binary,sage,55,val,Attack,1084498.0,0.9907588663407816,0.9725697972702577,0.016143562512409605,0.02743020272974224,16143.562512409604,1054750.0,9838.0,29748.0,599569.0
NF-ToN-IoT-v2,binary,sage,55,test,Benign,1218996.0,0.9602537471733605,0.9841057722912955,0.022918401370654623,0.01589422770870454,22918.401370654625,1199621.0,49654.0,19375.0,2116902.0
NF-ToN-IoT-v2,binary,sage,55,test,Attack,2166556.0,0.990930483265981,0.9770815986293454,0.01589422770870454,0.022918401370654623,15894.22770870454,2116902.0,19375.0,49654.0,1199621.0
NF-ToN-IoT-v2,binary_detector,sage,55,test,false_alarm,1218996.0,,0.9841057722912955,0.01589422770870454,,15894.22770870454,1199621.0,19375.0,,
NF-ToN-IoT-v2,binary,sage_edge,11,val,Benign,609407.0,0.9570564436001177,0.9878816620091335,0.024908298586073924,0.012118337990866531,24908.298586073925,602022.0,27013.0,7385.0,1057485.0
NF-ToN-IoT-v2,binary,sage_edge,11,val,Attack,1084498.0,0.9930648811592026,0.9750917014139261,0.012118337990866531,0.024908298586073924,12118.33799086653,1057485.0,7385.0,27013.0,602022.0
NF-ToN-IoT-v2,binary,sage_edge,11,test,Benign,1218996.0,0.9639955439910751,0.9874470465858789,0.020750444484241348,0.012552953414121128,20750.44448424135,1203694.0,44957.0,15302.0,2121599.0
NF-ToN-IoT-v2,binary,sage_edge,11,test,Attack,2166556.0,0.9928391628812004,0.9792495555157587,0.012552953414121128,0.020750444484241348,12552.95341412113,2121599.0,15302.0,44957.0,1203694.0
NF-ToN-IoT-v2,binary_detector,sage_edge,11,test,false_alarm,1218996.0,,0.9874470465858789,0.012552953414121128,,12552.95341412113,1203694.0,15302.0,,
NF-ToN-IoT-v2,binary,sage_edge,22,val,Benign,609407.0,0.9592681527919569,0.9852660044928923,0.023508572629917252,0.014733995507107729,23508.572629917253,600428.0,25495.0,8979.0,1059003.0
NF-ToN-IoT-v2,binary,sage_edge,22,val,Attack,1084498.0,0.9915925549307011,0.9764914273700828,0.014733995507107729,0.023508572629917252,14733.99550710773,1059003.0,8979.0,25495.0,600428.0
NF-ToN-IoT-v2,binary,sage_edge,22,test,Benign,1218996.0,0.964839174591851,0.9852362107833004,0.02020118566055989,0.014763789216699645,20201.18566055989,1200999.0,43767.0,17997.0,2122789.0
NF-ToN-IoT-v2,binary,sage_edge,22,test,Attack,2166556.0,0.9915932746196957,0.9797988143394402,0.014763789216699645,0.02020118566055989,14763.789216699644,2122789.0,17997.0,43767.0,1200999.0
NF-ToN-IoT-v2,binary_detector,sage_edge,22,test,false_alarm,1218996.0,,0.9852362107833004,0.014763789216699645,,14763.789216699644,1200999.0,17997.0,,
NF-ToN-IoT-v2,binary,sage_edge,33,val,Benign,609407.0,0.956842916366832,0.9862308769016437,0.02499589671903498,0.01376912309835627,24995.896719034983,601016.0,27108.0,8391.0,1057390.0
NF-ToN-IoT-v2,binary,sage_edge,33,val,Attack,1084498.0,0.9921269003669609,0.975004103280965,0.01376912309835627,0.02499589671903498,13769.123098356271,1057390.0,8391.0,27108.0,601016.0
NF-ToN-IoT-v2,binary,sage_edge,33,test,Benign,1218996.0,0.9650003169897688,0.9864544264296191,0.020130105106907,0.013545573570380871,20130.105106906998,1202484.0,43613.0,16512.0,2122943.0
NF-ToN-IoT-v2,binary,sage_edge,33,test,Attack,2166556.0,0.9922821466214526,0.979869894893093,0.013545573570380871,0.020130105106907,13545.573570380871,2122943.0,16512.0,43613.0,1202484.0
NF-ToN-IoT-v2,binary_detector,sage_edge,33,test,false_alarm,1218996.0,,0.9864544264296191,0.013545573570380871,,13545.573570380871,1202484.0,16512.0,,
NF-ToN-IoT-v2,binary,sage_edge,44,val,Benign,609407.0,0.9602569906662686,0.981521380620833,0.022827151364041242,0.01847861937916696,22827.15136404124,598146.0,24756.0,11261.0,1059742.0
NF-ToN-IoT-v2,binary,sage_edge,44,val,Attack,1084498.0,0.9894855569965724,0.9771728486359588,0.01847861937916696,0.022827151364041242,18478.61937916696,1059742.0,11261.0,24756.0,598146.0
NF-ToN-IoT-v2,binary,sage_edge,44,test,Benign,1218996.0,0.9663671060276579,0.9810196259872879,0.019210211967749736,0.0189803740127121,19210.211967749736,1195859.0,41620.0,23137.0,2124936.0
NF-ToN-IoT-v2,binary,sage_edge,44,test,Attack,2166556.0,0.9892289507851921,0.9807897880322503,0.0189803740127121,0.019210211967749736,18980.374012712102,2124936.0,23137.0,41620.0,1195859.0
NF-ToN-IoT-v2,binary_detector,sage_edge,44,test,false_alarm,1218996.0,,0.9810196259872879,0.0189803740127121,,18980.374012712102,1195859.0,23137.0,,
NF-ToN-IoT-v2,binary,sage_edge,55,val,Benign,609407.0,0.9528811158451469,0.9868429473242021,0.027420981873641077,0.013157052675797948,27420.981873641078,601389.0,29738.0,8018.0,1054760.0
NF-ToN-IoT-v2,binary,sage_edge,55,val,Attack,1084498.0,0.9924556210233935,0.9725790181263589,0.013157052675797948,0.027420981873641077,13157.052675797948,1054760.0,8018.0,29738.0,601389.0
NF-ToN-IoT-v2,binary,sage_edge,55,test,Benign,1218996.0,0.9628428971616836,0.9863034825380887,0.021415555379136288,0.013696517461911278,21415.555379136287,1202300.0,46398.0,16696.0,2120158.0
NF-ToN-IoT-v2,binary,sage_edge,55,test,Attack,2166556.0,0.9921866444782844,0.9785844446208637,0.013696517461911278,0.021415555379136288,13696.517461911279,2120158.0,16696.0,46398.0,1202300.0
NF-ToN-IoT-v2,binary_detector,sage_edge,55,test,false_alarm,1218996.0,,0.9863034825380887,0.013696517461911278,,13696.517461911279,1202300.0,16696.0,,
NF-ToN-IoT-v2,multiclass,edge_mlp,11,val,Backdoor,1683.0,0.8830409356725146,0.9869281045751634,0.00013000658306061498,0.013071895424836602,130.006583060615,1661.0,220.0,22.0,1692002.0
NF-ToN-IoT-v2,multiclass,edge_mlp,11,val,Benign,609407.0,0.9765184822085913,0.846668974921522,0.011440316164713997,0.15333102507847793,11440.316164713997,515966.0,12407.0,93441.0,1072091.0
NF-ToN-IoT-v2,multiclass,edge_mlp,11,val,DDoS,202610.0,0.8410871215737622,0.9130990573022062,0.023438689192949752,0.08690094269779379,23438.68919294975,185003.0,34954.0,17607.0,1456341.0
NF-ToN-IoT-v2,multiclass,edge_mlp,11,val,DoS,71635.0,0.7317735349299195,0.9256089900188456,0.014981476572950249,0.07439100998115446,14981.476572950249,66306.0,24304.0,5329.0,1597966.0
NF-ToN-IoT-v2,multiclass,edge_mlp,11,val,injection,68589.0,0.5971117408077566,0.7649914709355727,0.02178222573333432,0.23500852906442724,21782.22573333432,52470.0,35403.0,16119.0,1589913.0
NF-ToN-IoT-v2,multiclass,edge_mlp,11,val,mitm,748.0,0.016531713900134953,0.393048128342246,0.01032981584105904,0.606951871657754,10329.815841059039,294.0,17490.0,454.0,1675667.0
NF-ToN-IoT-v2,multiclass,edge_mlp,11,val,password,115159.0,0.8496046751460983,0.8584652523901736,0.011084747008068429,0.1415347476098264,11084.747008068429,98860.0,17500.0,16299.0,1561246.0
NF-ToN-IoT-v2,multiclass,edge_mlp,11,val,ransomware,350.0,0.04171267329162066,0.9714285714285714,0.004612191514299801,0.02857142857142857,4612.191514299801,340.0,7811.0,10.0,1685744.0
NF-ToN-IoT-v2,multiclass,edge_mlp,11,val,scanning,377990.0,0.9518458438049514,0.9609037276118416,0.013963667866085576,0.039096272388158416,13963.667866085576,363212.0,18375.0,14778.0,1297540.0
NF-ToN-IoT-v2,multiclass,edge_mlp,11,val,xss,245734.0,0.9143119973148689,0.897922143455932,0.01427939103876545,0.10207785654406798,14279.39103876545,220650.0,20679.0,25084.0,1427492.0
NF-ToN-IoT-v2,multiclass,edge_mlp,11,test,Backdoor,3339.0,0.8827457264957265,0.9898173105720276,0.000129796674544152,0.010182689427972447,129.796674544152,3305.0,439.0,34.0,3381774.0
NF-ToN-IoT-v2,multiclass,edge_mlp,11,test,Benign,1218996.0,0.976380263834356,0.8459798063324244,0.011514588129732165,0.1540201936675756,11514.588129732165,1031246.0,24947.0,187750.0,2141609.0
NF-ToN-IoT-v2,multiclass,edge_mlp,11,test,DDoS,405142.0,0.8404515654511114,0.9138252760760425,0.023581654872987273,0.08617472392395753,23581.654872987274,370229.0,70283.0,34913.0,2910127.0
NF-ToN-IoT-v2,multiclass,edge_mlp,11,test,DoS,142527.0,0.7292582212566956,0.9256140941716307,0.015102566276855713,0.07438590582836936,15102.566276855714,131925.0,48978.0,10602.0,3194047.0
NF-ToN-IoT-v2,multiclass,edge_mlp,11,test,injection,137245.0,0.5980501408676073,0.7625122955298917,0.02165312576674557,0.2374877044701082,21653.12576674557,104651.0,70336.0,32594.0,3177971.0
NF-ToN-IoT-v2,multiclass,edge_mlp,11,test,mitm,1588.0,0.019107921767271704,0.4275818639798489,0.01030034598476816,0.5724181360201511,10300.345984768159,679.0,34856.0,909.0,3349108.0
NF-ToN-IoT-v2,multiclass,edge_mlp,11,test,password,230557.0,0.8493830662317402,0.8572153523857441,0.011108100012836788,0.1427846476142559,11108.100012836787,197637.0,35046.0,32920.0,3119949.0
NF-ToN-IoT-v2,multiclass,edge_mlp,11,test,ransomware,674.0,0.038922334147940635,0.9688427299703264,0.004763539483550072,0.03115727002967359,4763.539483550072,653.0,16124.0,21.0,3368754.0
NF-ToN-IoT-v2,multiclass,edge_mlp,11,test,scanning,754468.0,0.9520153576066505,0.9609857542003107,0.01388933230562004,0.03901424579968932,13889.33230562004,725033.0,36544.0,29435.0,2594540.0
NF-ToN-IoT-v2,multiclass,edge_mlp,11,test,xss,491016.0,0.9141225051332149,0.898530801440279,0.014319393505556676,0.10146919855972107,14319.393505556676,441193.0,41448.0,49823.0,2853088.0
NF-ToN-IoT-v2,multiclass,edge_mlp,22,val,Backdoor,1683.0,0.8610679108346293,0.9869281045751634,0.00015837165572838552,0.013071895424836602,158.37165572838552,1661.0,268.0,22.0,1691954.0
NF-ToN-IoT-v2,multiclass,edge_mlp,22,val,Benign,609407.0,0.979696240881247,0.8468937836290032,0.009862627685804861,0.15310621637099672,9862.62768580486,516103.0,10696.0,93304.0,1073802.0
NF-ToN-IoT-v2,multiclass,edge_mlp,22,val,DDoS,202610.0,0.8309129002220471,0.9160752183998816,0.025326980912562573,0.08392478160011846,25326.980912562572,185606.0,37770.0,17004.0,1453525.0
NF-ToN-IoT-v2,multiclass,edge_mlp,22,val,DoS,71635.0,0.7950794788036285,0.913994555733929,0.010402090897322887,0.08600544426607105,10402.090897322887,65474.0,16875.0,6161.0,1605395.0
NF-ToN-IoT-v2,multiclass,edge_mlp,22,val,injection,68589.0,0.6072811862581073,0.772645759524122,0.02108574578728075,0.22735424047587804,21085.74578728075,52995.0,34271.0,15594.0,1591045.0
NF-ToN-IoT-v2,multiclass,edge_mlp,22,val,mitm,748.0,0.012258273323084393,0.4050802139037433,0.014419808676927184,0.5949197860962567,14419.808676927183,303.0,24415.0,445.0,1668742.0
NF-ToN-IoT-v2,multiclass,edge_mlp,22,val,password,115159.0,0.8570491468100151,0.8736008475238584,0.010628688845450757,0.1263991524761417,10628.688845450757,100603.0,16780.0,14556.0,1561966.0
NF-ToN-IoT-v2,multiclass,edge_mlp,22,val,ransomware,350.0,0.04176784847013113,0.9828571428571429,0.004660019898969918,0.017142857142857144,4660.019898969918,344.0,7892.0,6.0,1685663.0
NF-ToN-IoT-v2,multiclass,edge_mlp,22,val,scanning,377990.0,0.9529442265087753,0.9627159448662663,0.01365513729990159,0.037284055133733694,13655.13729990159,363897.0,17969.0,14093.0,1297946.0
NF-ToN-IoT-v2,multiclass,edge_mlp,22,val,xss,245734.0,0.9186775729947538,0.8971774357638748,0.013476309082283791,0.10282256423612524,13476.309082283791,220467.0,19516.0,25267.0,1428655.0
NF-ToN-IoT-v2,multiclass,edge_mlp,22,test,Backdoor,3339.0,0.8577731637684921,0.9898173105720276,0.00016202409487516014,0.010182689427972447,162.02409487516013,3305.0,548.0,34.0,3381665.0
NF-ToN-IoT-v2,multiclass,edge_mlp,22,test,Benign,1218996.0,0.9793218343886162,0.8463087655742922,0.010054205845590882,0.1536912344257077,10054.205845590883,1031647.0,21783.0,187349.0,2144773.0
NF-ToN-IoT-v2,multiclass,edge_mlp,22,test,DDoS,405142.0,0.8299919108675929,0.9167970736186325,0.02552702480531202,0.08320292638136752,25527.02480531202,371433.0,76081.0,33709.0,2904329.0
NF-ToN-IoT-v2,multiclass,edge_mlp,22,test,DoS,142527.0,0.7944503735325507,0.9140022592210598,0.010393074367295967,0.08599774077894012,10393.074367295965,130270.0,33705.0,12257.0,3209320.0
NF-ToN-IoT-v2,multiclass,edge_mlp,22,test,injection,137245.0,0.6081246868142312,0.7692957849101971,0.020945372466334,0.2307042150898029,20945.372466334,105582.0,68037.0,31663.0,3180270.0
NF-ToN-IoT-v2,multiclass,edge_mlp,22,test,mitm,1588.0,0.014686518788615415,0.45654911838790935,0.014373675370068948,0.5434508816120907,14373.67537006895,725.0,48640.0,863.0,3335324.0
NF-ToN-IoT-v2,multiclass,edge_mlp,22,test,password,230557.0,0.8574169125044763,0.8723482696252988,0.010600967671898054,0.12765173037470126,10600.967671898054,201126.0,33446.0,29431.0,3121549.0
NF-ToN-IoT-v2,multiclass,edge_mlp,22,test,ransomware,674.0,0.03802037845705968,0.9688427299703264,0.004881121269363327,0.03115727002967359,4881.121269363327,653.0,16522.0,21.0,3368356.0
NF-ToN-IoT-v2,multiclass,edge_mlp,22,test,scanning,754468.0,0.9529873033701968,0.9626173674695282,0.01361720112318725,0.037382632530471804,13617.20112318725,726264.0,35828.0,28204.0,2595256.0
NF-ToN-IoT-v2,multiclass,edge_mlp,22,test,xss,491016.0,0.9188635648610188,0.8981682877951024,0.01345362434600917,0.1018317122048976,13453.62434600917,441015.0,38942.0,50001.0,2855594.0
NF-ToN-IoT-v2,multiclass,edge_mlp,33,val,Backdoor,1683.0,0.8579545454545454,0.9869281045751634,0.00016250822882576873,0.013071895424836602,162.50822882576873,1661.0,275.0,22.0,1691947.0
NF-ToN-IoT-v2,multiclass,edge_mlp,33,val,Benign,609407.0,0.9803976836938181,0.8390074285329837,0.00942648119221981,0.1609925714670163,9426.48119221981,511297.0,10223.0,98110.0,1074275.0
NF-ToN-IoT-v2,multiclass,edge_mlp,33,val,DDoS,202610.0,0.8366698657727193,0.9164799368244411,0.024307061983041583,0.08352006317555896,24307.061983041585,185688.0,36249.0,16922.0,1455046.0
NF-ToN-IoT-v2,multiclass,edge_mlp,33,val,DoS,71635.0,0.8345595416368253,0.8946743910099811,0.007831618657806653,0.10532560899001885,7831.618657806654,64090.0,12705.0,7545.0,1609565.0
NF-ToN-IoT-v2,multiclass,edge_mlp,33,val,injection,68589.0,0.573780914919985,0.776276079254691,0.024334344828944032,0.223723920745309,24334.344828944035,53244.0,39551.0,15345.0,1585765.0
NF-ToN-IoT-v2,multiclass,edge_mlp,33,val,mitm,748.0,0.011906626977910074,0.40641711229946526,0.014899976788921524,0.5935828877005348,14899.976788921524,304.0,25228.0,444.0,1667929.0
NF-ToN-IoT-v2,multiclass,edge_mlp,33,val,password,115159.0,0.8481261985127595,0.8487743033544924,0.01108664725041267,0.15122569664550753,11086.647250412669,97744.0,17503.0,17415.0,1561243.0
NF-ToN-IoT-v2,multiclass,edge_mlp,33,val,ransomware,350.0,0.04251363411006445,0.98,0.004561410760205603,0.02,4561.410760205603,343.0,7725.0,7.0,1685830.0
NF-ToN-IoT-v2,multiclass,edge_mlp,33,val,scanning,377990.0,0.9460113356704599,0.9630625148813461,0.015787493873084507,0.03693748511865393,15787.493873084508,364028.0,20775.0,13962.0,1295140.0
NF-ToN-IoT-v2,multiclass,edge_mlp,33,val,xss,245734.0,0.9148659447470563,0.9131459220132339,0.014418877328713253,0.08685407798676618,14418.877328713254,224391.0,20881.0,21343.0,1427290.0
NF-ToN-IoT-v2,multiclass,edge_mlp,33,test,Backdoor,3339.0,0.8557742102537546,0.9898173105720276,0.0001646850745355186,0.010182689427972447,164.6850745355186,3305.0,557.0,34.0,3381656.0
NF-ToN-IoT-v2,multiclass,edge_mlp,33,test,Benign,1218996.0,0.98035671650521,0.8387353198862014,0.009455559883981767,0.16126468011379858,9455.559883981767,1022415.0,20486.0,196581.0,2146070.0
NF-ToN-IoT-v2,multiclass,edge_mlp,33,test,DDoS,405142.0,0.8361016857623732,0.917177187257801,0.024439926050442724,0.08282281274219903,24439.926050442726,371587.0,72841.0,33555.0,2907569.0
NF-ToN-IoT-v2,multiclass,edge_mlp,33,test,DoS,142527.0,0.8332897506635462,0.8943217776280985,0.00786333747041728,0.10567822237190147,7863.33747041728,127465.0,25501.0,15062.0,3217524.0
NF-ToN-IoT-v2,multiclass,edge_mlp,33,test,injection,137245.0,0.5747484038523969,0.7739808371889686,0.024195681011677777,0.22601916281103138,24195.681011677774,106225.0,78595.0,31020.0,3169712.0
NF-ToN-IoT-v2,multiclass,edge_mlp,33,test,mitm,1588.0,0.013799304171064461,0.4445843828715365,0.014910324105102773,0.5554156171284634,14910.324105102773,706.0,50456.0,882.0,3333508.0
NF-ToN-IoT-v2,multiclass,edge_mlp,33,test,password,230557.0,0.8489272102250751,0.8472481859149799,0.011018084022320162,0.1527518140850202,11018.084022320163,195339.0,34762.0,35218.0,3120233.0
NF-ToN-IoT-v2,multiclass,edge_mlp,33,test,ransomware,674.0,0.03884420613643134,0.9673590504451038,0.0047661983681538895,0.032640949554896145,4766.1983681538895,652.0,16133.0,22.0,3368745.0
NF-ToN-IoT-v2,multiclass,edge_mlp,33,test,scanning,754468.0,0.9462103931004312,0.9632416484198137,0.015701893212075328,0.0367583515801863,15701.893212075327,726735.0,41313.0,27733.0,2589771.0
NF-ToN-IoT-v2,multiclass,edge_mlp,33,test,xss,491016.0,0.9149382542371844,0.9139376313602815,0.014413709140255986,0.08606236863971846,14413.709140255985,448758.0,41721.0,42258.0,2852815.0
NF-ToN-IoT-v2,multiclass,edge_mlp,44,val,Backdoor,1683.0,0.7974075852136342,0.9869281045751634,0.000249376263870816,0.013071895424836602,249.37626387081602,1661.0,422.0,22.0,1691800.0
NF-ToN-IoT-v2,multiclass,edge_mlp,44,val,Benign,609407.0,0.9816774461474571,0.8378538480851057,0.008787475864409155,0.16214615191489432,8787.475864409154,510594.0,9530.0,98813.0,1074968.0
NF-ToN-IoT-v2,multiclass,edge_mlp,44,val,DDoS,202610.0,0.8312330586820328,0.9141799516312127,0.025217009377755575,0.08582004836878733,25217.009377755574,185222.0,37606.0,17388.0,1453689.0
NF-ToN-IoT-v2,multiclass,edge_mlp,44,val,DoS,71635.0,0.7816097615031335,0.886159000488588,0.010933445110863173,0.11384099951141202,10933.445110863173,63480.0,17737.0,8155.0,1604533.0
NF-ToN-IoT-v2,multiclass,edge_mlp,44,val,injection,68589.0,0.612593332941384,0.7595678607356865,0.02027113496698488,0.24043213926431353,20271.134966984882,52098.0,32947.0,16491.0,1592369.0
NF-ToN-IoT-v2,multiclass,edge_mlp,44,val,mitm,748.0,0.010064412238325281,0.4344919786096257,0.01888011566558801,0.5655080213903744,18880.11566558801,325.0,31967.0,423.0,1661190.0
NF-ToN-IoT-v2,multiclass,edge_mlp,44,val,password,115159.0,0.856612355100546,0.873349021787268,0.010663526621761829,0.12665097821273197,10663.526621761828,100574.0,16835.0,14585.0,1561911.0
NF-ToN-IoT-v2,multiclass,edge_mlp,44,val,ransomware,350.0,0.04514435695538058,0.9828571428571429,0.004296287985923103,0.017142857142857144,4296.2879859231025,344.0,7276.0,6.0,1686279.0
NF-ToN-IoT-v2,multiclass,edge_mlp,44,val,scanning,377990.0,0.943368057259608,0.9662266197518453,0.016661410501438163,0.03377338024815471,16661.410501438164,365224.0,21925.0,12766.0,1293990.0
NF-ToN-IoT-v2,multiclass,edge_mlp,44,val,xss,245734.0,0.9162712376857116,0.8879479437114929,0.013768401659748745,0.11205205628850709,13768.401659748744,218199.0,19939.0,27535.0,1428232.0
NF-ToN-IoT-v2,multiclass,edge_mlp,44,test,Backdoor,3339.0,0.7876549094375596,0.9898173105720276,0.0002634369863754885,0.010182689427972447,263.43698637548846,3305.0,891.0,34.0,3381322.0
NF-ToN-IoT-v2,multiclass,edge_mlp,44,test,Benign,1218996.0,0.9815273777432542,0.8375523791710555,0.008868914535327035,0.16244762082894448,8868.914535327036,1020973.0,19215.0,198023.0,2147341.0
NF-ToN-IoT-v2,multiclass,edge_mlp,44,test,DDoS,405142.0,0.8299871916593519,0.9148866323412532,0.025474683013410906,0.08511336765874682,25474.683013410908,370659.0,75925.0,34483.0,2904485.0
NF-ToN-IoT-v2,multiclass,edge_mlp,44,test,DoS,142527.0,0.7805837979665464,0.8850252934531703,0.01093331072070058,0.11497470654682973,10933.31072070058,126140.0,35457.0,16387.0,3207568.0
NF-ToN-IoT-v2,multiclass,edge_mlp,44,test,injection,137245.0,0.6145166822391219,0.7571569091770192,0.020067684489181597,0.2428430908229808,20067.684489181596,103916.0,65186.0,33329.0,3183121.0
NF-ToN-IoT-v2,multiclass,edge_mlp,44,test,mitm,1588.0,0.01184224710103639,0.48425692695214106,0.01896237666830971,0.5157430730478589,18962.37666830971,769.0,64168.0,819.0,3319796.0
NF-ToN-IoT-v2,multiclass,edge_mlp,44,test,password,230557.0,0.8573694916989002,0.8719839345584823,0.010600650714184968,0.12801606544151772,10600.650714184967,201042.0,33445.0,29515.0,3121550.0
NF-ToN-IoT-v2,multiclass,edge_mlp,44,test,ransomware,674.0,0.04163739702407561,0.9673590504451038,0.004433542361054077,0.032640949554896145,4433.5423610540765,652.0,15007.0,22.0,3369871.0
NF-ToN-IoT-v2,multiclass,edge_mlp,44,test,scanning,754468.0,0.9435915554934331,0.9663537751104089,0.016565415623370442,0.03364622488959108,16565.415623370445,729083.0,43585.0,25385.0,2587499.0
NF-ToN-IoT-v2,multiclass,edge_mlp,44,test,xss,491016.0,0.9164562917161976,0.8886797986216335,0.013742444384868593,0.11132020137836648,13742.444384868593,436356.0,39778.0,54660.0,2854758.0
NF-ToN-IoT-v2,multiclass,edge_mlp,55,val,Backdoor,1683.0,0.9453614114968697,0.9869281045751634,5.673014533554108e-05,0.013071895424836602,56.73014533554108,1661.0,96.0,22.0,1692126.0
NF-ToN-IoT-v2,multiclass,edge_mlp,55,val,Benign,609407.0,0.9802252758155027,0.8349625127377927,0.009465208787844698,0.16503748726220735,9465.208787844698,508832.0,10265.0,100575.0,1074233.0
NF-ToN-IoT-v2,multiclass,edge_mlp,55,val,DDoS,202610.0,0.8354170613121172,0.9142046295839297,0.02446933705269581,0.08579537041607029,24469.33705269581,185227.0,36491.0,17383.0,1454804.0
NF-ToN-IoT-v2,multiclass,edge_mlp,55,val,DoS,71635.0,0.8365960326964128,0.8972429678229915,0.007738539207406905,0.10275703217700845,7738.539207406905,64274.0,12554.0,7361.0,1609716.0
NF-ToN-IoT-v2,multiclass,edge_mlp,55,val,injection,68589.0,0.6024416805181406,0.7662161571097407,0.021338004424985665,0.23378384289025936,21338.004424985666,52554.0,34681.0,16035.0,1590635.0
NF-ToN-IoT-v2,multiclass,edge_mlp,55,val,mitm,748.0,0.010555536515987526,0.4117647058823529,0.017051578796295912,0.5882352941176471,17051.578796295915,308.0,28871.0,440.0,1664286.0
NF-ToN-IoT-v2,multiclass,edge_mlp,55,val,password,115159.0,0.8482916420289482,0.8595767590896065,0.011213330073362024,0.14042324091039346,11213.330073362024,98988.0,17703.0,16171.0,1561043.0
NF-ToN-IoT-v2,multiclass,edge_mlp,55,val,ransomware,350.0,0.03600209314495029,0.9828571428571429,0.005438854953042564,0.017142857142857144,5438.854953042564,344.0,9211.0,6.0,1684344.0
NF-ToN-IoT-v2,multiclass,edge_mlp,55,val,scanning,377990.0,0.943213063964371,0.9665070504510701,0.0167146054266423,0.03349294954892987,16714.605426642298,365330.0,21995.0,12660.0,1293920.0
NF-ToN-IoT-v2,multiclass,edge_mlp,55,val,xss,245734.0,0.9211720922623916,0.9166212245761677,0.013309892271009432,0.08337877542383228,13309.892271009432,225245.0,19275.0,20489.0,1428896.0
NF-ToN-IoT-v2,multiclass,edge_mlp,55,test,Backdoor,3339.0,0.9309859154929577,0.9898173105720276,7.243777964309167e-05,0.010182689427972447,72.43777964309167,3305.0,245.0,34.0,3381968.0
NF-ToN-IoT-v2,multiclass,edge_mlp,55,test,Benign,1218996.0,0.9801206937240227,0.8347254625938068,0.009525717313561246,0.1652745374061933,9525.717313561247,1017527.0,20638.0,201469.0,2145918.0
NF-ToN-IoT-v2,multiclass,edge_mlp,55,test,DDoS,405142.0,0.8346725520223404,0.9148101159593427,0.024631510429773084,0.08518988404065735,24631.510429773083,370628.0,73412.0,34514.0,2906998.0
NF-ToN-IoT-v2,multiclass,edge_mlp,55,test,DoS,142527.0,0.835033067961038,0.8956127610908811,0.007776073264930119,0.10438723890911897,7776.073264930119,127649.0,25218.0,14878.0,3217807.0
NF-ToN-IoT-v2,multiclass,edge_mlp,55,test,injection,137245.0,0.6032200956110051,0.7621771284928412,0.021182111173605203,0.23782287150715872,21182.111173605204,104605.0,68806.0,32640.0,3179501.0
NF-ToN-IoT-v2,multiclass,edge_mlp,55,test,mitm,1588.0,0.01265065390204291,0.4659949622166247,0.017067261944867025,0.5340050377833753,17067.261944867027,740.0,57755.0,848.0,3326209.0
NF-ToN-IoT-v2,multiclass,edge_mlp,55,test,password,230557.0,0.8484762725600422,0.8582432977528334,0.01120033470734502,0.14175670224716663,11200.33470734502,197874.0,35337.0,32683.0,3119658.0
NF-ToN-IoT-v2,multiclass,edge_mlp,55,test,ransomware,674.0,0.03318449360665719,0.9703264094955489,0.0056291541379039365,0.02967359050445104,5629.154137903936,654.0,19054.0,20.0,3365824.0
NF-ToN-IoT-v2,multiclass,edge_mlp,55,test,scanning,754468.0,0.9436055350338661,0.9666519984943033,0.016566175766338134,0.03334800150569673,16566.175766338132,729308.0,43587.0,25160.0,2587497.0
NF-ToN-IoT-v2,multiclass,edge_mlp,55,test,xss,491016.0,0.921001206026042,0.9176136826498525,0.013351708183971455,0.08238631735014745,13351.708183971456,450563.0,38647.0,40453.0,2855889.0
NF-ToN-IoT-v2,multiclass,sage,11,val,Backdoor,1683.0,0.794969150450878,0.9952465834818776,0.00025528565400993486,0.004753416518122401,255.28565400993486,1675.0,432.0,8.0,1691790.0
NF-ToN-IoT-v2,multiclass,sage,11,val,Benign,609407.0,0.9476607586667465,0.9616873452388962,0.02984606702824717,0.03831265476110383,29846.06702824717,586059.0,32368.0,23348.0,1052130.0
NF-ToN-IoT-v2,multiclass,sage,11,val,DDoS,202610.0,0.9727656631492911,0.9163614826513993,0.003485561206870539,0.08363851734860075,3485.5612068705386,185664.0,5198.0,16946.0,1486097.0
NF-ToN-IoT-v2,multiclass,sage,11,val,DoS,71635.0,0.8335700705841218,0.5324911007189224,0.004694656253274732,0.4675088992810777,4694.656253274732,38145.0,7616.0,33490.0,1614654.0
NF-ToN-IoT-v2,multiclass,sage,11,val,injection,68589.0,0.5072697382467227,0.6928078846462261,0.028398785220843208,0.30719211535377394,28398.78522084321,47519.0,46157.0,21070.0,1579159.0
NF-ToN-IoT-v2,multiclass,sage,11,val,mitm,748.0,0.011379962192816635,0.8048128342245989,0.03088786214154978,0.19518716577540107,30887.86214154978,602.0,52298.0,146.0,1640859.0
NF-ToN-IoT-v2,multiclass,sage,11,val,password,115159.0,0.7855713374893738,0.7703522955218437,0.015338122788592971,0.2296477044781563,15338.122788592971,88713.0,24215.0,26446.0,1554531.0
NF-ToN-IoT-v2,multiclass,sage,11,val,ransomware,350.0,0.3960739030023095,0.98,0.0003088178417589036,0.02,308.8178417589036,343.0,523.0,7.0,1693032.0
NF-ToN-IoT-v2,multiclass,sage,11,val,scanning,377990.0,0.9633484580352425,0.9116193550093917,0.009962649563231668,0.08838064499060821,9962.649563231667,344583.0,13110.0,33407.0,1302805.0
NF-ToN-IoT-v2,multiclass,sage,11,val,xss,245734.0,0.9362279077211514,0.833173268656352,0.009630078215901299,0.166826731343648,9630.0782159013,204739.0,13946.0,40995.0,1434225.0
NF-ToN-IoT-v2,multiclass,sage,11,test,Backdoor,3339.0,0.8737201365187713,0.9967056004791854,0.00014221457962582487,0.0032943995208146153,142.21457962582485,3328.0,481.0,11.0,3381732.0
NF-ToN-IoT-v2,multiclass,sage,11,test,Benign,1218996.0,0.9530280472654971,0.9641360595112699,0.026736442538295803,0.03586394048873007,26736.442538295803,1175278.0,57926.0,43718.0,2108630.0
NF-ToN-IoT-v2,multiclass,sage,11,test,DDoS,405142.0,0.9794207337162075,0.9172166795839484,0.002619773789512181,0.08278332041605166,2619.7737895121813,371603.0,7808.0,33539.0,2972602.0
NF-ToN-IoT-v2,multiclass,sage,11,test,DoS,142527.0,0.8568167923374771,0.5899794424915981,0.004332991574224682,0.41002055750840194,4332.991574224682,84088.0,14052.0,58439.0,3228973.0
NF-ToN-IoT-v2,multiclass,sage,11,test,injection,137245.0,0.532720070710708,0.7114138948595577,0.02636573451955126,0.28858610514044225,26365.73451955126,97638.0,85644.0,39607.0,3162663.0
NF-ToN-IoT-v2,multiclass,sage,11,test,mitm,1588.0,0.016712953161388346,0.845088161209068,0.02333210400583458,0.15491183879093198,23332.10400583458,1342.0,78955.0,246.0,3305009.0
NF-ToN-IoT-v2,multiclass,sage,11,test,password,230557.0,0.8104189462021985,0.767788442771202,0.0131252188989206,0.23221155722879808,13125.2188989206,177019.0,41410.0,53538.0,3113585.0
NF-ToN-IoT-v2,multiclass,sage,11,test,ransomware,674.0,0.474025974025974,0.9747774480712166,0.0002153696529092038,0.025222551928783383,215.3696529092038,657.0,729.0,17.0,3384149.0
NF-ToN-IoT-v2,multiclass,sage,11,test,scanning,754468.0,0.9634770148921519,0.9179726641819136,0.009978396736858268,0.08202733581808638,9978.396736858269,692581.0,26254.0,61887.0,2604830.0
NF-ToN-IoT-v2,multiclass,sage,11,test,xss,491016.0,0.9357452336915131,0.8933293416100494,0.010405812883308413,0.10667065838995063,10405.812883308412,438639.0,30120.0,52377.0,2864416.0
NF-ToN-IoT-v2,multiclass,sage,22,val,Backdoor,1683.0,0.6713426853707415,0.9952465834818776,0.0004845699914077467,0.004753416518122401,484.5699914077467,1675.0,820.0,8.0,1691402.0
NF-ToN-IoT-v2,multiclass,sage,22,val,Benign,609407.0,0.9483235305624748,0.9545870001493255,0.029230113840689426,0.045412999850674506,29230.113840689424,581732.0,31700.0,27675.0,1052798.0
NF-ToN-IoT-v2,multiclass,sage,22,val,DDoS,202610.0,0.9412456052741754,0.920986130990573,0.007810661203853027,0.07901386900942697,7810.6612038530275,186601.0,11648.0,16009.0,1479647.0
NF-ToN-IoT-v2,multiclass,sage,22,val,DoS,71635.0,0.8535110335936907,0.6284776994485936,0.004763078895621567,0.37152230055140645,4763.078895621567,45021.0,7727.0,26614.0,1614543.0
NF-ToN-IoT-v2,multiclass,sage,22,val,injection,68589.0,0.5432270943571653,0.5792474011867792,0.020554156853190394,0.4207525988132208,20554.156853190394,39730.0,33407.0,28859.0,1591909.0
NF-ToN-IoT-v2,multiclass,sage,22,val,mitm,748.0,0.010803455456363523,0.7005347593582888,0.028337005959872593,0.2994652406417112,28337.005959872593,524.0,47979.0,224.0,1645178.0
NF-ToN-IoT-v2,multiclass,sage,22,val,password,115159.0,0.7009398300676262,0.8775519064944989,0.027310916385536368,0.1224480935055011,27310.91638553637,101058.0,43117.0,14101.0,1535629.0
NF-ToN-IoT-v2,multiclass,sage,22,val,ransomware,350.0,0.31822386679000925,0.9828571428571429,0.0004351792531095831,0.017142857142857144,435.1792531095831,344.0,737.0,6.0,1692818.0
NF-ToN-IoT-v2,multiclass,sage,22,val,scanning,377990.0,0.9636590429628638,0.9136035344850393,0.009896535870477957,0.08639646551496072,9896.535870477956,345333.0,13023.0,32657.0,1302892.0
NF-ToN-IoT-v2,multiclass,sage,22,val,xss,245734.0,0.9470229862835785,0.7774341360983829,0.0073796533696642175,0.2225658639016172,7379.653369664218,191042.0,10687.0,54692.0,1437484.0
NF-ToN-IoT-v2,multiclass,sage,22,test,Backdoor,3339.0,0.8386283408976298,0.9961066187481282,0.00018922522029215784,0.003893381251871818,189.22522029215781,3326.0,640.0,13.0,3381573.0
NF-ToN-IoT-v2,multiclass,sage,22,test,Benign,1218996.0,0.9546094746648291,0.9557849246429029,0.025570075271536947,0.04421507535709715,25570.075271536945,1165098.0,55399.0,53898.0,2111157.0
NF-ToN-IoT-v2,multiclass,sage,22,test,DDoS,405142.0,0.9512956380271419,0.9208178860745121,0.0064085142648159146,0.07918211392548785,6408.514264815914,373062.0,19100.0,32080.0,2961310.0
NF-ToN-IoT-v2,multiclass,sage,22,test,DoS,142527.0,0.8666154568343789,0.7124053688073138,0.004818957609022441,0.2875946311926863,4818.957609022441,101537.0,15628.0,40990.0,3227397.0
NF-ToN-IoT-v2,multiclass,sage,22,test,injection,137245.0,0.5746474818171224,0.6107982075849758,0.019102258499581474,0.38920179241502423,19102.258499581476,83829.0,62050.0,53416.0,3186257.0
NF-ToN-IoT-v2,multiclass,sage,22,test,mitm,1588.0,0.015496986697031133,0.7027707808564232,0.020951168511248938,0.2972292191435768,20951.168511248936,1116.0,70898.0,472.0,3313066.0
NF-ToN-IoT-v2,multiclass,sage,22,test,password,230557.0,0.7116057925376535,0.8938830744674853,0.026473259070141156,0.10611692553251474,26473.259070141157,206091.0,83523.0,24466.0,3071472.0
NF-ToN-IoT-v2,multiclass,sage,22,test,ransomware,674.0,0.4529331514324693,0.9851632047477745,0.00023693616136238885,0.01483679525222552,236.93616136238884,664.0,802.0,10.0,3384076.0
NF-ToN-IoT-v2,multiclass,sage,22,test,scanning,754468.0,0.9632358259108637,0.917938202813108,0.010046429532466466,0.08206179718689195,10046.429532466465,692555.0,26433.0,61913.0,2604651.0
NF-ToN-IoT-v2,multiclass,sage,22,test,xss,491016.0,0.9533365895785993,0.8228346937777995,0.006832183120196122,0.1771653062222005,6832.183120196121,404025.0,19776.0,86991.0,2874760.0
NF-ToN-IoT-v2,multiclass,sage,33,val,Backdoor,1683.0,0.5259026687598116,0.9952465834818776,0.0008923179110069483,0.004753416518122401,892.3179110069483,1675.0,1510.0,8.0,1690712.0
NF-ToN-IoT-v2,multiclass,sage,33,val,Benign,609407.0,0.9600217366528527,0.9537550438376979,0.022318160107257,0.046244956162302044,22318.160107256997,581225.0,24204.0,28182.0,1060294.0
NF-ToN-IoT-v2,multiclass,sage,33,val,DDoS,202610.0,0.9433307456961505,0.9176348650115986,0.007489463855239909,0.08236513498840137,7489.463855239909,185922.0,11169.0,16688.0,1480126.0
NF-ToN-IoT-v2,multiclass,sage,33,val,DoS,71635.0,0.8397790944805822,0.7280938088923012,0.006133997423363558,0.27190619110769876,6133.9974233635585,52157.0,9951.0,19478.0,1612319.0
NF-ToN-IoT-v2,multiclass,sage,33,val,injection,68589.0,0.5783494679800175,0.5975156366181166,0.01838350203898811,0.40248436338188337,18383.50203898811,40983.0,29879.0,27606.0,1595437.0
NF-ToN-IoT-v2,multiclass,sage,33,val,mitm,748.0,0.01253455726440669,0.6243315508021391,0.021728640639940656,0.37566844919786097,21728.640639940655,467.0,36790.0,281.0,1656367.0
NF-ToN-IoT-v2,multiclass,sage,33,val,password,115159.0,0.7352363622578566,0.8420878958657161,0.022119454301071862,0.15791210413428391,22119.454301071863,96974.0,34921.0,18185.0,1543825.0
NF-ToN-IoT-v2,multiclass,sage,33,val,ransomware,350.0,0.4190715181932246,0.9542857142857143,0.00027338940866992805,0.045714285714285714,273.38940866992806,334.0,463.0,16.0,1693092.0
NF-ToN-IoT-v2,multiclass,sage,33,val,scanning,377990.0,0.9666438306970679,0.9257572951665388,0.009176124597713378,0.07424270483346121,9176.124597713379,349927.0,12075.0,28063.0,1303840.0
NF-ToN-IoT-v2,multiclass,sage,33,val,xss,245734.0,0.9228140577483775,0.838487958524258,0.011900528321586333,0.16151204147574205,11900.528321586333,206045.0,17234.0,39689.0,1430937.0
NF-ToN-IoT-v2,multiclass,sage,33,test,Backdoor,3339.0,0.6784257748776509,0.9964061096136568,0.00046626276937614515,0.0035938903863432167,466.2627693761452,3327.0,1577.0,12.0,3380636.0
NF-ToN-IoT-v2,multiclass,sage,33,test,Benign,1218996.0,0.9630726961527537,0.9541032128079173,0.020583359026953376,0.045896787192082664,20583.359026953378,1163048.0,44595.0,55948.0,2121961.0
NF-ToN-IoT-v2,multiclass,sage,33,test,DDoS,405142.0,0.952378394005214,0.9188358649559908,0.00624544945158552,0.08116413504400927,6245.44945158552,372259.0,18614.0,32883.0,2961796.0
NF-ToN-IoT-v2,multiclass,sage,33,test,DoS,142527.0,0.8503157300851351,0.8248051246430501,0.0063810793934675186,0.17519487535694991,6381.0793934675185,117557.0,20694.0,24970.0,3222331.0
NF-ToN-IoT-v2,multiclass,sage,33,test,injection,137245.0,0.6095928364031297,0.6011803708696127,0.01626755106583214,0.39881962913038727,16267.55106583214,82509.0,52842.0,54736.0,3195465.0
NF-ToN-IoT-v2,multiclass,sage,33,test,mitm,1588.0,0.020809849995664615,0.6045340050377834,0.013348841772548407,0.3954659949622166,13348.841772548407,960.0,45172.0,628.0,3338792.0
NF-ToN-IoT-v2,multiclass,sage,33,test,password,230557.0,0.7587614329268293,0.8635565174772399,0.020063740196101736,0.1364434825227601,20063.74019610174,199099.0,63301.0,31458.0,3091694.0
NF-ToN-IoT-v2,multiclass,sage,33,test,ransomware,674.0,0.5797773654916512,0.9272997032640949,0.00013383052505880566,0.07270029673590504,133.83052505880568,625.0,453.0,49.0,3384425.0
NF-ToN-IoT-v2,multiclass,sage,33,test,scanning,754468.0,0.9643545478182276,0.9291288696140857,0.009848032217899542,0.07087113038591432,9848.032217899543,700998.0,25911.0,53470.0,2605173.0
NF-ToN-IoT-v2,multiclass,sage,33,test,xss,491016.0,0.9254636014838638,0.8896431073529172,0.012154625128172529,0.11035689264708279,12154.625128172529,436829.0,35182.0,54187.0,2859354.0
NF-ToN-IoT-v2,multiclass,sage,44,val,Backdoor,1683.0,0.7198109153416415,0.9952465834818776,0.00038529223707054985,0.004753416518122401,385.29223707054985,1675.0,652.0,8.0,1691570.0
NF-ToN-IoT-v2,multiclass,sage,44,val,Benign,609407.0,0.9725264750378215,0.9493753763904911,0.015070567211742207,0.050624623609508916,15070.567211742207,578556.0,16344.0,30851.0,1068154.0
NF-ToN-IoT-v2,multiclass,sage,44,val,DDoS,202610.0,0.949846197722504,0.920527121070036,0.006603656553532332,0.07947287892996396,6603.6565535323325,186508.0,9848.0,16102.0,1481447.0
NF-ToN-IoT-v2,multiclass,sage,44,val,DoS,71635.0,0.827540650406504,0.6820409017938158,0.006276390489869134,0.3179590982061841,6276.390489869134,48858.0,10182.0,22777.0,1612088.0
NF-ToN-IoT-v2,multiclass,sage,44,val,injection,68589.0,0.5064116231610368,0.7272011547041071,0.02991110651713267,0.27279884529589293,29911.10651713267,49878.0,48615.0,18711.0,1576701.0
NF-ToN-IoT-v2,multiclass,sage,44,val,mitm,748.0,0.013296134318604534,0.7072192513368984,0.023185682131072312,0.2927807486631016,23185.68213107231,529.0,39257.0,219.0,1653900.0
NF-ToN-IoT-v2,multiclass,sage,44,val,password,115159.0,0.8061700045538664,0.72251408921578,0.012671449365509081,0.2774859107842201,12671.449365509081,83204.0,20005.0,31955.0,1558741.0
NF-ToN-IoT-v2,multiclass,sage,44,val,ransomware,350.0,0.3752711496746204,0.9885714285714285,0.00034011295765416533,0.011428571428571429,340.11295765416537,346.0,576.0,4.0,1692979.0
NF-ToN-IoT-v2,multiclass,sage,44,val,scanning,377990.0,0.9521210222536094,0.9487658403661473,0.013704532587591144,0.05123415963385275,13704.532587591144,358624.0,18034.0,19366.0,1297881.0
NF-ToN-IoT-v2,multiclass,sage,44,val,xss,245734.0,0.9307289369706679,0.841645844693856,0.010629269609735315,0.15835415530614405,10629.269609735315,206821.0,15393.0,38913.0,1432778.0
NF-ToN-IoT-v2,multiclass,sage,44,test,Backdoor,3339.0,0.8079630978392813,0.9967056004791854,0.0002338705457048388,0.0032943995208146153,233.8705457048388,3328.0,791.0,11.0,3381422.0
NF-ToN-IoT-v2,multiclass,sage,44,test,Benign,1218996.0,0.9753653061465064,0.9502713708658601,0.01350392050793979,0.0497286291341399,13503.92050793979,1158377.0,29257.0,60619.0,2137299.0
NF-ToN-IoT-v2,multiclass,sage,44,test,DDoS,405142.0,0.9573124254128759,0.9206944725553016,0.005580775799302781,0.0793055274446984,5580.775799302781,373012.0,16633.0,32130.0,2963777.0
NF-ToN-IoT-v2,multiclass,sage,44,test,DoS,142527.0,0.8654068367838228,0.7566776821233872,0.005172023034049999,0.24332231787661285,5172.023034049999,107847.0,16773.0,34680.0,3226252.0
NF-ToN-IoT-v2,multiclass,sage,44,test,injection,137245.0,0.5258631025297518,0.7350358847316842,0.028001355783181824,0.26496411526831576,28001.355783181825,100880.0,90957.0,36365.0,3157350.0
NF-ToN-IoT-v2,multiclass,sage,44,test,mitm,1588.0,0.019996058124742436,0.7027707808564232,0.016162997005878314,0.2972292191435768,16162.997005878313,1116.0,54695.0,472.0,3329269.0
NF-ToN-IoT-v2,multiclass,sage,44,test,password,230557.0,0.8220853536015376,0.7346556383020251,0.011618718888619475,0.26534436169797493,11618.718888619474,169380.0,36657.0,61177.0,3118338.0
NF-ToN-IoT-v2,multiclass,sage,44,test,ransomware,674.0,0.4230769230769231,0.9792284866468842,0.0002658884603817331,0.020771513353115726,265.8884603817331,660.0,900.0,14.0,3383978.0
NF-ToN-IoT-v2,multiclass,sage,44,test,scanning,754468.0,0.9512675522776733,0.9518866273983787,0.013983209962129678,0.048113372601621275,13983.209962129677,718168.0,36791.0,36300.0,2594293.0
NF-ToN-IoT-v2,multiclass,sage,44,test,xss,491016.0,0.9333901519186926,0.8921664467145674,0.010800349347874754,0.10783355328543265,10800.349347874755,438068.0,31262.0,52948.0,2863274.0
NF-ToN-IoT-v2,multiclass,sage,55,val,Backdoor,1683.0,0.7258134490238611,0.994058229352347,0.0003734734567923121,0.0059417706476530005,373.4734567923121,1673.0,632.0,10.0,1691590.0
NF-ToN-IoT-v2,multiclass,sage,55,val,Benign,609407.0,0.9596249768923338,0.962557043158349,0.022757072857672398,0.037442956841650984,22757.0728576724,586589.0,24680.0,22818.0,1059818.0
NF-ToN-IoT-v2,multiclass,sage,55,val,DDoS,202610.0,0.9633072987915361,0.9210256157149203,0.004766327252488609,0.0789743842850797,4766.327252488609,186609.0,7108.0,16001.0,1484187.0
NF-ToN-IoT-v2,multiclass,sage,55,val,DoS,71635.0,0.8559745826440066,0.635597124310742,0.00472239516233426,0.36440287568925805,4722.39516233426,45531.0,7661.0,26104.0,1614609.0
NF-ToN-IoT-v2,multiclass,sage,55,val,injection,68589.0,0.533053701187452,0.6577585327093266,0.024315271614873662,0.34224146729067345,24315.27161487366,45115.0,39520.0,23474.0,1585796.0
NF-ToN-IoT-v2,multiclass,sage,55,val,mitm,748.0,0.012004023695093327,0.7179144385026738,0.02610389940212278,0.2820855614973262,26103.89940212278,537.0,44198.0,211.0,1648959.0
NF-ToN-IoT-v2,multiclass,sage,55,val,password,115159.0,0.7628305079122848,0.7986870327112948,0.01811311002529856,0.20131296728870518,18113.11002529856,91976.0,28596.0,23183.0,1550150.0
NF-ToN-IoT-v2,multiclass,sage,55,val,ransomware,350.0,0.37527352297593,0.98,0.00033716058823008403,0.02,337.16058823008404,343.0,571.0,7.0,1692984.0
NF-ToN-IoT-v2,multiclass,sage,55,val,scanning,377990.0,0.9669481757446972,0.93658826953094,0.0091958827127892,0.06341173046906003,9195.8827127892,354021.0,12101.0,23969.0,1303814.0
NF-ToN-IoT-v2,multiclass,sage,55,val,xss,245734.0,0.93602040250596,0.8244524567214956,0.009562406649490979,0.1755475432785044,9562.406649490978,202596.0,13848.0,43138.0,1434323.0
NF-ToN-IoT-v2,multiclass,sage,55,test,Backdoor,3339.0,0.85351462288353,0.9964061096136568,0.00016882437622940956,0.0035938903863432167,168.82437622940955,3327.0,571.0,12.0,3381642.0
NF-ToN-IoT-v2,multiclass,sage,55,test,Benign,1218996.0,0.9657367007921708,0.9639834749252664,0.019242982872355943,0.03601652507473364,19242.98287235594,1175092.0,41691.0,43904.0,2124865.0
NF-ToN-IoT-v2,multiclass,sage,55,test,DDoS,405142.0,0.9669785774071589,0.9210548400313964,0.004275586244845508,0.0789451599686036,4275.586244845508,373158.0,12743.0,31984.0,2967667.0
NF-ToN-IoT-v2,multiclass,sage,55,test,DoS,142527.0,0.8811300549048938,0.7273849867042735,0.004312640204747111,0.2726150132957264,4312.640204747111,103672.0,13986.0,38855.0,3229039.0
NF-ToN-IoT-v2,multiclass,sage,55,test,injection,137245.0,0.559547398368694,0.6892855841742869,0.0229245573155493,0.31071441582571313,22924.5573155493,94601.0,74466.0,42644.0,3173841.0
NF-ToN-IoT-v2,multiclass,sage,55,test,mitm,1588.0,0.019076942610462163,0.756926952141058,0.018264378699064176,0.24307304785894207,18264.378699064175,1202.0,61806.0,386.0,3322158.0
NF-ToN-IoT-v2,multiclass,sage,55,test,password,230557.0,0.7857635028597275,0.8062257923203373,0.01606341689923439,0.19377420767966272,16063.41689923439,185881.0,50680.0,44676.0,3104315.0
NF-ToN-IoT-v2,multiclass,sage,55,test,ransomware,674.0,0.42141951837769326,0.9866468842729971,0.0002697290714761359,0.013353115727002967,269.7290714761359,665.0,913.0,9.0,3383965.0
NF-ToN-IoT-v2,multiclass,sage,55,test,scanning,754468.0,0.9670459105264738,0.939126642879486,0.009176825977429835,0.06087335712051406,9176.825977429835,708541.0,24145.0,45927.0,2606939.0
NF-ToN-IoT-v2,multiclass,sage,55,test,xss,491016.0,0.9388890343184734,0.8765457744757809,0.009678235129913742,0.12345422552421917,9678.23512991374,430398.0,28014.0,60618.0,2866522.0
NF-ToN-IoT-v2,multiclass,sage_edge,11,val,Backdoor,1683.0,0.8682291666666667,0.9904931669637552,0.00014950757051970722,0.009506833036244802,149.50757051970723,1667.0,253.0,16.0,1691969.0
NF-ToN-IoT-v2,multiclass,sage_edge,11,val,Benign,609407.0,0.9627303700260595,0.958433362268566,0.020849277730341596,0.041566637731434,20849.277730341597,584076.0,22611.0,25331.0,1061887.0
NF-ToN-IoT-v2,multiclass,sage_edge,11,val,DDoS,202610.0,0.9596339246153611,0.929998519322837,0.005314843810245458,0.07000148067716302,5314.8438102454575,188427.0,7926.0,14183.0,1483369.0
NF-ToN-IoT-v2,multiclass,sage_edge,11,val,DoS,71635.0,0.8672943366506766,0.6764012005304669,0.0045701393726075195,0.32359879946953307,4570.139372607519,48454.0,7414.0,23181.0,1614856.0
NF-ToN-IoT-v2,multiclass,sage_edge,11,val,injection,68589.0,0.5707781093653999,0.7584743909373223,0.02406978089183888,0.2415256090626777,24069.78089183888,52023.0,39121.0,16566.0,1586195.0
NF-ToN-IoT-v2,multiclass,sage_edge,11,val,mitm,748.0,0.012485208529546717,0.6911764705882353,0.024151333869215908,0.3088235294117647,24151.33386921591,517.0,40892.0,231.0,1652265.0
NF-ToN-IoT-v2,multiclass,sage_edge,11,val,password,115159.0,0.8277555557580341,0.7888831962764525,0.01197406042517289,0.21111680372354744,11974.060425172891,90847.0,18904.0,24312.0,1559842.0
NF-ToN-IoT-v2,multiclass,sage_edge,11,val,ransomware,350.0,0.3887005649717514,0.9828571428571429,0.0003194463716855963,0.017142857142857144,319.44637168559626,344.0,541.0,6.0,1693014.0
NF-ToN-IoT-v2,multiclass,sage_edge,11,val,scanning,377990.0,0.9719177593483976,0.9369586496997275,0.007776338137341698,0.0630413503002725,7776.338137341698,354161.0,10233.0,23829.0,1305682.0
NF-ToN-IoT-v2,multiclass,sage_edge,11,val,xss,245734.0,0.9346944929798575,0.8577079280848398,0.01016868864243242,0.1422920719151603,10168.68864243242,210768.0,14726.0,34966.0,1433445.0
NF-ToN-IoT-v2,multiclass,sage_edge,11,test,Backdoor,3339.0,0.9183051786208807,0.9931117100928422,8.72209999784165e-05,0.006888289907157832,87.2209999784165,3316.0,295.0,23.0,3381918.0
NF-ToN-IoT-v2,multiclass,sage_edge,11,test,Benign,1218996.0,0.9667105532347371,0.9613337533511185,0.01862587442927854,0.03866624664888154,18625.87442927854,1171862.0,40354.0,47134.0,2126202.0
NF-ToN-IoT-v2,multiclass,sage_edge,11,test,DDoS,405142.0,0.9662215379752804,0.9356447862724674,0.004446368117138246,0.06435521372753257,4446.368117138246,379069.0,13252.0,26073.0,2967158.0
NF-ToN-IoT-v2,multiclass,sage_edge,11,test,DoS,142527.0,0.892889348500517,0.7572459954955904,0.003992260312516863,0.2427540045044097,3992.260312516863,107928.0,12947.0,34599.0,3230078.0
NF-ToN-IoT-v2,multiclass,sage_edge,11,test,injection,137245.0,0.597579629296383,0.774265000546468,0.022029937441257863,0.225734999453532,22029.93744125786,106264.0,71560.0,30981.0,3176747.0
NF-ToN-IoT-v2,multiclass,sage_edge,11,test,mitm,1588.0,0.02083599875715095,0.7178841309823678,0.015831433194915784,0.28211586901763225,15831.433194915786,1140.0,53573.0,448.0,3330391.0
NF-ToN-IoT-v2,multiclass,sage_edge,11,test,password,230557.0,0.840606347357694,0.8014157019739153,0.01110493043570592,0.19858429802608465,11104.93043570592,184772.0,35036.0,45785.0,3119959.0
NF-ToN-IoT-v2,multiclass,sage_edge,11,test,ransomware,674.0,0.44399731723675384,0.9821958456973294,0.0002449128151738408,0.017804154302670624,244.91281517384084,662.0,829.0,12.0,3384049.0
NF-ToN-IoT-v2,multiclass,sage_edge,11,test,scanning,754468.0,0.9695166748144891,0.9410326216618863,0.008484335733864826,0.058967378338113746,8484.335733864826,709979.0,22323.0,44489.0,2608761.0
NF-ToN-IoT-v2,multiclass,sage_edge,11,test,xss,491016.0,0.9401242795886826,0.9006346025384101,0.009730402385736435,0.09936539746158984,9730.402385736435,442226.0,28165.0,48790.0,2866371.0
NF-ToN-IoT-v2,multiclass,sage_edge,22,val,Backdoor,1683.0,0.6894409937888198,0.9893048128342246,0.0004432042604339147,0.0106951871657754,443.2042604339147,1665.0,750.0,18.0,1691472.0
NF-ToN-IoT-v2,multiclass,sage_edge,22,val,Benign,609407.0,0.9723708748885105,0.9445707056203818,0.015081632239063603,0.055429294379618216,15081.632239063603,575628.0,16356.0,33779.0,1068142.0
NF-ToN-IoT-v2,multiclass,sage_edge,22,val,DDoS,202610.0,0.9464108187499688,0.9350180149054834,0.007193077157772272,0.06498198509451655,7193.077157772272,189444.0,10727.0,13166.0,1480568.0
NF-ToN-IoT-v2,multiclass,sage_edge,22,val,DoS,71635.0,0.8521797514208981,0.761876177846025,0.005835650045923305,0.238123822153975,5835.650045923305,54577.0,9467.0,17058.0,1612803.0
NF-ToN-IoT-v2,multiclass,sage_edge,22,val,injection,68589.0,0.629217016306545,0.6126492586274767,0.015235191187436782,0.3873507413725233,15235.191187436782,42021.0,24762.0,26568.0,1600554.0
NF-ToN-IoT-v2,multiclass,sage_edge,22,val,mitm,748.0,0.011315381290207746,0.5949197860962567,0.022964202374617357,0.4050802139037433,22964.202374617358,445.0,38882.0,303.0,1654275.0
NF-ToN-IoT-v2,multiclass,sage_edge,22,val,password,115159.0,0.7707373271889401,0.84816644812824,0.01840321368985258,0.15183355187175993,18403.21368985258,97674.0,29054.0,17485.0,1549692.0
NF-ToN-IoT-v2,multiclass,sage_edge,22,val,ransomware,350.0,0.3940774487471526,0.9885714285714285,0.00031413210672224997,0.011428571428571429,314.13210672224994,346.0,532.0,4.0,1693023.0
NF-ToN-IoT-v2,multiclass,sage_edge,22,val,scanning,377990.0,0.9507534373103211,0.9531178073494008,0.014181007131919615,0.04688219265059922,14181.007131919614,360269.0,18661.0,17721.0,1297254.0
NF-ToN-IoT-v2,multiclass,sage_edge,22,val,xss,245734.0,0.9292371263670867,0.84192663611873,0.010879240089740783,0.15807336388127,10879.240089740784,206890.0,15755.0,38844.0,1432416.0
NF-ToN-IoT-v2,multiclass,sage_edge,22,test,Backdoor,3339.0,0.8455637944259781,0.9904162923030848,0.00017858130165072396,0.009583707696915245,178.58130165072396,3307.0,604.0,32.0,3381609.0
NF-ToN-IoT-v2,multiclass,sage_edge,22,test,Benign,1218996.0,0.9764376207367262,0.9441606043005883,0.012818962445466445,0.05583939569941165,12818.962445466444,1150928.0,27773.0,68068.0,2138783.0
NF-ToN-IoT-v2,multiclass,sage_edge,22,test,DDoS,405142.0,0.9545187756469519,0.9352819505259884,0.006057891363939861,0.06471804947401158,6057.891363939861,378922.0,18055.0,26220.0,2962355.0
NF-ToN-IoT-v2,multiclass,sage_edge,22,test,DoS,142527.0,0.8691448028986772,0.8381359321391736,0.005545748182638123,0.16186406786082638,5545.748182638124,119457.0,17985.0,23070.0,3225040.0
NF-ToN-IoT-v2,multiclass,sage_edge,22,test,injection,137245.0,0.6329699120441927,0.6654012896644687,0.016302030565460715,0.33459871033553135,16302.030565460715,91323.0,52954.0,45922.0,3195353.0
NF-ToN-IoT-v2,multiclass,sage_edge,22,test,mitm,1588.0,0.01827383143172617,0.6253148614609572,0.01576464761445453,0.37468513853904284,15764.647614454527,993.0,53347.0,595.0,3330617.0
NF-ToN-IoT-v2,multiclass,sage_edge,22,test,password,230557.0,0.8115003088092567,0.8377364382777361,0.014220307797635178,0.16226356172226392,14220.307797635178,193146.0,44865.0,37411.0,3110130.0
NF-ToN-IoT-v2,multiclass,sage_edge,22,test,ransomware,674.0,0.455044612216884,0.983679525222552,0.00023457270838121786,0.016320474777448073,234.57270838121786,663.0,794.0,11.0,3384084.0
NF-ToN-IoT-v2,multiclass,sage_edge,22,test,scanning,754468.0,0.9464500798831962,0.9571393352667045,0.015528960686925997,0.042860664733295514,15528.960686925997,722131.0,40858.0,32337.0,2590226.0
NF-ToN-IoT-v2,multiclass,sage_edge,22,test,xss,491016.0,0.9306809114188347,0.8860077879335908,0.011194540333925715,0.11399221206640923,11194.540333925714,435044.0,32403.0,55972.0,2862133.0
NF-ToN-IoT-v2,multiclass,sage_edge,33,val,Backdoor,1683.0,0.6539211861100274,0.995840760546643,0.0005241629053398431,0.0041592394533571005,524.1629053398431,1676.0,887.0,7.0,1691335.0
NF-ToN-IoT-v2,multiclass,sage_edge,33,val,Benign,609407.0,0.9739567904643796,0.9549381611960479,0.014348574179021077,0.04506183880395204,14348.574179021078,581946.0,15561.0,27461.0,1068937.0
NF-ToN-IoT-v2,multiclass,sage_edge,33,val,DDoS,202610.0,0.9763527116176789,0.9335225309708307,0.0030718268350661674,0.06647746902916934,3071.8268350661674,189141.0,4581.0,13469.0,1486714.0
NF-ToN-IoT-v2,multiclass,sage_edge,33,val,DoS,71635.0,0.865695595290013,0.6927619180568158,0.0047458191299845276,0.3072380819431842,4745.8191299845275,49626.0,7699.0,22009.0,1614571.0
NF-ToN-IoT-v2,multiclass,sage_edge,33,val,injection,68589.0,0.5521740474693655,0.7811456647567394,0.0267351087419308,0.2188543352432606,26735.1087419308,53578.0,43453.0,15011.0,1581863.0
NF-ToN-IoT-v2,multiclass,sage_edge,33,val,mitm,748.0,0.012692418640023077,0.6470588235294118,0.02223597693539347,0.35294117647058826,22235.976935393468,484.0,37649.0,264.0,1655508.0
NF-ToN-IoT-v2,multiclass,sage_edge,33,val,password,115159.0,0.8540959327805595,0.7361560972221016,0.009173103209762685,0.2638439027778984,9173.103209762685,84775.0,14482.0,30384.0,1564264.0
NF-ToN-IoT-v2,multiclass,sage_edge,33,val,ransomware,350.0,0.4148418491484185,0.9742857142857143,0.00028401793859662074,0.025714285714285714,284.0179385966207,341.0,481.0,9.0,1693074.0
NF-ToN-IoT-v2,multiclass,sage_edge,33,val,scanning,377990.0,0.9531274547796852,0.963006957856028,0.013603462229703286,0.03699304214397206,13603.462229703286,364007.0,17901.0,13983.0,1298014.0
NF-ToN-IoT-v2,multiclass,sage_edge,33,val,xss,245734.0,0.9389328877799297,0.8621436187096617,0.00951476034252861,0.13785638129033834,9514.76034252861,211858.0,13779.0,33876.0,1434392.0
NF-ToN-IoT-v2,multiclass,sage_edge,33,test,Backdoor,3339.0,0.8448844884488449,0.9967056004791854,0.00018065095249766941,0.0032943995208146153,180.65095249766944,3328.0,611.0,11.0,3381602.0
NF-ToN-IoT-v2,multiclass,sage_edge,33,test,Benign,1218996.0,0.9801673521772963,0.9547906637921699,0.010869785964452339,0.04520933620783005,10869.785964452338,1163886.0,23550.0,55110.0,2143006.0
NF-ToN-IoT-v2,multiclass,sage_edge,33,test,DDoS,405142.0,0.9805851805201375,0.9377304747471257,0.0025238138376934716,0.062269525252874304,2523.8138376934717,379914.0,7522.0,25228.0,2972888.0
NF-ToN-IoT-v2,multiclass,sage_edge,33,test,DoS,142527.0,0.883283167760952,0.794754678060999,0.00461544391424673,0.20524532193900102,4615.44391424673,113274.0,14968.0,29253.0,3228057.0
NF-ToN-IoT-v2,multiclass,sage_edge,33,test,injection,137245.0,0.5591645118369192,0.8114393966993333,0.027029157034726088,0.18856060330066668,27029.15703472609,111366.0,87799.0,25879.0,3160508.0
NF-ToN-IoT-v2,multiclass,sage_edge,33,test,mitm,1588.0,0.021200235340262795,0.6807304785894207,0.01474867935947309,0.31926952141057935,14748.679359473092,1081.0,49909.0,507.0,3334055.0
NF-ToN-IoT-v2,multiclass,sage_edge,33,test,password,230557.0,0.8764878659970627,0.7403331930932481,0.0076237838728746,0.2596668069067519,7623.7838728746,170689.0,24053.0,59868.0,3130942.0
NF-ToN-IoT-v2,multiclass,sage_edge,33,test,ransomware,674.0,0.48398835516739447,0.9866468842729971,0.0002094610204562764,0.013353115727002967,209.4610204562764,665.0,709.0,9.0,3384169.0
NF-ToN-IoT-v2,multiclass,sage_edge,33,test,scanning,754468.0,0.9505420716084215,0.96721663476781,0.014430934170098712,0.0327833652321901,14430.934170098712,729734.0,37969.0,24734.0,2593115.0
NF-ToN-IoT-v2,multiclass,sage_edge,33,test,xss,491016.0,0.9463215112211398,0.895266142040178,0.0086145067810523,0.10473385795982208,8614.5067810523,439590.0,24935.0,51426.0,2869601.0
NF-ToN-IoT-v2,multiclass,sage_edge,44,val,Backdoor,1683.0,0.6613986566574477,0.9946524064171123,0.0005064347349224865,0.0053475935828877,506.43473492248654,1674.0,857.0,9.0,1691365.0
NF-ToN-IoT-v2,multiclass,sage_edge,44,val,Benign,609407.0,0.9588057278189409,0.9612853150685831,0.02320797272101931,0.038714684931416936,23207.97272101931,585814.0,25169.0,23593.0,1059329.0
NF-ToN-IoT-v2,multiclass,sage_edge,44,val,DDoS,202610.0,0.9723557065868887,0.92079364295938,0.003556640369611646,0.07920635704061992,3556.6403696116463,186562.0,5304.0,16048.0,1485991.0
NF-ToN-IoT-v2,multiclass,sage_edge,44,val,DoS,71635.0,0.7503283725974573,0.8692119773853563,0.012771610151207875,0.13078802261464367,12771.610151207875,62266.0,20719.0,9369.0,1601551.0
NF-ToN-IoT-v2,multiclass,sage_edge,44,val,injection,68589.0,0.5761315280464216,0.6514018282815028,0.02022437482926397,0.3485981717184971,20224.374829263972,44679.0,32871.0,23910.0,1592445.0
NF-ToN-IoT-v2,multiclass,sage_edge,44,val,mitm,748.0,0.025031525851197983,0.5307486631016043,0.00913264393083453,0.4692513368983957,9132.64393083453,397.0,15463.0,351.0,1677694.0
NF-ToN-IoT-v2,multiclass,sage_edge,44,val,password,115159.0,0.755287147111013,0.8612092845543987,0.020353495749157877,0.1387907154456013,20353.495749157875,99176.0,32133.0,15983.0,1546613.0
NF-ToN-IoT-v2,multiclass,sage_edge,44,val,ransomware,350.0,0.35,0.98,0.00037613186462795716,0.02,376.13186462795716,343.0,637.0,7.0,1692918.0
NF-ToN-IoT-v2,multiclass,sage_edge,44,val,scanning,377990.0,0.9712873909516794,0.9313659091510358,0.007908565522849121,0.06863409084896425,7908.5655228491205,352047.0,10407.0,25943.0,1305508.0
NF-ToN-IoT-v2,multiclass,sage_edge,44,val,xss,245734.0,0.9424022595647393,0.8336900876557578,0.008646078398200212,0.16630991234424214,8646.078398200212,204866.0,12521.0,40868.0,1435650.0
NF-ToN-IoT-v2,multiclass,sage_edge,44,test,Backdoor,3339.0,0.7815875998121183,0.9967056004791854,0.00027496789823704186,0.0032943995208146153,274.9678982370418,3328.0,930.0,11.0,3381283.0
NF-ToN-IoT-v2,multiclass,sage_edge,44,test,Benign,1218996.0,0.9631344510190664,0.9613993811300448,0.020704749842607346,0.03860061886995528,20704.749842607347,1171942.0,44858.0,47054.0,2121698.0
NF-ToN-IoT-v2,multiclass,sage_edge,44,test,DDoS,405142.0,0.9723430564775405,0.9219261394770228,0.0035646102381887055,0.07807386052297713,3564.610238188706,373511.0,10624.0,31631.0,2969786.0
NF-ToN-IoT-v2,multiclass,sage_edge,44,test,DoS,142527.0,0.8209605003633343,0.8877826657405263,0.008509030920205673,0.11221733425947364,8509.030920205672,126533.0,27595.0,15994.0,3215430.0
NF-ToN-IoT-v2,multiclass,sage_edge,44,test,injection,137245.0,0.5980016673666263,0.6951145761229918,0.019743207769462676,0.3048854238770083,19743.20776946268,95401.0,64132.0,41844.0,3184175.0
NF-ToN-IoT-v2,multiclass,sage_edge,44,test,mitm,1588.0,0.034335589049523225,0.5623425692695214,0.007421769262320758,0.4376574307304786,7421.769262320758,893.0,25115.0,695.0,3358849.0
NF-ToN-IoT-v2,multiclass,sage_edge,44,test,password,230557.0,0.7840032400890238,0.8647883169888574,0.01741080413756599,0.13521168301114259,17410.804137565985,199383.0,54931.0,31174.0,3100064.0
NF-ToN-IoT-v2,multiclass,sage_edge,44,test,ransomware,674.0,0.412826899128269,0.983679525222552,0.000278592020155527,0.016320474777448073,278.592020155527,663.0,943.0,11.0,3383935.0
NF-ToN-IoT-v2,multiclass,sage_edge,44,test,scanning,754468.0,0.9689441420167086,0.9354207202956255,0.008597216964566695,0.06457927970437448,8597.216964566696,705745.0,22620.0,48723.0,2608464.0
NF-ToN-IoT-v2,multiclass,sage_edge,44,test,xss,491016.0,0.9470382664519451,0.8802829235707187,0.008350906673815769,0.11971707642928132,8350.906673815769,432233.0,24172.0,58783.0,2870364.0
NF-ToN-IoT-v2,multiclass,sage_edge,55,val,Backdoor,1683.0,0.742135578201152,0.9952465834818776,0.0003439265060967178,0.004753416518122401,343.9265060967178,1675.0,582.0,8.0,1691640.0
NF-ToN-IoT-v2,multiclass,sage_edge,55,val,Benign,609407.0,0.9756164603976991,0.9551646108429999,0.013414501455973178,0.044835389157000166,13414.501455973179,582084.0,14548.0,27323.0,1069950.0
NF-ToN-IoT-v2,multiclass,sage_edge,55,val,DDoS,202610.0,0.9688589164552786,0.9274764325551552,0.004050171159964997,0.07252356744484477,4050.171159964997,187916.0,6040.0,14694.0,1485255.0
NF-ToN-IoT-v2,multiclass,sage_edge,55,val,DoS,71635.0,0.8772324338417417,0.7515041529978362,0.004644109796766259,0.24849584700216373,4644.10979676626,53834.0,7534.0,17801.0,1614736.0
NF-ToN-IoT-v2,multiclass,sage_edge,55,val,injection,68589.0,0.5421456921041566,0.770721252679001,0.027467889321215074,0.22927874732099898,27467.889321215076,52863.0,44644.0,15726.0,1580672.0
NF-ToN-IoT-v2,multiclass,sage_edge,55,val,mitm,748.0,0.013133054255930395,0.6417112299465241,0.021302808894863263,0.3582887700534759,21302.808894863265,480.0,36069.0,268.0,1657088.0
NF-ToN-IoT-v2,multiclass,sage_edge,55,val,password,115159.0,0.8375582282086385,0.7915924938563204,0.011198761548722846,0.20840750614367962,11198.761548722847,91159.0,17680.0,24000.0,1561066.0
NF-ToN-IoT-v2,multiclass,sage_edge,55,val,ransomware,350.0,0.2661042944785276,0.9914285714285714,0.0005650835077691601,0.008571428571428572,565.0835077691602,347.0,957.0,3.0,1692598.0
NF-ToN-IoT-v2,multiclass,sage_edge,55,val,scanning,377990.0,0.956193778727278,0.9614883991639991,0.012652792923555093,0.03851160083600095,12652.792923555093,363433.0,16650.0,14557.0,1299265.0
NF-ToN-IoT-v2,multiclass,sage_edge,55,val,xss,245734.0,0.9481314702195812,0.8311304093043698,0.007715249096964378,0.16886959069563023,7715.249096964378,204237.0,11173.0,41497.0,1436998.0
NF-ToN-IoT-v2,multiclass,sage_edge,55,test,Backdoor,3339.0,0.8684759916492694,0.9967056004791854,0.00014901486098007428,0.0032943995208146153,149.01486098007427,3328.0,504.0,11.0,3381709.0
NF-ToN-IoT-v2,multiclass,sage_edge,55,test,Benign,1218996.0,0.980378371468746,0.956331275902464,0.01076916544045019,0.043668724097536006,10769.16544045019,1165764.0,23332.0,53232.0,2143224.0
NF-ToN-IoT-v2,multiclass,sage_edge,55,test,DDoS,405142.0,0.9774275428009014,0.931463536241614,0.0029240943360141726,0.06853646375838594,2924.0943360141728,377375.0,8715.0,27767.0,2971695.0
NF-ToN-IoT-v2,multiclass,sage_edge,55,test,DoS,142527.0,0.8978153897716367,0.8269801511292597,0.004136570023357822,0.1730198488707403,4136.570023357822,117867.0,13415.0,24660.0,3229610.0
NF-ToN-IoT-v2,multiclass,sage_edge,55,test,injection,137245.0,0.5673246974271697,0.8063827461838319,0.02598430505491014,0.19361725381616818,25984.305054910143,110672.0,84405.0,26573.0,3163902.0
NF-ToN-IoT-v2,multiclass,sage_edge,55,test,mitm,1588.0,0.021344279117496152,0.654911838790932,0.014091461965907439,0.345088161209068,14091.461965907438,1040.0,47685.0,548.0,3336279.0
NF-ToN-IoT-v2,multiclass,sage_edge,55,test,password,230557.0,0.8620626220507354,0.7926846723369926,0.009268794403794618,0.20731532766300742,9268.794403794618,182759.0,29243.0,47798.0,3125752.0
NF-ToN-IoT-v2,multiclass,sage_edge,55,test,ransomware,674.0,0.31188351338656645,0.9851632047477745,0.00043280732717693225,0.01483679525222552,432.80732717693223,664.0,1465.0,10.0,3383413.0
NF-ToN-IoT-v2,multiclass,sage_edge,55,test,scanning,754468.0,0.9550001179242192,0.9660555517265146,0.013053175041161741,0.033944448273485424,13053.175041161741,728858.0,34344.0,25610.0,2596740.0
NF-ToN-IoT-v2,multiclass,sage_edge,55,test,xss,491016.0,0.9520299834624116,0.8804865829219415,0.007525903979083349,0.11951341707805856,7525.9039790833485,432333.0,21784.0,58683.0,2872752.0
NF-UNSW-NB15-v2,binary,edge_mlp,11,val,Benign,229538.0,0.9999649490227349,0.9943059536982983,0.0008310824849366299,0.005694046301701679,831.08248493663,228231.0,8.0,1307.0,9618.0
NF-UNSW-NB15-v2,binary,edge_mlp,11,val,Attack,9626.0,0.8803661327231121,0.9991689175150633,0.005694046301701679,0.0008310824849366299,5694.046301701679,9618.0,1307.0,8.0,228231.0
NF-UNSW-NB15-v2,binary,edge_mlp,11,test,Benign,459170.0,0.9999605666139427,0.9940719123636126,0.0009555661729574773,0.0059280876363873945,955.5661729574773,456448.0,18.0,2722.0,18819.0
NF-UNSW-NB15-v2,binary,edge_mlp,11,test,Attack,18837.0,0.8736363214335453,0.9990444338270426,0.0059280876363873945,0.0009555661729574773,5928.087636387395,18819.0,2722.0,18.0,456448.0
NF-UNSW-NB15-v2,binary_detector,edge_mlp,11,test,false_alarm,459170.0,,0.9940719123636126,0.0059280876363873945,,5928.087636387395,456448.0,2722.0,,
NF-UNSW-NB15-v2,binary,edge_mlp,22,val,Benign,229538.0,0.9999649520938934,0.9943930852407881,0.0008310824849366299,0.0056069147592119825,831.08248493663,228251.0,8.0,1287.0,9618.0
NF-UNSW-NB15-v2,binary,edge_mlp,22,val,Attack,9626.0,0.881980742778542,0.9991689175150633,0.0056069147592119825,0.0008310824849366299,5606.9147592119825,9618.0,1287.0,8.0,228251.0
NF-UNSW-NB15-v2,binary,edge_mlp,22,test,Benign,459170.0,0.9999627582550709,0.9940980464751618,0.0009024791633487286,0.005901953524838295,902.4791633487285,456460.0,17.0,2710.0,18820.0
NF-UNSW-NB15-v2,binary,edge_mlp,22,test,Attack,18837.0,0.8741291221551324,0.9990975208366513,0.005901953524838295,0.0009024791633487286,5901.953524838295,18820.0,2710.0,17.0,456460.0
NF-UNSW-NB15-v2,binary_detector,edge_mlp,22,test,false_alarm,459170.0,,0.9940980464751618,0.005901953524838295,,5901.953524838295,456460.0,2710.0,,
NF-UNSW-NB15-v2,binary,edge_mlp,33,val,Benign,229538.0,0.9999693274383591,0.9942144655786841,0.0007271971743195513,0.005785534421315861,727.1971743195512,228210.0,7.0,1328.0,9619.0
NF-UNSW-NB15-v2,binary,edge_mlp,33,val,Attack,9626.0,0.8786882250844981,0.9992728028256804,0.005785534421315861,0.0007271971743195513,5785.5344213158605,9619.0,1328.0,7.0,228210.0
NF-UNSW-NB15-v2,binary,edge_mlp,33,test,Benign,459170.0,0.9999627533593184,0.9939673759174162,0.0009024791633487286,0.0060326240825837926,902.4791633487285,456400.0,17.0,2770.0,18820.0
NF-UNSW-NB15-v2,binary,edge_mlp,33,test,Attack,18837.0,0.8716998610467809,0.9990975208366513,0.0060326240825837926,0.0009024791633487286,6032.624082583792,18820.0,2770.0,17.0,456400.0
NF-UNSW-NB15-v2,binary_detector,edge_mlp,33,test,false_alarm,459170.0,,0.9939673759174162,0.0060326240825837926,,6032.624082583792,456400.0,2770.0,,
NF-UNSW-NB15-v2,binary,edge_mlp,44,val,Benign,229538.0,0.999964949790575,0.9943277365839207,0.0008310824849366299,0.005672263416079255,831.08248493663,228236.0,8.0,1302.0,9618.0
NF-UNSW-NB15-v2,binary,edge_mlp,44,val,Attack,9626.0,0.8807692307692307,0.9991689175150633,0.005672263416079255,0.0008310824849366299,5672.263416079255,9618.0,1302.0,8.0,228236.0
NF-UNSW-NB15-v2,binary,edge_mlp,44,test,Benign,459170.0,0.9999583763262069,0.994080623734129,0.001008653182566226,0.005919376265871028,1008.6531825662261,456452.0,19.0,2718.0,18818.0
NF-UNSW-NB15-v2,binary,edge_mlp,44,test,Attack,18837.0,0.8737927191679049,0.9989913468174337,0.005919376265871028,0.001008653182566226,5919.376265871028,18818.0,2718.0,19.0,456452.0
NF-UNSW-NB15-v2,binary_detector,edge_mlp,44,test,false_alarm,459170.0,,0.994080623734129,0.005919376265871028,,5919.376265871028,456452.0,2718.0,,
NF-UNSW-NB15-v2,binary,edge_mlp,55,val,Benign,229538.0,0.999964949329875,0.9943146668525473,0.0008310824849366299,0.00568533314745271,831.08248493663,228233.0,8.0,1305.0,9618.0
NF-UNSW-NB15-v2,binary,edge_mlp,55,val,Attack,9626.0,0.8805273276572371,0.9991689175150633,0.00568533314745271,0.0008310824849366299,5685.333147452709,9618.0,1305.0,8.0,228233.0
NF-UNSW-NB15-v2,binary,edge_mlp,55,test,Benign,459170.0,0.9999561845506726,0.9940544896225799,0.0010617401921749748,0.0059455103774201275,1061.7401921749747,456440.0,20.0,2730.0,18817.0
NF-UNSW-NB15-v2,binary,edge_mlp,55,test,Attack,18837.0,0.8733002274098483,0.998938259807825,0.0059455103774201275,0.0010617401921749748,5945.510377420128,18817.0,2730.0,20.0,456440.0
NF-UNSW-NB15-v2,binary_detector,edge_mlp,55,test,false_alarm,459170.0,,0.9940544896225799,0.0059455103774201275,,5945.510377420128,456440.0,2730.0,,
NF-UNSW-NB15-v2,binary,sage,11,val,Benign,229538.0,0.9999956235749266,0.9954604466362869,0.00010388531061707874,0.004539553363713198,103.88531061707874,228496.0,1.0,1042.0,9625.0
NF-UNSW-NB15-v2,binary,sage,11,val,Attack,9626.0,0.90231555263898,0.9998961146893829,0.004539553363713198,0.00010388531061707874,4539.5533637131975,9625.0,1042.0,1.0,228496.0
NF-UNSW-NB15-v2,binary,sage,11,test,Benign,459170.0,0.9999956225979006,0.9950345188056711,0.00010617401921749748,0.0049654811943288975,106.17401921749747,456890.0,2.0,2280.0,18835.0
NF-UNSW-NB15-v2,binary,sage,11,test,Attack,18837.0,0.8920198910726971,0.9998938259807825,0.0049654811943288975,0.00010617401921749748,4965.481194328898,18835.0,2280.0,2.0,456890.0
NF-UNSW-NB15-v2,binary_detector,sage,11,test,false_alarm,459170.0,,0.9950345188056711,0.0049654811943288975,,4965.481194328898,456890.0,2280.0,,
NF-UNSW-NB15-v2,binary,sage,22,val,Benign,229538.0,0.9999868692881403,0.9953428190539257,0.00031165593185123624,0.004657180946074289,311.65593185123623,228469.0,3.0,1069.0,9623.0
NF-UNSW-NB15-v2,binary,sage,22,val,Attack,9626.0,0.9000187055742611,0.9996883440681488,0.004657180946074289,0.00031165593185123624,4657.180946074288,9623.0,1069.0,3.0,228469.0
NF-UNSW-NB15-v2,binary,sage,22,test,Benign,459170.0,0.9999934335806685,0.994984428425202,0.00015926102882624622,0.005015571574798005,159.26102882624622,456867.0,3.0,2303.0,18834.0
NF-UNSW-NB15-v2,binary,sage,22,test,Attack,18837.0,0.8910441406065194,0.9998407389711738,0.005015571574798005,0.00015926102882624622,5015.571574798005,18834.0,2303.0,3.0,456867.0
NF-UNSW-NB15-v2,binary_detector,sage,22,test,false_alarm,459170.0,,0.994984428425202,0.005015571574798005,,5015.571574798005,456867.0,2303.0,,
NF-UNSW-NB15-v2,binary,sage,33,val,Benign,229538.0,0.9999824923841871,0.9953384624768012,0.00041554124246831497,0.004661537523198773,415.541242468315,228468.0,4.0,1070.0,9622.0
NF-UNSW-NB15-v2,binary,sage,33,val,Attack,9626.0,0.8999251777029554,0.9995844587575317,0.004661537523198773,0.00041554124246831497,4661.537523198773,9622.0,1070.0,4.0,228468.0
NF-UNSW-NB15-v2,binary,sage,33,test,Benign,459170.0,0.9999890559677808,0.9949800727399438,0.0002654350480437437,0.005019927260056188,265.4350480437437,456865.0,5.0,2305.0,18832.0
NF-UNSW-NB15-v2,binary,sage,33,test,Attack,18837.0,0.8909495197994038,0.9997345649519562,0.005019927260056188,0.0002654350480437437,5019.927260056188,18832.0,2305.0,5.0,456865.0
NF-UNSW-NB15-v2,binary_detector,sage,33,test,false_alarm,459170.0,,0.9949800727399438,0.005019927260056188,,5019.927260056188,456865.0,2305.0,,
NF-UNSW-NB15-v2,binary,sage,44,val,Benign,229538.0,0.9999956232492997,0.9953863848251706,0.00010388531061707874,0.00461361517482944,103.88531061707874,228479.0,1.0,1059.0,9625.0
NF-UNSW-NB15-v2,binary,sage,44,val,Attack,9626.0,0.9008798202920255,0.9998961146893829,0.00461361517482944,0.00010388531061707874,4613.61517482944,9625.0,1059.0,1.0,228479.0
NF-UNSW-NB15-v2,binary,sage,44,test,Benign,459170.0,0.9999824883218996,0.9949038482479257,0.00042469607686998993,0.005096151752074395,424.6960768699899,456830.0,8.0,2340.0,18829.0
NF-UNSW-NB15-v2,binary,sage,44,test,Attack,18837.0,0.8894610042987388,0.99957530392313,0.005096151752074395,0.00042469607686998993,5096.1517520743955,18829.0,2340.0,8.0,456830.0
NF-UNSW-NB15-v2,binary_detector,sage,44,test,false_alarm,459170.0,,0.9949038482479257,0.005096151752074395,,5096.1517520743955,456830.0,2340.0,,
NF-UNSW-NB15-v2,binary,sage,55,val,Benign,229538.0,0.9999649977904855,0.9956913452238845,0.0008310824849366299,0.004308654776115501,831.08248493663,228549.0,8.0,989.0,9618.0
NF-UNSW-NB15-v2,binary,sage,55,val,Attack,9626.0,0.9067596869991515,0.9991689175150633,0.004308654776115501,0.0008310824849366299,4308.654776115502,9618.0,989.0,8.0,228549.0
NF-UNSW-NB15-v2,binary,sage,55,test,Benign,459170.0,0.9999737447817754,0.9953611952000349,0.0006370441153049849,0.004638804799965155,637.0441153049849,457040.0,12.0,2130.0,18825.0
NF-UNSW-NB15-v2,binary,sage,55,test,Attack,18837.0,0.898353614889048,0.999362955884695,0.004638804799965155,0.0006370441153049849,4638.804799965154,18825.0,2130.0,12.0,457040.0
NF-UNSW-NB15-v2,binary_detector,sage,55,test,false_alarm,459170.0,,0.9953611952000349,0.004638804799965155,,4638.804799965154,457040.0,2130.0,,
NF-UNSW-NB15-v2,binary,sage_edge,11,val,Benign,229538.0,0.9999912474179883,0.9954865860990337,0.00020777062123415748,0.0045134139009662885,207.7706212341575,228502.0,2.0,1036.0,9624.0
NF-UNSW-NB15-v2,binary,sage_edge,11,val,Attack,9626.0,0.9028142589118199,0.9997922293787659,0.0045134139009662885,0.00020777062123415748,4513.413900966289,9624.0,1036.0,2.0,228502.0
NF-UNSW-NB15-v2,binary,sage_edge,11,test,Benign,459170.0,0.9999956228757269,0.9950976762419148,0.00010617401921749748,0.0049023237580852405,106.17401921749747,456919.0,2.0,2251.0,18835.0
NF-UNSW-NB15-v2,binary,sage_edge,11,test,Attack,18837.0,0.8932467039742009,0.9998938259807825,0.0049023237580852405,0.00010617401921749748,4902.323758085241,18835.0,2251.0,2.0,456919.0
NF-UNSW-NB15-v2,binary_detector,sage_edge,11,test,false_alarm,459170.0,,0.9950976762419148,0.0049023237580852405,,4902.323758085241,456919.0,2251.0,,
NF-UNSW-NB15-v2,binary,sage_edge,22,val,Benign,229538.0,0.999986869690431,0.9953733150937971,0.00031165593185123624,0.004626684906202895,311.65593185123623,228476.0,3.0,1062.0,9623.0
NF-UNSW-NB15-v2,binary,sage_edge,22,val,Attack,9626.0,0.9006083294337857,0.9996883440681488,0.004626684906202895,0.00031165593185123624,4626.684906202894,9623.0,1062.0,3.0,228476.0
NF-UNSW-NB15-v2,binary,sage_edge,22,test,Benign,459170.0,0.9999759235507072,0.994984428425202,0.0005839571056962361,0.005015571574798005,583.9571056962361,456867.0,11.0,2303.0,18826.0
NF-UNSW-NB15-v2,binary,sage_edge,22,test,Attack,18837.0,0.8910028870273085,0.9994160428943037,0.005015571574798005,0.0005839571056962361,5015.571574798005,18826.0,2303.0,11.0,456867.0
NF-UNSW-NB15-v2,binary_detector,sage_edge,22,test,false_alarm,459170.0,,0.994984428425202,0.005015571574798005,,5015.571574798005,456867.0,2303.0,,
NF-UNSW-NB15-v2,binary,sage_edge,33,val,Benign,229538.0,0.999995623115204,0.9953558887852991,0.00010388531061707874,0.004644111214700834,103.88531061707874,228472.0,1.0,1066.0,9625.0
NF-UNSW-NB15-v2,binary,sage_edge,33,val,Attack,9626.0,0.9002899635207183,0.9998961146893829,0.004644111214700834,0.00010388531061707874,4644.111214700833,9625.0,1066.0,1.0,228472.0
NF-UNSW-NB15-v2,binary,sage_edge,33,test,Benign,459170.0,0.9999912446592422,0.9949691835267983,0.00021234803843499497,0.005030816473201647,212.34803843499495,456860.0,4.0,2310.0,18833.0
NF-UNSW-NB15-v2,binary,sage_edge,33,test,Attack,18837.0,0.8907439814595848,0.999787651961565,0.005030816473201647,0.00021234803843499497,5030.816473201647,18833.0,2310.0,4.0,456860.0
NF-UNSW-NB15-v2,binary_detector,sage_edge,33,test,false_alarm,459170.0,,0.9949691835267983,0.005030816473201647,,5030.816473201647,456860.0,2310.0,,
NF-UNSW-NB15-v2,binary,sage_edge,44,val,Benign,229538.0,0.9999868647462926,0.9949986494610914,0.00031165593185123624,0.00500135053890859,311.65593185123623,228390.0,3.0,1148.0,9623.0
NF-UNSW-NB15-v2,binary,sage_edge,44,val,Attack,9626.0,0.8934175099805032,0.9996883440681488,0.00500135053890859,0.00031165593185123624,5001.35053890859,9623.0,1148.0,3.0,228390.0
NF-UNSW-NB15-v2,binary,sage_edge,44,test,Benign,459170.0,0.9999824855615348,0.994747043578631,0.00042469607686998993,0.005252956421368992,424.6960768699899,456758.0,8.0,2412.0,18829.0
NF-UNSW-NB15-v2,binary,sage_edge,44,test,Attack,18837.0,0.8864460241984841,0.99957530392313,0.005252956421368992,0.00042469607686998993,5252.956421368992,18829.0,2412.0,8.0,456758.0
NF-UNSW-NB15-v2,binary_detector,sage_edge,44,test,false_alarm,459170.0,,0.994747043578631,0.005252956421368992,,5252.956421368992,456758.0,2412.0,,
NF-UNSW-NB15-v2,binary,sage_edge,55,val,Benign,229538.0,0.9999737460454982,0.9956129268356437,0.0006233118637024725,0.004387073164356228,623.3118637024725,228531.0,6.0,1007.0,9620.0
NF-UNSW-NB15-v2,binary,sage_edge,55,val,Attack,9626.0,0.9052413663310436,0.9993766881362975,0.004387073164356228,0.0006233118637024725,4387.0731643562285,9620.0,1007.0,6.0,228531.0
NF-UNSW-NB15-v2,binary,sage_edge,55,test,Benign,459170.0,0.9999846814395945,0.9951760785765621,0.0003716090672612412,0.004823921423437943,371.6090672612412,456955.0,7.0,2215.0,18830.0
NF-UNSW-NB15-v2,binary,sage_edge,55,test,Attack,18837.0,0.8947493466381563,0.9996283909327388,0.004823921423437943,0.0003716090672612412,4823.921423437942,18830.0,2215.0,7.0,456955.0
NF-UNSW-NB15-v2,binary_detector,sage_edge,55,test,false_alarm,459170.0,,0.9951760785765621,0.004823921423437943,,4823.921423437942,456955.0,2215.0,,
NF-UNSW-NB15-v2,multiclass,edge_mlp,11,val,Analysis,238.0,0.07454545454545454,0.1722689075630252,0.0021303667244251356,0.8277310924369747,2130.366724425136,41.0,509.0,197.0,238417.0
NF-UNSW-NB15-v2,multiclass,edge_mlp,11,val,Backdoor,223.0,0.09700598802395209,0.726457399103139,0.006311181421355063,0.273542600896861,6311.181421355062,162.0,1508.0,61.0,237433.0
NF-UNSW-NB15-v2,multiclass,edge_mlp,11,val,Benign,229538.0,0.9999560186305081,0.9905070184457475,0.0010388531061707874,0.009492981554252456,1038.8531061707874,227359.0,10.0,2179.0,9616.0
NF-UNSW-NB15-v2,multiclass,edge_mlp,11,val,DoS,593.0,0.1036468330134357,0.09106239460370995,0.0019574885463866103,0.9089376053962901,1957.4885463866103,54.0,467.0,539.0,238104.0
NF-UNSW-NB15-v2,multiclass,edge_mlp,11,val,Exploits,3152.0,0.6365914786967418,0.6446700507614214,0.004915004321814145,0.3553299492385787,4915.004321814145,2032.0,1160.0,1120.0,234852.0
NF-UNSW-NB15-v2,multiclass,edge_mlp,11,val,Fuzzers,2311.0,0.5108750632271117,0.4370402423193423,0.004082701084638996,0.5629597576806578,4082.7010846389953,1010.0,967.0,1301.0,235886.0
NF-UNSW-NB15-v2,multiclass,edge_mlp,11,val,Generic,1663.0,0.9770520741394528,0.6656644618159951,0.00010947322327063886,0.3343355381840048,109.47322327063885,1107.0,26.0,556.0,237475.0
NF-UNSW-NB15-v2,multiclass,edge_mlp,11,val,Reconnaissance,1283.0,0.5047428856714927,0.7879968823070927,0.004170152303042278,0.21200311769290725,4170.152303042278,1011.0,992.0,272.0,236889.0
NF-UNSW-NB15-v2,multiclass,edge_mlp,11,val,Shellcode,148.0,0.13133208255159476,0.47297297297297297,0.0019371088127991432,0.527027027027027,1937.1088127991432,70.0,463.0,78.0,238553.0
NF-UNSW-NB15-v2,multiclass,edge_mlp,11,val,Worms,15.0,0.037037037037037035,0.5333333333333333,0.0008697506575398601,0.4666666666666667,869.7506575398601,8.0,208.0,7.0,238941.0
NF-UNSW-NB15-v2,multiclass,edge_mlp,11,test,Analysis,448.0,0.07755474452554745,0.18973214285714285,0.0021170159079820505,0.8102678571428571,2117.0159079820505,85.0,1011.0,363.0,476548.0
NF-UNSW-NB15-v2,multiclass,edge_mlp,11,test,Backdoor,432.0,0.09887640449438202,0.7129629629629629,0.005877610846463906,0.28703703703703703,5877.6108464639065,308.0,2807.0,124.0,474768.0
NF-UNSW-NB15-v2,multiclass,edge_mlp,11,test,Benign,459170.0,0.9999472210799006,0.9902715769758478,0.0012740882306099697,0.009728423024152276,1274.0882306099697,454703.0,24.0,4467.0,18813.0
NF-UNSW-NB15-v2,multiclass,edge_mlp,11,test,DoS,1143.0,0.09393939393939393,0.08136482939632546,0.0018810394577909006,0.9186351706036745,1881.0394577909005,93.0,897.0,1050.0,475967.0
NF-UNSW-NB15-v2,multiclass,edge_mlp,11,test,Exploits,6251.0,0.6313260730301089,0.630619100943849,0.004879641170435564,0.369380899056151,4879.641170435564,3942.0,2302.0,2309.0,469454.0
NF-UNSW-NB15-v2,multiclass,edge_mlp,11,test,Fuzzers,4409.0,0.47872860635696823,0.4440916307552733,0.004501708199781249,0.5559083692447266,4501.708199781249,1958.0,2132.0,2451.0,471466.0
NF-UNSW-NB15-v2,multiclass,edge_mlp,11,test,Generic,3264.0,0.9772727272727273,0.6587009803921569,0.00010532014163452647,0.34129901960784315,105.32014163452646,2150.0,50.0,1114.0,474693.0
NF-UNSW-NB15-v2,multiclass,edge_mlp,11,test,Reconnaissance,2557.0,0.5092615460607557,0.8064137661321862,0.004179198653906825,0.19358623386781385,4179.198653906825,2062.0,1987.0,495.0,473463.0
NF-UNSW-NB15-v2,multiclass,edge_mlp,11,test,Shellcode,296.0,0.13544668587896252,0.47635135135135137,0.001883984249891671,0.5236486486486487,1883.984249891671,141.0,900.0,155.0,476811.0
NF-UNSW-NB15-v2,multiclass,edge_mlp,11,test,Worms,37.0,0.05714285714285714,0.7027027027027027,0.0008975458710797749,0.2972972972972973,897.5458710797749,26.0,429.0,11.0,477541.0
NF-UNSW-NB15-v2,multiclass,edge_mlp,22,val,Analysis,238.0,0.11331679073614558,0.5756302521008403,0.004486744849869834,0.42436974789915966,4486.744849869834,137.0,1072.0,101.0,237854.0
NF-UNSW-NB15-v2,multiclass,edge_mlp,22,val,Backdoor,223.0,0.10899653979238755,0.2825112107623318,0.0021553437877969875,0.7174887892376681,2155.3437877969877,63.0,515.0,160.0,238426.0
NF-UNSW-NB15-v2,multiclass,edge_mlp,22,val,Benign,229538.0,0.9999692058632036,0.9902891895895233,0.0007271971743195513,0.009710810410476696,727.1971743195512,227309.0,7.0,2229.0,9619.0
NF-UNSW-NB15-v2,multiclass,edge_mlp,22,val,DoS,593.0,0.08762886597938144,0.08600337268128162,0.0022257525013517987,0.9139966273187183,2225.752501351799,51.0,531.0,542.0,238040.0
NF-UNSW-NB15-v2,multiclass,edge_mlp,22,val,Exploits,3152.0,0.666182346531057,0.5818527918781726,0.003893869803230344,0.41814720812182743,3893.869803230344,1834.0,919.0,1318.0,235093.0
NF-UNSW-NB15-v2,multiclass,edge_mlp,22,val,Fuzzers,2311.0,0.48157994682871247,0.5486802250108178,0.005763068232194652,0.4513197749891822,5763.068232194652,1268.0,1365.0,1043.0,235488.0
NF-UNSW-NB15-v2,multiclass,edge_mlp,22,val,Generic,1663.0,0.9866310160427807,0.6656644618159951,6.315762880998396e-05,0.3343355381840048,63.157628809983954,1107.0,15.0,556.0,237486.0
NF-UNSW-NB15-v2,multiclass,edge_mlp,22,val,Reconnaissance,1283.0,0.4830601092896175,0.6890101325019485,0.003976778305118946,0.31098986749805146,3976.778305118946,884.0,946.0,399.0,236935.0
NF-UNSW-NB15-v2,multiclass,edge_mlp,22,val,Shellcode,148.0,0.17405063291139242,0.3716216216216216,0.001091977106135154,0.6283783783783784,1091.9771061351541,55.0,261.0,93.0,238755.0
NF-UNSW-NB15-v2,multiclass,edge_mlp,22,val,Worms,15.0,0.009696969696969697,0.5333333333333333,0.0034162802269714697,0.4666666666666667,3416.28022697147,8.0,817.0,7.0,238332.0
NF-UNSW-NB15-v2,multiclass,edge_mlp,22,test,Analysis,448.0,0.11237428946217752,0.5736607142857143,0.004250783672802732,0.4263392857142857,4250.783672802732,257.0,2030.0,191.0,475529.0
NF-UNSW-NB15-v2,multiclass,edge_mlp,22,test,Backdoor,432.0,0.11744084136722173,0.3101851851851852,0.0021085693346594775,0.6898148148148148,2108.5693346594776,134.0,1007.0,298.0,476568.0
NF-UNSW-NB15-v2,multiclass,edge_mlp,22,test,Benign,459170.0,0.9999538066610795,0.9900254807587604,0.0011148272017837235,0.009974519241239628,1114.8272017837235,454590.0,21.0,4580.0,18816.0
NF-UNSW-NB15-v2,multiclass,edge_mlp,22,test,DoS,1143.0,0.09067796610169492,0.09361329833770779,0.0022501174339014897,0.9063867016622922,2250.1174339014897,107.0,1073.0,1036.0,475791.0
NF-UNSW-NB15-v2,multiclass,edge_mlp,22,test,Exploits,6251.0,0.6648537134283571,0.5671092625179971,0.0037879751396908573,0.43289073748200285,3787.9751396908573,3545.0,1787.0,2706.0,469969.0
NF-UNSW-NB15-v2,multiclass,edge_mlp,22,test,Fuzzers,4409.0,0.46060144651693946,0.5488772964391019,0.005983977972879953,0.4511227035608982,5983.977972879953,2420.0,2834.0,1989.0,470764.0
NF-UNSW-NB15-v2,multiclass,edge_mlp,22,test,Generic,3264.0,0.9884951679705476,0.6580882352941176,5.2660070817263234e-05,0.34191176470588236,52.66007081726323,2148.0,25.0,1116.0,474718.0
NF-UNSW-NB15-v2,multiclass,edge_mlp,22,test,Reconnaissance,2557.0,0.49145755472504005,0.7199843566679702,0.0040067304658744345,0.2800156433320297,4006.7304658744347,1841.0,1905.0,716.0,473545.0
NF-UNSW-NB15-v2,multiclass,edge_mlp,22,test,Shellcode,296.0,0.18364197530864199,0.40202702702702703,0.0011073640757696599,0.597972972972973,1107.3640757696598,119.0,529.0,177.0,477182.0
NF-UNSW-NB15-v2,multiclass,edge_mlp,22,test,Worms,37.0,0.01651376146788991,0.7297297297297297,0.0033642278804109044,0.2702702702702703,3364.2278804109046,27.0,1608.0,10.0,476362.0
NF-UNSW-NB15-v2,multiclass,edge_mlp,33,val,Analysis,238.0,0.09605263157894736,0.3067226890756303,0.002875367268526657,0.6932773109243697,2875.367268526657,73.0,687.0,165.0,238239.0
NF-UNSW-NB15-v2,multiclass,edge_mlp,33,val,Backdoor,223.0,0.11946050096339114,0.5560538116591929,0.0038252120816435857,0.4439461883408072,3825.212081643586,124.0,914.0,99.0,238027.0
NF-UNSW-NB15-v2,multiclass,edge_mlp,33,val,Benign,229538.0,0.9999691928527419,0.9898709581855728,0.0007271971743195513,0.010129041814427241,727.1971743195512,227213.0,7.0,2325.0,9619.0
NF-UNSW-NB15-v2,multiclass,edge_mlp,33,val,DoS,593.0,0.13559322033898305,0.05396290050590219,0.0008550913564515385,0.9460370994940978,855.0913564515386,32.0,204.0,561.0,238367.0
NF-UNSW-NB15-v2,multiclass,edge_mlp,33,val,Exploits,3152.0,0.6614759647935003,0.6199238578680203,0.00423707269121909,0.3800761421319797,4237.07269121909,1954.0,1000.0,1198.0,235012.0
NF-UNSW-NB15-v2,multiclass,edge_mlp,33,val,Fuzzers,2311.0,0.42788038698328934,0.4210298572046733,0.005492858439622888,0.5789701427953267,5492.858439622889,973.0,1301.0,1338.0,235552.0
NF-UNSW-NB15-v2,multiclass,edge_mlp,33,val,Generic,1663.0,0.8265381764269829,0.6704750450992183,0.0009852590094357498,0.3295249549007817,985.2590094357497,1115.0,234.0,548.0,237267.0
NF-UNSW-NB15-v2,multiclass,edge_mlp,33,val,Reconnaissance,1283.0,0.49342770475227504,0.7607170693686672,0.004212190128677784,0.23928293063133282,4212.190128677784,976.0,1002.0,307.0,236879.0
NF-UNSW-NB15-v2,multiclass,edge_mlp,33,val,Shellcode,148.0,0.08064516129032258,0.5067567567567568,0.003577166382166884,0.49324324324324326,3577.1663821668844,75.0,855.0,73.0,238161.0
NF-UNSW-NB15-v2,multiclass,edge_mlp,33,val,Worms,15.0,0.018823529411764704,0.5333333333333333,0.001743682808625585,0.4666666666666667,1743.6828086255848,8.0,417.0,7.0,238732.0
NF-UNSW-NB15-v2,multiclass,edge_mlp,33,test,Analysis,448.0,0.09070796460176991,0.27455357142857145,0.0025818799352540734,0.7254464285714286,2581.879935254073,123.0,1233.0,325.0,476326.0
NF-UNSW-NB15-v2,multiclass,edge_mlp,33,test,Backdoor,432.0,0.124750499001996,0.5787037037037037,0.0036727215620583156,0.4212962962962963,3672.7215620583156,250.0,1754.0,182.0,475821.0
NF-UNSW-NB15-v2,multiclass,edge_mlp,33,test,Benign,459170.0,0.9999603866265251,0.9895550667508766,0.0009555661729574773,0.010444933249123418,955.5661729574773,454374.0,18.0,4796.0,18819.0
NF-UNSW-NB15-v2,multiclass,edge_mlp,33,test,DoS,1143.0,0.1085972850678733,0.04199475065616798,0.000826231378338478,0.958005249343832,826.2313783384781,48.0,394.0,1095.0,476470.0
NF-UNSW-NB15-v2,multiclass,edge_mlp,33,test,Exploits,6251.0,0.6498094908209213,0.6002239641657335,0.004286114008088928,0.3997760358342665,4286.114008088927,3752.0,2022.0,2499.0,469734.0
NF-UNSW-NB15-v2,multiclass,edge_mlp,33,test,Fuzzers,4409.0,0.41246226821905996,0.43388523474710816,0.005753824973923032,0.5661147652528918,5753.824973923031,1913.0,2725.0,2496.0,470873.0
NF-UNSW-NB15-v2,multiclass,edge_mlp,33,test,Generic,3264.0,0.8144949305294781,0.6645220588235294,0.0010405629993491216,0.33547794117647056,1040.5629993491216,2169.0,494.0,1095.0,474249.0
NF-UNSW-NB15-v2,multiclass,edge_mlp,33,test,Reconnaissance,2557.0,0.4921798631476051,0.7876417676965194,0.004370596277211063,0.21235823230348064,4370.596277211063,2014.0,2078.0,543.0,473372.0
NF-UNSW-NB15-v2,multiclass,edge_mlp,33,test,Shellcode,296.0,0.09399332591768632,0.5709459459459459,0.0034100114923039243,0.42905405405405406,3410.011492303924,169.0,1629.0,127.0,476082.0
NF-UNSW-NB15-v2,multiclass,edge_mlp,33,test,Worms,37.0,0.031839622641509434,0.7297297297297297,0.0017176810260058162,0.2702702702702703,1717.6810260058162,27.0,821.0,10.0,477149.0
NF-UNSW-NB15-v2,multiclass,edge_mlp,44,val,Analysis,238.0,0.1160377358490566,0.5168067226890757,0.003921716347320928,0.4831932773109244,3921.716347320928,123.0,937.0,115.0,237989.0
NF-UNSW-NB15-v2,multiclass,edge_mlp,44,val,Backdoor,223.0,0.12105263157894737,0.3094170403587444,0.002096751917837458,0.6905829596412556,2096.7519178374578,69.0,501.0,154.0,238440.0
NF-UNSW-NB15-v2,multiclass,edge_mlp,44,val,Benign,229538.0,0.999955981653153,0.989674912214971,0.0010388531061707874,0.010325087785029058,1038.8531061707874,227168.0,10.0,2370.0,9616.0
NF-UNSW-NB15-v2,multiclass,edge_mlp,44,val,DoS,593.0,0.0812720848056537,0.1163575042158516,0.0032694669511382354,0.8836424957841484,3269.466951138236,69.0,780.0,524.0,237791.0
NF-UNSW-NB15-v2,multiclass,edge_mlp,44,val,Exploits,3152.0,0.6667804711505634,0.6196065989847716,0.004135382946629833,0.38039340101522845,4135.382946629832,1953.0,976.0,1199.0,235036.0
NF-UNSW-NB15-v2,multiclass,edge_mlp,44,val,Fuzzers,2311.0,0.44680851063829785,0.4543487667676331,0.005488636411613955,0.545651233232367,5488.636411613955,1050.0,1300.0,1261.0,235553.0
NF-UNSW-NB15-v2,multiclass,edge_mlp,44,val,Generic,1663.0,0.9804964539007093,0.6650631389055923,9.26311889213098e-05,0.3349368610944077,92.6311889213098,1106.0,22.0,557.0,237479.0
NF-UNSW-NB15-v2,multiclass,edge_mlp,44,val,Reconnaissance,1283.0,0.42823080591320933,0.6999220576773187,0.005040335293697269,0.3000779423226812,5040.335293697269,898.0,1199.0,385.0,236682.0
NF-UNSW-NB15-v2,multiclass,edge_mlp,44,val,Shellcode,148.0,0.19881305637982197,0.4527027027027027,0.0011296314891053318,0.5472972972972973,1129.6314891053319,67.0,270.0,81.0,238746.0
NF-UNSW-NB15-v2,multiclass,edge_mlp,44,val,Worms,15.0,0.013513513513513514,0.6,0.002747241259633116,0.4,2747.2412596331155,9.0,657.0,6.0,238492.0
NF-UNSW-NB15-v2,multiclass,edge_mlp,44,test,Analysis,448.0,0.11290322580645161,0.484375,0.003570239488733329,0.515625,3570.2394887333294,217.0,1705.0,231.0,475854.0
NF-UNSW-NB15-v2,multiclass,edge_mlp,44,test,Backdoor,432.0,0.13706407137064072,0.3912037037037037,0.002227922315866618,0.6087962962962963,2227.9223158666177,169.0,1064.0,263.0,476511.0
NF-UNSW-NB15-v2,multiclass,edge_mlp,44,test,Benign,459170.0,0.9999515756619277,0.9893830171831783,0.0011679142113924723,0.010616982816821656,1167.9142113924722,454295.0,22.0,4875.0,18815.0
NF-UNSW-NB15-v2,multiclass,edge_mlp,44,test,DoS,1143.0,0.07637997432605904,0.10411198600174978,0.003017631861495101,0.8958880139982502,3017.6318614951015,119.0,1439.0,1024.0,475425.0
NF-UNSW-NB15-v2,multiclass,edge_mlp,44,test,Exploits,6251.0,0.6594062884243809,0.6005439129739242,0.00411017559925046,0.3994560870260758,4110.17559925046,3754.0,1939.0,2497.0,469817.0
NF-UNSW-NB15-v2,multiclass,edge_mlp,44,test,Fuzzers,4409.0,0.4215293869812513,0.4538444091630755,0.005798166377391796,0.5461555908369244,5798.166377391796,2001.0,2746.0,2408.0,470852.0
NF-UNSW-NB15-v2,multiclass,edge_mlp,44,test,Generic,3264.0,0.9843317972350231,0.6544117647058824,7.1617696311478e-05,0.34558823529411764,71.617696311478,2136.0,34.0,1128.0,474709.0
NF-UNSW-NB15-v2,multiclass,edge_mlp,44,test,Reconnaissance,2557.0,0.43407100046104197,0.7364098552991787,0.005163529288042906,0.26359014470082126,5163.529288042907,1883.0,2455.0,674.0,472995.0
NF-UNSW-NB15-v2,multiclass,edge_mlp,44,test,Shellcode,296.0,0.20396600566572237,0.4864864864864865,0.001176443498265688,0.5135135135135135,1176.4434982656878,144.0,562.0,152.0,477149.0
NF-UNSW-NB15-v2,multiclass,edge_mlp,44,test,Worms,37.0,0.019652305366591082,0.7027027027027027,0.002713559428416009,0.2972972972972973,2713.5594284160093,26.0,1297.0,11.0,476673.0
NF-UNSW-NB15-v2,multiclass,edge_mlp,55,val,Analysis,238.0,0.0913978494623656,0.2857142857142857,0.002829327909059709,0.7142857142857143,2829.327909059709,68.0,676.0,170.0,238250.0
NF-UNSW-NB15-v2,multiclass,edge_mlp,55,val,Backdoor,223.0,0.11548556430446194,0.5919282511210763,0.004231170037791756,0.4080717488789238,4231.170037791756,132.0,1011.0,91.0,237930.0
NF-UNSW-NB15-v2,multiclass,edge_mlp,55,val,Benign,229538.0,0.9999692237346558,0.9908642577699553,0.0007271971743195513,0.009135742230044699,727.1971743195512,227441.0,7.0,2097.0,9619.0
NF-UNSW-NB15-v2,multiclass,edge_mlp,55,val,DoS,593.0,0.11904761904761904,0.06745362563237774,0.0012407207917139972,0.9325463743676222,1240.7207917139972,40.0,296.0,553.0,238275.0
NF-UNSW-NB15-v2,multiclass,edge_mlp,55,val,Exploits,3152.0,0.6748663101604279,0.6005710659898477,0.0038642102943918107,0.3994289340101523,3864.2102943918107,1893.0,912.0,1259.0,235100.0
NF-UNSW-NB15-v2,multiclass,edge_mlp,55,val,Fuzzers,2311.0,0.5033653846153846,0.45305062743401125,0.004361354933228627,0.5469493725659887,4361.3549332286275,1047.0,1033.0,1264.0,235820.0
NF-UNSW-NB15-v2,multiclass,edge_mlp,55,val,Generic,1663.0,0.9823788546255506,0.6704750450992183,8.421017174664528e-05,0.3295249549007817,84.21017174664527,1115.0,20.0,548.0,237481.0
NF-UNSW-NB15-v2,multiclass,edge_mlp,55,val,Reconnaissance,1283.0,0.40278401436910644,0.6991426344505066,0.005591030809522409,0.3008573655494934,5591.030809522408,897.0,1330.0,386.0,236551.0
NF-UNSW-NB15-v2,multiclass,edge_mlp,55,val,Shellcode,148.0,0.148,0.5,0.0017823074605884126,0.5,1782.3074605884126,74.0,426.0,74.0,238590.0
NF-UNSW-NB15-v2,multiclass,edge_mlp,55,val,Worms,15.0,0.010723860589812333,0.5333333333333333,0.0030859422368481573,0.4666666666666667,3085.9422368481573,8.0,738.0,7.0,238411.0
NF-UNSW-NB15-v2,multiclass,edge_mlp,55,test,Analysis,448.0,0.0882986360373295,0.27455357142857145,0.0026593572731327436,0.7254464285714286,2659.357273132744,123.0,1270.0,325.0,476289.0
NF-UNSW-NB15-v2,multiclass,edge_mlp,55,test,Backdoor,432.0,0.1212825278810409,0.6041666666666666,0.003959587499345652,0.3958333333333333,3959.5874993456523,261.0,1891.0,171.0,475684.0
NF-UNSW-NB15-v2,multiclass,edge_mlp,55,test,Benign,459170.0,0.9999758155651023,0.9905416294618551,0.0005839571056962361,0.009458370538144913,583.9571056962361,454827.0,11.0,4343.0,18826.0
NF-UNSW-NB15-v2,multiclass,edge_mlp,55,test,DoS,1143.0,0.12422360248447205,0.0699912510936133,0.0011827271507180244,0.9300087489063867,1182.7271507180244,80.0,564.0,1063.0,476300.0
NF-UNSW-NB15-v2,multiclass,edge_mlp,55,test,Exploits,6251.0,0.664741970407795,0.58934570468725,0.00393847667014304,0.41065429531274994,3938.47667014304,3684.0,1858.0,2567.0,469898.0
NF-UNSW-NB15-v2,multiclass,edge_mlp,55,test,Fuzzers,4409.0,0.47108405525638025,0.45633930596507144,0.004769868115997111,0.5436606940349286,4769.868115997111,2012.0,2259.0,2397.0,471339.0
NF-UNSW-NB15-v2,multiclass,edge_mlp,55,test,Generic,3264.0,0.9782903663500678,0.6626838235294118,0.00010110733596914541,0.33731617647058826,101.10733596914541,2163.0,48.0,1101.0,474695.0
NF-UNSW-NB15-v2,multiclass,edge_mlp,55,test,Reconnaissance,2557.0,0.4145583666222814,0.7305436057880329,0.005548427805237143,0.26945639421196715,5548.427805237144,1868.0,2638.0,689.0,472812.0
NF-UNSW-NB15-v2,multiclass,edge_mlp,55,test,Shellcode,296.0,0.15602836879432624,0.5202702702702703,0.001743732089066402,0.4797297297297297,1743.732089066402,154.0,833.0,142.0,476878.0
NF-UNSW-NB15-v2,multiclass,edge_mlp,55,test,Worms,37.0,0.01845522898154477,0.7297297297297297,0.0030043726593719272,0.2702702702702703,3004.372659371927,27.0,1436.0,10.0,476534.0
NF-UNSW-NB15-v2,multiclass,sage,11,val,Analysis,238.0,0.06605504587155964,0.15126050420168066,0.0021303667244251356,0.8487394957983193,2130.366724425136,36.0,509.0,202.0,238417.0
NF-UNSW-NB15-v2,multiclass,sage,11,val,Backdoor,223.0,0.11407491486946651,0.9013452914798207,0.006532993500487568,0.09865470852017937,6532.993500487568,201.0,1561.0,22.0,237380.0
NF-UNSW-NB15-v2,multiclass,sage,11,val,Benign,229538.0,0.9999956116291827,0.9927506556648572,0.00010388531061707874,0.007249344335142765,103.88531061707874,227874.0,1.0,1664.0,9625.0
NF-UNSW-NB15-v2,multiclass,sage,11,val,DoS,593.0,0.15265866209262435,0.15008431703204048,0.002070662402387549,0.8499156829679595,2070.6624023875493,89.0,494.0,504.0,238077.0
NF-UNSW-NB15-v2,multiclass,sage,11,val,Exploits,3152.0,0.8008867392180572,0.6303934010152284,0.0020931139094622305,0.36960659898477155,2093.113909462231,1987.0,494.0,1165.0,235518.0
NF-UNSW-NB15-v2,multiclass,sage,11,val,Fuzzers,2311.0,0.7248373517030233,0.8195586326265686,0.00303563813842341,0.18044136737343142,3035.6381384234105,1894.0,719.0,417.0,236134.0
NF-UNSW-NB15-v2,multiclass,sage,11,val,Generic,1663.0,0.934887459807074,0.6993385447985568,0.0003410511955739134,0.30066145520144316,341.0511955739134,1163.0,81.0,500.0,237420.0
NF-UNSW-NB15-v2,multiclass,sage,11,val,Reconnaissance,1283.0,0.8018264840182648,0.6843335931410756,0.0009122208162904982,0.3156664068589244,912.2208162904982,878.0,217.0,405.0,237664.0
NF-UNSW-NB15-v2,multiclass,sage,11,val,Shellcode,148.0,0.23529411764705882,0.9459459459459459,0.0019036382501589851,0.05405405405405406,1903.638250158985,140.0,455.0,8.0,238561.0
NF-UNSW-NB15-v2,multiclass,sage,11,val,Worms,15.0,0.0215633423180593,0.5333333333333333,0.0015178821571488904,0.4666666666666667,1517.8821571488904,8.0,363.0,7.0,238786.0
NF-UNSW-NB15-v2,multiclass,sage,11,test,Analysis,448.0,0.06280667320902845,0.14285714285714285,0.00199975291011163,0.8571428571428571,1999.7529101116302,64.0,955.0,384.0,476604.0
NF-UNSW-NB15-v2,multiclass,sage,11,test,Backdoor,432.0,0.11814859926918392,0.8981481481481481,0.006063969010103126,0.10185185185185185,6063.969010103126,388.0,2896.0,44.0,474679.0
NF-UNSW-NB15-v2,multiclass,sage,11,test,Benign,459170.0,1.0,0.9925975129037176,0.0,0.007402487096282422,0.0,455771.0,0.0,3399.0,18837.0
NF-UNSW-NB15-v2,multiclass,sage,11,test,DoS,1143.0,0.13278008298755187,0.1399825021872266,0.0021914004831566232,0.8600174978127734,2191.400483156623,160.0,1045.0,983.0,475819.0
NF-UNSW-NB15-v2,multiclass,sage,11,test,Exploits,6251.0,0.8148388492321004,0.6026235802271637,0.0018144973248882897,0.39737641977283633,1814.4973248882898,3767.0,856.0,2484.0,470900.0
NF-UNSW-NB15-v2,multiclass,sage,11,test,Fuzzers,4409.0,0.6820798514391829,0.833068723066455,0.003614880130405956,0.166931276933545,3614.880130405956,3673.0,1712.0,736.0,471886.0
NF-UNSW-NB15-v2,multiclass,sage,11,test,Generic,3264.0,0.9301587301587302,0.7181372549019608,0.00037072689855353316,0.2818627450980392,370.72689855353315,2344.0,176.0,920.0,474567.0
NF-UNSW-NB15-v2,multiclass,sage,11,test,Reconnaissance,2557.0,0.812972012438916,0.7156824403597967,0.0008854769166053213,0.2843175596402034,885.4769166053213,1830.0,421.0,727.0,475029.0
NF-UNSW-NB15-v2,multiclass,sage,11,test,Shellcode,296.0,0.2506573181419807,0.9662162162162162,0.0017897850373970873,0.033783783783783786,1789.7850373970873,286.0,855.0,10.0,476856.0
NF-UNSW-NB15-v2,multiclass,sage,11,test,Worms,37.0,0.03217821782178218,0.7027027027027027,0.001636085946816746,0.2972972972972973,1636.0859468167457,26.0,782.0,11.0,477188.0
NF-UNSW-NB15-v2,multiclass,sage,22,val,Analysis,238.0,0.1299715909090909,0.7689075630252101,0.005127110486091928,0.23109243697478993,5127.110486091928,183.0,1225.0,55.0,237701.0
NF-UNSW-NB15-v2,multiclass,sage,22,val,Backdoor,223.0,0.08961593172119488,0.2825112107623318,0.0026784854838642173,0.7174887892376681,2678.4854838642177,63.0,640.0,160.0,238301.0
NF-UNSW-NB15-v2,multiclass,sage,22,val,Benign,229538.0,1.0,0.9905418710627434,0.0,0.009458128937256576,0.0,227367.0,0.0,2171.0,9626.0
NF-UNSW-NB15-v2,multiclass,sage,22,val,DoS,593.0,0.1752411575562701,0.18381112984822934,0.0021503032640178394,0.8161888701517707,2150.3032640178394,109.0,513.0,484.0,238058.0
NF-UNSW-NB15-v2,multiclass,sage,22,val,Exploits,3152.0,0.7116900925608501,0.6586294416243654,0.003563378133315255,0.3413705583756345,3563.378133315255,2076.0,841.0,1076.0,235171.0
NF-UNSW-NB15-v2,multiclass,sage,22,val,Fuzzers,2311.0,0.7224199288256228,0.7905668541756815,0.0029638636622715355,0.2094331458243185,2963.8636622715353,1827.0,702.0,484.0,236151.0
NF-UNSW-NB15-v2,multiclass,sage,22,val,Generic,1663.0,0.9198443579766536,0.7107636800962117,0.00043368238449522316,0.28923631990378834,433.6823844952232,1182.0,103.0,481.0,237398.0
NF-UNSW-NB15-v2,multiclass,sage,22,val,Reconnaissance,1283.0,0.882587064676617,0.691348402182385,0.0004960463424989806,0.308651597817615,496.0463424989806,887.0,118.0,396.0,237763.0
NF-UNSW-NB15-v2,multiclass,sage,22,val,Shellcode,148.0,0.23865546218487396,0.9594594594594594,0.0018952706094989456,0.04054054054054054,1895.2706094989458,142.0,453.0,6.0,238563.0
NF-UNSW-NB15-v2,multiclass,sage,22,val,Worms,15.0,0.01637107776261937,0.8,0.0030148568465684575,0.2,3014.8568465684575,12.0,721.0,3.0,238428.0
NF-UNSW-NB15-v2,multiclass,sage,22,test,Analysis,448.0,0.12711083819465765,0.9241071428571429,0.005953191124028654,0.07589285714285714,5953.1911240286545,414.0,2843.0,34.0,474716.0
NF-UNSW-NB15-v2,multiclass,sage,22,test,Backdoor,432.0,0.07012622720897616,0.11574074074074074,0.0013882636235146312,0.8842592592592593,1388.2636235146313,50.0,663.0,382.0,476912.0
NF-UNSW-NB15-v2,multiclass,sage,22,test,Benign,459170.0,1.0,0.9908857285972515,0.0,0.009114271402748437,0.0,454985.0,0.0,4185.0,18837.0
NF-UNSW-NB15-v2,multiclass,sage,22,test,DoS,1143.0,0.1358649789029536,0.14085739282589677,0.0021473627700979736,0.8591426071741033,2147.362770097973,161.0,1024.0,982.0,475840.0
NF-UNSW-NB15-v2,multiclass,sage,22,test,Exploits,6251.0,0.7497637497637497,0.6346184610462327,0.002806535581953383,0.3653815389537674,2806.5355819533825,3967.0,1324.0,2284.0,470432.0
NF-UNSW-NB15-v2,multiclass,sage,22,test,Fuzzers,4409.0,0.6850797266514806,0.8185529598548423,0.0035029708740324074,0.18144704014515764,3502.970874032407,3609.0,1659.0,800.0,471939.0
NF-UNSW-NB15-v2,multiclass,sage,22,test,Generic,3264.0,0.9199372056514914,0.7181372549019608,0.000429706177868868,0.2818627450980392,429.706177868868,2344.0,204.0,920.0,474539.0
NF-UNSW-NB15-v2,multiclass,sage,22,test,Reconnaissance,2557.0,0.8854519091348477,0.7164646069612828,0.0004984751288253234,0.2835353930387172,498.4751288253234,1832.0,237.0,725.0,475213.0
NF-UNSW-NB15-v2,multiclass,sage,22,test,Shellcode,296.0,0.26067211625794734,0.9695945945945946,0.0017039590882353558,0.030405405405405407,1703.9590882353557,287.0,814.0,9.0,476897.0
NF-UNSW-NB15-v2,multiclass,sage,22,test,Worms,37.0,0.021383647798742137,0.918918918918919,0.003255434441492144,0.08108108108108109,3255.434441492144,34.0,1556.0,3.0,476414.0
NF-UNSW-NB15-v2,multiclass,sage,33,val,Analysis,238.0,0.11500493583415597,0.9789915966386554,0.007504415593112512,0.02100840336134454,7504.4155931125115,233.0,1793.0,5.0,237133.0
NF-UNSW-NB15-v2,multiclass,sage,33,val,Backdoor,223.0,0.17045454545454544,0.06726457399103139,0.0003055147505032623,0.9327354260089686,305.5147505032623,15.0,73.0,208.0,238868.0
NF-UNSW-NB15-v2,multiclass,sage,33,val,Benign,229538.0,1.0,0.9915569535327484,0.0,0.00844304646725161,0.0,227600.0,0.0,1938.0,9626.0
NF-UNSW-NB15-v2,multiclass,sage,33,val,DoS,593.0,0.1549053356282272,0.15177065767284992,0.002058087529498556,0.8482293423271501,2058.087529498556,90.0,491.0,503.0,238080.0
NF-UNSW-NB15-v2,multiclass,sage,33,val,Exploits,3152.0,0.7927541877678224,0.6456218274111675,0.0022541226717285564,0.3543781725888325,2254.1226717285563,2035.0,532.0,1117.0,235480.0
NF-UNSW-NB15-v2,multiclass,sage,33,val,Fuzzers,2311.0,0.7391122278056952,0.7637386412808308,0.0026303234495657643,0.2362613587191692,2630.3234495657643,1765.0,623.0,546.0,236230.0
NF-UNSW-NB15-v2,multiclass,sage,33,val,Generic,1663.0,0.9332810047095761,0.7149729404690318,0.0003578932299232424,0.28502705953096813,357.8932299232424,1189.0,85.0,474.0,237416.0
NF-UNSW-NB15-v2,multiclass,sage,33,val,Reconnaissance,1283.0,0.8561776061776062,0.691348402182385,0.0006263636019690518,0.308651597817615,626.3636019690517,887.0,149.0,396.0,237732.0
NF-UNSW-NB15-v2,multiclass,sage,33,val,Shellcode,148.0,0.1636568848758465,0.9797297297297297,0.003100210864544633,0.02027027027027027,3100.210864544633,145.0,741.0,3.0,238275.0
NF-UNSW-NB15-v2,multiclass,sage,33,val,Worms,15.0,0.018105849582172703,0.8666666666666667,0.0029479529498346218,0.13333333333333333,2947.952949834622,13.0,705.0,2.0,238444.0
NF-UNSW-NB15-v2,multiclass,sage,33,test,Analysis,448.0,0.11396011396011396,0.9821428571428571,0.007163512780619777,0.017857142857142856,7163.512780619777,440.0,3421.0,8.0,474138.0
NF-UNSW-NB15-v2,multiclass,sage,33,test,Backdoor,432.0,0.14754098360655737,0.041666666666666664,0.00021776684290425588,0.9583333333333334,217.76684290425587,18.0,104.0,414.0,477471.0
NF-UNSW-NB15-v2,multiclass,sage,33,test,Benign,459170.0,0.9999978030620921,0.9913060522246663,5.308700960874874e-05,0.008693947775333754,53.08700960874874,455178.0,1.0,3992.0,18836.0
NF-UNSW-NB15-v2,multiclass,sage,33,test,DoS,1143.0,0.14039621016365203,0.1426071741032371,0.0020928398872634545,0.8573928258967629,2092.839887263455,163.0,998.0,980.0,475866.0
NF-UNSW-NB15-v2,multiclass,sage,33,test,Exploits,6251.0,0.8039542143600417,0.6179811230203167,0.0019967949533233284,0.38201887697968323,1996.7949533233282,3863.0,942.0,2388.0,470814.0
NF-UNSW-NB15-v2,multiclass,sage,33,test,Fuzzers,4409.0,0.7028177579566187,0.7863461102290769,0.0030954522612004274,0.21365388977092312,3095.4522612004275,3467.0,1466.0,942.0,472132.0
NF-UNSW-NB15-v2,multiclass,sage,33,test,Generic,3264.0,0.9237421383647799,0.7199754901960784,0.0004086421495419627,0.2800245098039216,408.6421495419627,2350.0,194.0,914.0,474549.0
NF-UNSW-NB15-v2,multiclass,sage,33,test,Reconnaissance,2557.0,0.8671003717472119,0.7297614391865468,0.0006015353875276054,0.27023856081345327,601.5353875276054,1866.0,286.0,691.0,475164.0
NF-UNSW-NB15-v2,multiclass,sage,33,test,Shellcode,296.0,0.1681260945709282,0.972972972972973,0.002982975062328479,0.02702702702702703,2982.975062328479,288.0,1425.0,8.0,476286.0
NF-UNSW-NB15-v2,multiclass,sage,33,test,Worms,37.0,0.02147039687703318,0.8918918918918919,0.0031466410025733833,0.10810810810810811,3146.641002573383,33.0,1504.0,4.0,476466.0
NF-UNSW-NB15-v2,multiclass,sage,44,val,Analysis,238.0,0.1185929648241206,0.9915966386554622,0.007341185136820605,0.008403361344537815,7341.185136820605,236.0,1754.0,2.0,237172.0
NF-UNSW-NB15-v2,multiclass,sage,44,val,Backdoor,223.0,0.05322128851540616,0.08520179372197309,0.00141457514616579,0.9147982062780269,1414.5751461657899,19.0,338.0,204.0,238603.0
NF-UNSW-NB15-v2,multiclass,sage,44,val,Benign,229538.0,0.9999824427413904,0.992524113654384,0.00041554124246831497,0.007475886345615976,415.541242468315,227822.0,4.0,1716.0,9622.0
NF-UNSW-NB15-v2,multiclass,sage,44,val,DoS,593.0,0.14840182648401826,0.10961214165261383,0.0015634758625314895,0.8903878583473862,1563.4758625314896,65.0,373.0,528.0,238198.0
NF-UNSW-NB15-v2,multiclass,sage,44,val,Exploits,3152.0,0.8126009693053312,0.6383248730964467,0.001966001728725658,0.3616751269035533,1966.001728725658,2012.0,464.0,1140.0,235548.0
NF-UNSW-NB15-v2,multiclass,sage,44,val,Fuzzers,2311.0,0.7097020626432391,0.8039809606231069,0.0032087412867896964,0.1960190393768931,3208.7412867896965,1858.0,760.0,453.0,236093.0
NF-UNSW-NB15-v2,multiclass,sage,44,val,Generic,1663.0,0.9576271186440678,0.6794948887552615,0.00021052542936661318,0.3205051112447384,210.5254293666132,1130.0,50.0,533.0,237451.0
NF-UNSW-NB15-v2,multiclass,sage,44,val,Reconnaissance,1283.0,0.7659883720930233,0.8215120810600156,0.00135361798546332,0.17848791893998442,1353.6179854633199,1054.0,322.0,229.0,237559.0
NF-UNSW-NB15-v2,multiclass,sage,44,val,Shellcode,148.0,0.23745819397993312,0.9594594594594594,0.0019078220704890048,0.04054054054054054,1907.822070489005,142.0,456.0,6.0,238560.0
NF-UNSW-NB15-v2,multiclass,sage,44,val,Worms,15.0,0.03278688524590164,0.6666666666666666,0.00123354059603009,0.3333333333333333,1233.54059603009,10.0,295.0,5.0,238854.0
NF-UNSW-NB15-v2,multiclass,sage,44,test,Analysis,448.0,0.11682489451476794,0.9888392857142857,0.007012746069072094,0.011160714285714286,7012.746069072094,443.0,3349.0,5.0,474210.0
NF-UNSW-NB15-v2,multiclass,sage,44,test,Backdoor,432.0,0.059790732436472344,0.09259259259259259,0.0013170706171805476,0.9074074074074074,1317.0706171805475,40.0,629.0,392.0,476946.0
NF-UNSW-NB15-v2,multiclass,sage,44,test,Benign,459170.0,0.9999934145538361,0.9921096761548011,0.00015926102882624622,0.007890323845198947,159.26102882624622,455547.0,3.0,3623.0,18834.0
NF-UNSW-NB15-v2,multiclass,sage,44,test,DoS,1143.0,0.14680851063829786,0.12073490813648294,0.0016818212320493893,0.8792650918635171,1681.8212320493894,138.0,802.0,1005.0,476062.0
NF-UNSW-NB15-v2,multiclass,sage,44,test,Exploits,6251.0,0.8186086214255228,0.6136618141097424,0.0018017788856951474,0.38633818589025753,1801.7788856951474,3836.0,850.0,2415.0,470906.0
NF-UNSW-NB15-v2,multiclass,sage,44,test,Fuzzers,4409.0,0.679224376731302,0.8342027670673622,0.003667667515487819,0.1657972329326378,3667.667515487819,3678.0,1737.0,731.0,471861.0
NF-UNSW-NB15-v2,multiclass,sage,44,test,Generic,3264.0,0.9523201362281822,0.6853553921568627,0.0002359171172613393,0.31464460784313725,235.91711726133929,2237.0,112.0,1027.0,474631.0
NF-UNSW-NB15-v2,multiclass,sage,44,test,Reconnaissance,2557.0,0.7581837381203802,0.8423934298005475,0.0014449468924177095,0.15760657019945248,1444.9468924177095,2154.0,687.0,403.0,474763.0
NF-UNSW-NB15-v2,multiclass,sage,44,test,Shellcode,296.0,0.2591240875912409,0.9594594594594594,0.0016997724565689298,0.04054054054054054,1699.7724565689298,284.0,812.0,12.0,476899.0
NF-UNSW-NB15-v2,multiclass,sage,44,test,Worms,37.0,0.04185351270553064,0.7567567567567568,0.001341088352825491,0.24324324324324326,1341.088352825491,28.0,641.0,9.0,477329.0
NF-UNSW-NB15-v2,multiclass,sage,55,val,Analysis,238.0,0.05921052631578947,0.15126050420168066,0.002394046692281292,0.8487394957983193,2394.046692281292,36.0,572.0,202.0,238354.0
NF-UNSW-NB15-v2,multiclass,sage,55,val,Backdoor,223.0,0.10986547085201794,0.8789237668161435,0.0066459921068380895,0.1210762331838565,6645.99210683809,196.0,1588.0,27.0,237353.0
NF-UNSW-NB15-v2,multiclass,sage,55,val,Benign,229538.0,0.99993419147648,0.9929467016354591,0.0015582796592561812,0.007053298364540947,1558.2796592561813,227919.0,15.0,1619.0,9611.0
NF-UNSW-NB15-v2,multiclass,sage,55,val,DoS,593.0,0.14838709677419354,0.1163575042158516,0.0016598832213471043,0.8836424957841484,1659.8832213471042,69.0,396.0,524.0,238175.0
NF-UNSW-NB15-v2,multiclass,sage,55,val,Exploits,3152.0,0.8340192043895748,0.5786802030456852,0.0015380573869125298,0.4213197969543147,1538.0573869125299,1824.0,363.0,1328.0,235649.0
NF-UNSW-NB15-v2,multiclass,sage,55,val,Fuzzers,2311.0,0.7142857142857143,0.7983556901774124,0.003115856670593153,0.20164430982258763,3115.8566705931526,1845.0,738.0,466.0,236115.0
NF-UNSW-NB15-v2,multiclass,sage,55,val,Generic,1663.0,0.9716981132075472,0.6812988574864702,0.00013894678338196472,0.31870114251352977,138.9467833819647,1133.0,33.0,530.0,237468.0
NF-UNSW-NB15-v2,multiclass,sage,55,val,Reconnaissance,1283.0,0.6593328601845281,0.7240841777084958,0.0020178156305043276,0.2759158222915043,2017.8156305043278,929.0,480.0,354.0,237401.0
NF-UNSW-NB15-v2,multiclass,sage,55,val,Shellcode,148.0,0.38082191780821917,0.9391891891891891,0.000945543394584463,0.060810810810810814,945.5433945844629,139.0,226.0,9.0,238790.0
NF-UNSW-NB15-v2,multiclass,sage,55,val,Worms,15.0,0.0196078431372549,0.8666666666666667,0.0027179708048120626,0.13333333333333333,2717.970804812063,13.0,650.0,2.0,238499.0
NF-UNSW-NB15-v2,multiclass,sage,55,test,Analysis,448.0,0.04940239043824701,0.13839285714285715,0.002498120651060916,0.8616071428571429,2498.120651060916,62.0,1193.0,386.0,476366.0
NF-UNSW-NB15-v2,multiclass,sage,55,test,Backdoor,432.0,0.11784207353827607,0.9050925925925926,0.0061288802805842015,0.09490740740740741,6128.8802805842015,391.0,2927.0,41.0,474648.0
NF-UNSW-NB15-v2,multiclass,sage,55,test,Benign,459170.0,0.9999341712600499,0.9924385303917939,0.0015926102882624622,0.007561469608206111,1592.610288262462,455698.0,30.0,3472.0,18807.0
NF-UNSW-NB15-v2,multiclass,sage,55,test,DoS,1143.0,0.13519553072625698,0.10586176727909011,0.0016231042813045229,0.8941382327209099,1623.1042813045228,121.0,774.0,1022.0,476090.0
NF-UNSW-NB15-v2,multiclass,sage,55,test,Exploits,6251.0,0.8307729236677869,0.5536714125739881,0.0014944166051942106,0.44632858742601184,1494.4166051942107,3461.0,705.0,2790.0,471051.0
NF-UNSW-NB15-v2,multiclass,sage,55,test,Fuzzers,4409.0,0.678265723855601,0.8267180766613744,0.003650775552261623,0.17328192333862555,3650.7755522616226,3645.0,1729.0,764.0,471869.0
NF-UNSW-NB15-v2,multiclass,sage,55,test,Generic,3264.0,0.9622317596566523,0.6868872549019608,0.00018536344927676658,0.3131127450980392,185.36344927676657,2242.0,88.0,1022.0,474655.0
NF-UNSW-NB15-v2,multiclass,sage,55,test,Reconnaissance,2557.0,0.6675871591301347,0.7563551036370747,0.0020254495740877065,0.2436448963629253,2025.4495740877064,1934.0,963.0,623.0,474487.0
NF-UNSW-NB15-v2,multiclass,sage,55,test,Shellcode,296.0,0.4144144144144144,0.9324324324324325,0.0008163931749530574,0.06756756756756757,816.3931749530574,276.0,390.0,20.0,477321.0
NF-UNSW-NB15-v2,multiclass,sage,55,test,Worms,37.0,0.023222060957910014,0.8648648648648649,0.0028160763227817647,0.13513513513513514,2816.0763227817647,32.0,1346.0,5.0,476624.0
NF-UNSW-NB15-v2,multiclass,sage_edge,11,val,Analysis,238.0,0.0703125,0.15126050420168066,0.001992248646024292,0.8487394957983193,1992.248646024292,36.0,476.0,202.0,238450.0
NF-UNSW-NB15-v2,multiclass,sage_edge,11,val,Backdoor,223.0,0.1191772534785239,0.8834080717488789,0.006093554475791095,0.11659192825112108,6093.554475791095,197.0,1456.0,26.0,237485.0
NF-UNSW-NB15-v2,multiclass,sage_edge,11,val,Benign,229538.0,0.9999956046467674,0.9911735747457937,0.00010388531061707874,0.008826425254206275,103.88531061707874,227512.0,1.0,2026.0,9625.0
NF-UNSW-NB15-v2,multiclass,sage_edge,11,val,DoS,593.0,0.14447592067988668,0.17200674536256325,0.002531741074983967,0.8279932546374368,2531.741074983967,102.0,604.0,491.0,237967.0
NF-UNSW-NB15-v2,multiclass,sage_edge,11,val,Exploits,3152.0,0.7094570298453794,0.6259517766497462,0.003423554734505025,0.3740482233502538,3423.554734505025,1973.0,808.0,1179.0,235204.0
NF-UNSW-NB15-v2,multiclass,sage_edge,11,val,Fuzzers,2311.0,0.7153530070974972,0.8286456079619212,0.003217185342807564,0.17135439203807876,3217.185342807564,1915.0,762.0,396.0,236091.0
NF-UNSW-NB15-v2,multiclass,sage_edge,11,val,Generic,1663.0,0.936951316839585,0.7059530968129886,0.00033263017839924887,0.29404690318701143,332.63017839924885,1174.0,79.0,489.0,237422.0
NF-UNSW-NB15-v2,multiclass,sage_edge,11,val,Reconnaissance,1283.0,0.8420542635658915,0.6773187840997662,0.0006852165578587613,0.32268121590023385,685.2165578587613,869.0,163.0,414.0,237718.0
NF-UNSW-NB15-v2,multiclass,sage_edge,11,val,Shellcode,148.0,0.2088888888888889,0.9527027027027027,0.002234160056230545,0.0472972972972973,2234.1600562305453,141.0,534.0,7.0,238482.0
NF-UNSW-NB15-v2,multiclass,sage_edge,11,val,Worms,15.0,0.022099447513812154,0.5333333333333333,0.001480248715236108,0.4666666666666667,1480.248715236108,8.0,354.0,7.0,238795.0
NF-UNSW-NB15-v2,multiclass,sage_edge,11,test,Analysis,448.0,0.06759656652360516,0.140625,0.001819670449096342,0.859375,1819.670449096342,63.0,869.0,385.0,476690.0
NF-UNSW-NB15-v2,multiclass,sage_edge,11,test,Backdoor,432.0,0.12758161225849435,0.8865740740740741,0.005483955399675443,0.11342592592592593,5483.955399675444,383.0,2619.0,49.0,474956.0
NF-UNSW-NB15-v2,multiclass,sage_edge,11,test,Benign,459170.0,1.0,0.9917938889735828,0.0,0.008206111026417232,0.0,455402.0,0.0,3768.0,18837.0
NF-UNSW-NB15-v2,multiclass,sage_edge,11,test,DoS,1143.0,0.13378839590443686,0.1714785651793526,0.002661136089115555,0.8285214348206474,2661.136089115555,196.0,1269.0,947.0,475595.0
NF-UNSW-NB15-v2,multiclass,sage_edge,11,test,Exploits,6251.0,0.7559740785743216,0.5971844504879219,0.002554286537956062,0.40281554951207804,2554.286537956062,3733.0,1205.0,2518.0,470551.0
NF-UNSW-NB15-v2,multiclass,sage_edge,11,test,Fuzzers,4409.0,0.6733380986418871,0.8546155590836925,0.0038598135971857988,0.14538444091630756,3859.813597185799,3768.0,1828.0,641.0,471770.0
NF-UNSW-NB15-v2,multiclass,sage_edge,11,test,Generic,3264.0,0.935871743486974,0.7153799019607843,0.0003370244532304847,0.2846200980392157,337.0244532304847,2335.0,160.0,929.0,474583.0
NF-UNSW-NB15-v2,multiclass,sage_edge,11,test,Reconnaissance,2557.0,0.840761374187558,0.7082518576456786,0.0007214218109159743,0.29174814235432145,721.4218109159743,1811.0,343.0,746.0,475107.0
NF-UNSW-NB15-v2,multiclass,sage_edge,11,test,Shellcode,296.0,0.2231012658227848,0.9527027027027027,0.002055636148215134,0.0472972972972973,2055.636148215134,282.0,982.0,14.0,476729.0
NF-UNSW-NB15-v2,multiclass,sage_edge,11,test,Worms,37.0,0.03557312252964427,0.7297297297297297,0.0015314768709333221,0.2702702702702703,1531.4768709333223,27.0,732.0,10.0,477238.0
NF-UNSW-NB15-v2,multiclass,sage_edge,22,val,Analysis,238.0,0.1294191919191919,0.8613445378151261,0.005771661518629199,0.13865546218487396,5771.661518629199,205.0,1379.0,33.0,237547.0
NF-UNSW-NB15-v2,multiclass,sage_edge,22,val,Backdoor,223.0,0.11560693641618497,0.17937219730941703,0.001280650871972579,0.820627802690583,1280.650871972579,40.0,306.0,183.0,238635.0
NF-UNSW-NB15-v2,multiclass,sage_edge,22,val,Benign,229538.0,1.0,0.9922147966785456,0.0,0.0077852033214544,0.0,227751.0,0.0,1787.0,9626.0
NF-UNSW-NB15-v2,multiclass,sage_edge,22,val,DoS,593.0,0.14603174603174604,0.1551433389544688,0.0022550938714261163,0.8448566610455311,2255.0938714261165,92.0,538.0,501.0,238033.0
NF-UNSW-NB15-v2,multiclass,sage_edge,22,val,Exploits,3152.0,0.7861178369652946,0.618020304568528,0.002245648526346118,0.3819796954314721,2245.648526346118,1948.0,530.0,1204.0,235482.0
NF-UNSW-NB15-v2,multiclass,sage_edge,22,val,Fuzzers,2311.0,0.6966374269005848,0.8247511899610558,0.0035042832474150632,0.17524881003894419,3504.283247415063,1906.0,830.0,405.0,236023.0
NF-UNSW-NB15-v2,multiclass,sage_edge,22,val,Generic,1663.0,0.9535864978902954,0.6794948887552615,0.00023157797230327452,0.3205051112447384,231.57797230327452,1130.0,55.0,533.0,237446.0
NF-UNSW-NB15-v2,multiclass,sage_edge,22,val,Reconnaissance,1283.0,0.8159111933395005,0.6874512860483243,0.0008365527301465859,0.31254871395167577,836.5527301465859,882.0,199.0,401.0,237682.0
NF-UNSW-NB15-v2,multiclass,sage_edge,22,val,Shellcode,148.0,0.19669876203576342,0.9662162162162162,0.0024433510727315325,0.033783783783783786,2443.3510727315324,143.0,584.0,5.0,238432.0
NF-UNSW-NB15-v2,multiclass,sage_edge,22,val,Worms,15.0,0.017027863777089782,0.7333333333333333,0.0026552484016240923,0.26666666666666666,2655.248401624092,11.0,635.0,4.0,238514.0
NF-UNSW-NB15-v2,multiclass,sage_edge,22,test,Analysis,448.0,0.12173913043478261,0.90625,0.006133273585043942,0.09375,6133.273585043942,406.0,2929.0,42.0,474630.0
NF-UNSW-NB15-v2,multiclass,sage_edge,22,test,Backdoor,432.0,0.10663983903420524,0.12268518518518519,0.0009296969062450924,0.8773148148148148,929.6969062450924,53.0,444.0,379.0,477131.0
NF-UNSW-NB15-v2,multiclass,sage_edge,22,test,Benign,459170.0,0.9999934122834563,0.9917677548620337,0.00015926102882624622,0.00823224513796633,159.26102882624622,455390.0,3.0,3780.0,18834.0
NF-UNSW-NB15-v2,multiclass,sage_edge,22,test,DoS,1143.0,0.12874779541446207,0.12773403324584426,0.0020718695477117167,0.8722659667541557,2071.8695477117167,146.0,988.0,997.0,475876.0
NF-UNSW-NB15-v2,multiclass,sage_edge,22,test,Exploits,6251.0,0.7982474887796538,0.5975043992961127,0.0020010344330543754,0.4024956007038874,2001.0344330543755,3735.0,944.0,2516.0,470812.0
NF-UNSW-NB15-v2,multiclass,sage_edge,22,test,Fuzzers,4409.0,0.6563892354304046,0.8353368110682694,0.004070963137513249,0.16466318893173054,4070.9631375132494,3683.0,1928.0,726.0,471670.0
NF-UNSW-NB15-v2,multiclass,sage_edge,22,test,Generic,3264.0,0.9463373083475298,0.6807598039215687,0.0002654067569190067,0.31924019607843135,265.4067569190067,2222.0,126.0,1042.0,474617.0
NF-UNSW-NB15-v2,multiclass,sage_edge,22,test,Reconnaissance,2557.0,0.8068875326939843,0.7238951896754009,0.0009317488694920602,0.27610481032459916,931.7488694920602,1851.0,443.0,706.0,475007.0
NF-UNSW-NB15-v2,multiclass,sage_edge,22,test,Shellcode,296.0,0.20408163265306123,0.9459459459459459,0.0022859008898685608,0.05405405405405406,2285.9008898685606,280.0,1092.0,16.0,476619.0
NF-UNSW-NB15-v2,multiclass,sage_edge,22,test,Worms,37.0,0.024553571428571428,0.8918918918918919,0.002742849969663368,0.10810810810810811,2742.849969663368,33.0,1311.0,4.0,476659.0
NF-UNSW-NB15-v2,multiclass,sage_edge,33,val,Analysis,238.0,0.12046908315565032,0.9495798319327731,0.006905903920042189,0.05042016806722689,6905.9039200421885,226.0,1650.0,12.0,237276.0
NF-UNSW-NB15-v2,multiclass,sage_edge,33,val,Backdoor,223.0,0.11711711711711711,0.05829596412556054,0.0004101430897167083,0.9417040358744395,410.1430897167083,13.0,98.0,210.0,238843.0
NF-UNSW-NB15-v2,multiclass,sage_edge,33,val,Benign,229538.0,1.0,0.9918662705085868,0.0,0.008133729491413187,0.0,227671.0,0.0,1867.0,9626.0
NF-UNSW-NB15-v2,multiclass,sage_edge,33,val,DoS,593.0,0.20261437908496732,0.15682967959527824,0.001534134492457172,0.8431703204047217,1534.134492457172,93.0,366.0,500.0,238205.0
NF-UNSW-NB15-v2,multiclass,sage_edge,33,val,Exploits,3152.0,0.7516849946789642,0.6722715736040609,0.0029659508838533635,0.3277284263959391,2965.9508838533634,2119.0,700.0,1033.0,235312.0
NF-UNSW-NB15-v2,multiclass,sage_edge,33,val,Fuzzers,2311.0,0.7334719334719335,0.7633059281696235,0.002706319953726573,0.23669407183037647,2706.319953726573,1764.0,641.0,547.0,236212.0
NF-UNSW-NB15-v2,multiclass,sage_edge,33,val,Generic,1663.0,0.9600333055786844,0.6933253156945279,0.00020210441219194867,0.306674684305472,202.10441219194865,1153.0,48.0,510.0,237453.0
NF-UNSW-NB15-v2,multiclass,sage_edge,33,val,Reconnaissance,1283.0,0.8172999191592563,0.7879968823070927,0.0009500548593624543,0.21200311769290725,950.0548593624543,1011.0,226.0,272.0,237655.0
NF-UNSW-NB15-v2,multiclass,sage_edge,33,val,Shellcode,148.0,0.1687715269804822,0.9932432432432432,0.003029085918934297,0.006756756756756757,3029.0859189342973,147.0,724.0,1.0,238292.0
NF-UNSW-NB15-v2,multiclass,sage_edge,33,val,Worms,15.0,0.023346303501945526,0.8,0.0020991097600240854,0.2,2099.1097600240855,12.0,502.0,3.0,238647.0
NF-UNSW-NB15-v2,multiclass,sage_edge,33,test,Analysis,448.0,0.11561318206374932,0.9553571428571429,0.006855697411209924,0.044642857142857144,6855.697411209924,428.0,3274.0,20.0,474285.0
NF-UNSW-NB15-v2,multiclass,sage_edge,33,test,Backdoor,432.0,0.12653061224489795,0.07175925925925926,0.0004480971575145265,0.9282407407407407,448.0971575145265,31.0,214.0,401.0,477361.0
NF-UNSW-NB15-v2,multiclass,sage_edge,33,test,Benign,459170.0,0.9999978034770958,0.9914933466907682,5.308700960874874e-05,0.008506653309231876,53.08700960874874,455264.0,1.0,3906.0,18836.0
NF-UNSW-NB15-v2,multiclass,sage_edge,33,test,DoS,1143.0,0.19533169533169534,0.13910761154855644,0.0013735572406388405,0.8608923884514436,1373.5572406388403,159.0,655.0,984.0,476209.0
NF-UNSW-NB15-v2,multiclass,sage_edge,33,test,Exploits,6251.0,0.7735378715244488,0.6453367461206208,0.0025034127811834933,0.3546632538793793,2503.4127811834933,4034.0,1181.0,2217.0,470575.0
NF-UNSW-NB15-v2,multiclass,sage_edge,33,test,Fuzzers,4409.0,0.7040673211781207,0.7970061238376049,0.003118678710636447,0.2029938761623951,3118.678710636447,3514.0,1477.0,895.0,472121.0
NF-UNSW-NB15-v2,multiclass,sage_edge,33,test,Generic,3264.0,0.9493775933609958,0.7009803921568627,0.00025698114558824457,0.29901960784313725,256.9811455882446,2288.0,122.0,976.0,474621.0
NF-UNSW-NB15-v2,multiclass,sage_edge,33,test,Reconnaissance,2557.0,0.809897879025923,0.8064137661321862,0.0010179829635082553,0.19358623386781385,1017.9829635082554,2062.0,484.0,495.0,474966.0
NF-UNSW-NB15-v2,multiclass,sage_edge,33,test,Shellcode,296.0,0.1761501210653753,0.9831081081081081,0.002849002849002849,0.016891891891891893,2849.002849002849,291.0,1361.0,5.0,476350.0
NF-UNSW-NB15-v2,multiclass,sage_edge,33,test,Worms,37.0,0.02913453299057412,0.918918918918919,0.0023704416595183796,0.08108108108108109,2370.4416595183798,34.0,1133.0,3.0,476837.0
NF-UNSW-NB15-v2,multiclass,sage_edge,44,val,Analysis,238.0,0.11993769470404984,0.9705882352941176,0.007094246754225157,0.029411764705882353,7094.246754225158,231.0,1695.0,7.0,237231.0
NF-UNSW-NB15-v2,multiclass,sage_edge,44,val,Backdoor,223.0,0.06598984771573604,0.11659192825112108,0.001540129153221925,0.8834080717488789,1540.129153221925,26.0,368.0,197.0,238573.0
NF-UNSW-NB15-v2,multiclass,sage_edge,44,val,Benign,229538.0,0.9999912230272656,0.9927201596249858,0.00020777062123415748,0.007279840375014159,207.7706212341575,227867.0,2.0,1671.0,9624.0
NF-UNSW-NB15-v2,multiclass,sage_edge,44,val,DoS,593.0,0.12921348314606743,0.1163575042158516,0.0019491052977939482,0.8836424957841484,1949.1052977939482,69.0,465.0,524.0,238106.0
NF-UNSW-NB15-v2,multiclass,sage_edge,44,val,Exploits,3152.0,0.7977751291219706,0.6370558375634517,0.002156669999830517,0.3629441624365482,2156.669999830517,2008.0,509.0,1144.0,235503.0
NF-UNSW-NB15-v2,multiclass,sage_edge,44,val,Fuzzers,2311.0,0.7213307240704501,0.7974902639549979,0.0030060839423608735,0.20250973604500216,3006.0839423608736,1843.0,712.0,468.0,236141.0
NF-UNSW-NB15-v2,multiclass,sage_edge,44,val,Generic,1663.0,0.971063829787234,0.6861094407696934,0.00014315729196929698,0.3138905592303067,143.15729196929698,1141.0,34.0,522.0,237467.0
NF-UNSW-NB15-v2,multiclass,sage_edge,44,val,Reconnaissance,1283.0,0.8305921052631579,0.7872174590802806,0.0008659792080914407,0.2127825409197194,865.9792080914407,1010.0,206.0,273.0,237675.0
NF-UNSW-NB15-v2,multiclass,sage_edge,44,val,Shellcode,148.0,0.22345483359746435,0.9527027027027027,0.0020500719617096764,0.0472972972972973,2050.0719617096765,141.0,490.0,7.0,238526.0
NF-UNSW-NB15-v2,multiclass,sage_edge,44,val,Worms,15.0,0.02881844380403458,0.6666666666666666,0.0014091633249564079,0.3333333333333333,1409.163324956408,10.0,337.0,5.0,238812.0
NF-UNSW-NB15-v2,multiclass,sage_edge,44,test,Analysis,448.0,0.11837837837837838,0.9776785714285714,0.006830569625951977,0.022321428571428572,6830.569625951976,438.0,3262.0,10.0,474297.0
NF-UNSW-NB15-v2,multiclass,sage_edge,44,test,Backdoor,432.0,0.057722308892355696,0.08564814814814815,0.001264722818405486,0.9143518518518519,1264.7228184054861,37.0,604.0,395.0,476971.0
NF-UNSW-NB15-v2,multiclass,sage_edge,44,test,Benign,459170.0,0.9999890278451347,0.9924298190212775,0.0002654350480437437,0.007570180978722477,265.4350480437437,455694.0,5.0,3476.0,18832.0
NF-UNSW-NB15-v2,multiclass,sage_edge,44,test,DoS,1143.0,0.12121212121212122,0.11198600174978128,0.0019460475104012885,0.8880139982502188,1946.0475104012885,128.0,928.0,1015.0,475936.0
NF-UNSW-NB15-v2,multiclass,sage_edge,44,test,Exploits,6251.0,0.8121501140369065,0.6266197408414653,0.0019204843181644749,0.3733802591585346,1920.4843181644749,3917.0,906.0,2334.0,470850.0
NF-UNSW-NB15-v2,multiclass,sage_edge,44,test,Fuzzers,4409.0,0.6865867366054702,0.8312542526650034,0.0035325318096782504,0.1687457473349966,3532.5318096782503,3665.0,1673.0,744.0,471925.0
NF-UNSW-NB15-v2,multiclass,sage_edge,44,test,Generic,3264.0,0.9604810996563574,0.6850490196078431,0.00019378906060752872,0.31495098039215685,193.7890606075287,2236.0,92.0,1028.0,474651.0
NF-UNSW-NB15-v2,multiclass,sage_edge,44,test,Reconnaissance,2557.0,0.8221503637833468,0.7954634337113805,0.0009254390577347776,0.20453656628861946,925.4390577347776,2034.0,440.0,523.0,475010.0
NF-UNSW-NB15-v2,multiclass,sage_edge,44,test,Shellcode,296.0,0.24175824175824176,0.9662162162162162,0.001877704302392032,0.033783783783783786,1877.704302392032,286.0,897.0,10.0,476814.0
NF-UNSW-NB15-v2,multiclass,sage_edge,44,test,Worms,37.0,0.036601307189542485,0.7567567567567568,0.0015419377785216646,0.24324324324324326,1541.9377785216645,28.0,737.0,9.0,477233.0
NF-UNSW-NB15-v2,multiclass,sage_edge,55,val,Analysis,238.0,0.10499139414802065,0.5126050420168067,0.004352812167784168,0.48739495798319327,4352.812167784167,122.0,1040.0,116.0,237886.0
NF-UNSW-NB15-v2,multiclass,sage_edge,55,val,Backdoor,223.0,0.1161524500907441,0.5739910313901345,0.004076320095755856,0.4260089686098655,4076.320095755856,128.0,974.0,95.0,237967.0
NF-UNSW-NB15-v2,multiclass,sage_edge,55,val,Benign,229538.0,0.9999736286919831,0.9911822879000427,0.0006233118637024725,0.008817712099957305,623.3118637024725,227514.0,6.0,2024.0,9620.0
NF-UNSW-NB15-v2,multiclass,sage_edge,55,val,DoS,593.0,0.14428857715430862,0.12141652613827993,0.0017898235745333673,0.8785834738617201,1789.8235745333675,72.0,427.0,521.0,238144.0
NF-UNSW-NB15-v2,multiclass,sage_edge,55,val,Exploits,3152.0,0.7069852941176471,0.6100888324873096,0.0033769469349016154,0.38991116751269034,3376.9469349016154,1923.0,797.0,1229.0,235215.0
NF-UNSW-NB15-v2,multiclass,sage_edge,55,val,Fuzzers,2311.0,0.7211093990755008,0.8100389441800087,0.0030567482784680795,0.18996105581999134,3056.748278468079,1872.0,724.0,439.0,236129.0
NF-UNSW-NB15-v2,multiclass,sage_edge,55,val,Generic,1663.0,0.9639794168096055,0.6758869512928443,0.0001768413606679551,0.32411304870715574,176.8413606679551,1124.0,42.0,539.0,237459.0
NF-UNSW-NB15-v2,multiclass,sage_edge,55,val,Reconnaissance,1283.0,0.7294493216280926,0.7123928293063133,0.0014250822890436816,0.2876071706936867,1425.0822890436816,914.0,339.0,369.0,237542.0
NF-UNSW-NB15-v2,multiclass,sage_edge,55,val,Shellcode,148.0,0.2788844621513944,0.9459459459459459,0.0015145429594671485,0.05405405405405406,1514.5429594671486,140.0,362.0,8.0,238654.0
NF-UNSW-NB15-v2,multiclass,sage_edge,55,val,Worms,15.0,0.020186335403726708,0.8666666666666667,0.002638522427440633,0.13333333333333333,2638.5224274406332,13.0,631.0,2.0,238518.0
NF-UNSW-NB15-v2,multiclass,sage_edge,55,test,Analysis,448.0,0.10889882161722877,0.5982142857142857,0.004592102755889848,0.4017857142857143,4592.102755889849,268.0,2193.0,180.0,475366.0
NF-UNSW-NB15-v2,multiclass,sage_edge,55,test,Backdoor,432.0,0.12258454106280194,0.4699074074074074,0.003042454064806575,0.5300925925925926,3042.454064806575,203.0,1453.0,229.0,476122.0
NF-UNSW-NB15-v2,multiclass,sage_edge,55,test,Benign,459170.0,0.999984629268946,0.9917982446588409,0.0003716090672612412,0.008201755341159047,371.6090672612412,455404.0,7.0,3766.0,18830.0
NF-UNSW-NB15-v2,multiclass,sage_edge,55,test,DoS,1143.0,0.13773035887487875,0.1242344706911636,0.0018642631861495102,0.8757655293088364,1864.2631861495101,142.0,889.0,1001.0,475975.0
NF-UNSW-NB15-v2,multiclass,sage_edge,55,test,Exploits,6251.0,0.7571693831235816,0.5871060630299152,0.0024949338217213984,0.4128939369700848,2494.9338217213985,3670.0,1177.0,2581.0,470579.0
NF-UNSW-NB15-v2,multiclass,sage_edge,55,test,Fuzzers,4409.0,0.683090705487122,0.8301202086640962,0.003585319194760113,0.16987979133590383,3585.319194760113,3660.0,1698.0,749.0,471900.0
NF-UNSW-NB15-v2,multiclass,sage_edge,55,test,Generic,3264.0,0.9535283993115319,0.678921568627451,0.00022749150593057718,0.32107843137254904,227.49150593057718,2216.0,108.0,1048.0,474635.0
NF-UNSW-NB15-v2,multiclass,sage_edge,55,test,Reconnaissance,2557.0,0.7256772224341854,0.7438404380132968,0.001512251551162057,0.25615956198670314,1512.251551162057,1902.0,719.0,655.0,474731.0
NF-UNSW-NB15-v2,multiclass,sage_edge,55,test,Shellcode,296.0,0.28884254431699685,0.9358108108108109,0.001427641398251244,0.06418918918918919,1427.641398251244,277.0,682.0,19.0,477029.0
NF-UNSW-NB15-v2,multiclass,sage_edge,55,test,Worms,37.0,0.02389843166542196,0.8648648648648649,0.002734481243592694,0.13513513513513514,2734.481243592694,32.0,1307.0,5.0,476663.0
