dataset,task,model,seed,split,class,precision,recall,f1,support
NF-BoT-IoT-v2,binary,edge_mlp,11,val,Benign,0.7019300991131977,0.9988864969193082,0.8244845439784321,13471.0
NF-BoT-IoT-v2,binary,edge_mlp,11,val,Attack,0.9999960081497614,0.9984816739319039,0.9992382673020954,3763355.0
NF-BoT-IoT-v2,binary,edge_mlp,11,test,Benign,0.7043166960672408,0.998418710697606,0.8259685736450617,27193.0
NF-BoT-IoT-v2,binary,edge_mlp,11,test,Attack,0.999994274163695,0.9984845453004351,0.9992388394780253,7521175.0
NF-BoT-IoT-v2,binary,edge_mlp,22,val,Benign,0.7086323343182778,0.9969564249127756,0.828424266724239,13471.0
NF-BoT-IoT-v2,binary,edge_mlp,22,val,Attack,0.9999890895756484,0.9985326922387072,0.9992603602416573,3763355.0
NF-BoT-IoT-v2,binary,edge_mlp,22,test,Benign,0.7110603554645454,0.9960283896591035,0.8297592059310092,27193.0
NF-BoT-IoT-v2,binary,edge_mlp,22,test,Attack,0.9999856197048391,0.9985366648163352,0.9992606170049307,7521175.0
NF-BoT-IoT-v2,binary,edge_mlp,33,val,Benign,0.6856371325215265,0.9989607304580209,0.8131609160674361,13471.0
NF-BoT-IoT-v2,binary,edge_mlp,33,val,Attack,0.9999962738199387,0.9983605054532458,0.9991777201519995,3763355.0
NF-BoT-IoT-v2,binary,edge_mlp,33,test,Benign,0.6883870640713706,0.9988232265656602,0.8150459871866045,27193.0
NF-BoT-IoT-v2,binary,edge_mlp,33,test,Attack,0.9999957383972539,0.998365282020429,0.999179845066765,7521175.0
NF-BoT-IoT-v2,binary,edge_mlp,44,val,Benign,0.5497651623442924,0.9992576646128721,0.7092949731267784,13471.0
NF-BoT-IoT-v2,binary,edge_mlp,44,val,Attack,0.9999973349970058,0.9970706988843732,0.9985318724972377,3763355.0
NF-BoT-IoT-v2,binary,edge_mlp,44,test,Benign,0.5519070164387458,0.9988232265656602,0.7109651074522944,27193.0
NF-BoT-IoT-v2,binary,edge_mlp,44,test,Attack,0.999995732852568,0.9970680113147214,0.9985297260446342,7521175.0
NF-BoT-IoT-v2,binary,edge_mlp,55,val,Benign,0.7014489732096321,0.9990349639967337,0.8242030805034143,13471.0
NF-BoT-IoT-v2,binary,edge_mlp,55,val,Attack,0.9999965403817289,0.9984779538470328,0.9992366701480323,3763355.0
NF-BoT-IoT-v2,binary,edge_mlp,55,test,Benign,0.7040705211304122,0.9986393557165447,0.8258747319921537,27193.0
NF-BoT-IoT-v2,binary,edge_mlp,55,test,Attack,0.9999950731031647,0.9984824179732555,0.9992381730710314,7521175.0
NF-BoT-IoT-v2,binary,sage,11,val,Benign,0.12942321089677372,0.7998663796303169,0.22279658826570173,13471.0
NF-BoT-IoT-v2,binary,sage,11,val,Attack,0.9992700832689874,0.9807408549020754,0.9899187694877528,3763355.0
NF-BoT-IoT-v2,binary,sage,11,test,Benign,0.4828419423896225,0.837715588570588,0.6125961383316302,27193.0
NF-BoT-IoT-v2,binary,sage,11,test,Attack,0.9994116932662275,0.9967559590090644,0.998082059521391,7521175.0
NF-BoT-IoT-v2,binary,sage,22,val,Benign,0.32680711396076634,0.6356617919976245,0.4316789756257404,13471.0
NF-BoT-IoT-v2,binary,sage,22,val,Attack,0.9986914177480867,0.9953129587827882,0.9969993261892268,3763355.0
NF-BoT-IoT-v2,binary,sage,22,test,Benign,0.5629624531094056,0.6015518699665355,0.5816177777777778,27193.0
NF-BoT-IoT-v2,binary,sage,22,test,Attack,0.9985590435081086,0.9983115670091441,0.9984352899234772,7521175.0
NF-BoT-IoT-v2,binary,sage,33,val,Benign,0.19457421786899506,0.896592680573083,0.3197564365609901,13471.0
NF-BoT-IoT-v2,binary,sage,33,val,Attack,0.9996250086143031,0.9867150454846806,0.9931280737224006,3763355.0
NF-BoT-IoT-v2,binary,sage,33,test,Benign,0.48626948115999213,0.9064465119699923,0.6329751036811627,27193.0
NF-BoT-IoT-v2,binary,sage,33,test,Attack,0.9996606949511568,0.9965376420572584,0.9980967254956155,7521175.0
NF-BoT-IoT-v2,binary,sage,44,val,Benign,0.20420232891305146,0.825328483408804,0.3273996201245638,13471.0
NF-BoT-IoT-v2,binary,sage,44,val,Attack,0.9993678775407132,0.9884868687647059,0.9938975932223089,3763355.0
NF-BoT-IoT-v2,binary,sage,44,test,Benign,0.5309993067247697,0.7886588460265509,0.6346754265252068,27193.0
NF-BoT-IoT-v2,binary,sage,44,test,Attack,0.9992345477745013,0.9974815105352555,0.9983572596064116,7521175.0
NF-BoT-IoT-v2,binary,sage,55,val,Benign,0.35538065687906767,0.6972013955905279,0.47078874157247047,13471.0
NF-BoT-IoT-v2,binary,sage,55,val,Attack,0.9989123820991799,0.9954731881525926,0.9971898197877944,3763355.0
NF-BoT-IoT-v2,binary,sage,55,test,Benign,0.5665909630182028,0.614680248593388,0.5896567538011077,27193.0
NF-BoT-IoT-v2,binary,sage,55,test,Attack,0.9986064389754467,0.9982999996676051,0.9984531958088947,7521175.0
NF-BoT-IoT-v2,binary,sage_edge,11,val,Benign,0.6876955429040366,0.9953232870610942,0.8133948070856588,13471.0
NF-BoT-IoT-v2,binary,sage_edge,11,val,Attack,0.9999832327698746,0.9983820288014286,0.9991819892977819,3763355.0
NF-BoT-IoT-v2,binary,sage_edge,11,test,Benign,0.7105111099437936,0.9948148420549406,0.8289641013069392,27193.0
NF-BoT-IoT-v2,binary,sage_edge,11,test,Attack,0.9999812257682589,0.9985345374891557,0.9992573580133784,7521175.0
NF-BoT-IoT-v2,binary,sage_edge,22,val,Benign,0.5777653487071376,0.9968821913740628,0.7315465490003813,13471.0
NF-BoT-IoT-v2,binary,sage_edge,22,val,Attack,0.9999888106910118,0.9973922205053736,0.9986888278179227,3763355.0
NF-BoT-IoT-v2,binary,sage_edge,22,test,Benign,0.6146974128744076,0.9969477439046813,0.7604914721723519,27193.0
NF-BoT-IoT-v2,binary,sage_edge,22,test,Attack,0.9999889396230011,0.99774064557732,0.9988635274574322,7521175.0
NF-BoT-IoT-v2,binary,sage_edge,33,val,Benign,0.556632293866733,0.9977729938386163,0.7146047105109257,13471.0
NF-BoT-IoT-v2,binary,sage_edge,33,val,Attack,0.99999200571112,0.9971551979550162,0.9985715870896805,3763355.0
NF-BoT-IoT-v2,binary,sage_edge,33,test,Benign,0.5654004042593094,0.9977935498106131,0.7217951105317763,27193.0
NF-BoT-IoT-v2,binary,sage_edge,33,test,Attack,0.9999920004042462,0.9972270290213963,0.9986076007848456,7521175.0
NF-BoT-IoT-v2,binary,sage_edge,44,val,Benign,0.5277123567279007,0.9979956944547547,0.6903740981333607,13471.0
NF-BoT-IoT-v2,binary,sage_edge,44,val,Attack,0.9999928025910673,0.9968028527736554,0.9983952796550231,3763355.0
NF-BoT-IoT-v2,binary,sage_edge,44,test,Benign,0.5451514421145658,0.9981245173390211,0.7051610137566412,27193.0
NF-BoT-IoT-v2,binary,sage_edge,44,test,Attack,0.9999931987122895,0.996989034293179,0.9984888568422055,7521175.0
NF-BoT-IoT-v2,binary,sage_edge,55,val,Benign,0.6535502094087854,0.9962140895256477,0.7892956918100279,13471.0
NF-BoT-IoT-v2,binary,sage_edge,55,val,Attack,0.9999864227807636,0.998109665444796,0.9990471627192075,3763355.0
NF-BoT-IoT-v2,binary,sage_edge,55,test,Benign,0.6785061242892568,0.9961387121685727,0.8071994755348948,27193.0
NF-BoT-IoT-v2,binary,sage_edge,55,test,Attack,0.9999860157462697,0.9982934847281176,0.9991390334552703,7521175.0
NF-BoT-IoT-v2,multiclass,edge_mlp,11,val,Benign,0.8403403718878033,0.9896815381189221,0.9089173711480775,13471.0
NF-BoT-IoT-v2,multiclass,edge_mlp,11,val,DDoS,0.9942555529200712,0.9942116414925416,0.9942335967214572,1834026.0
NF-BoT-IoT-v2,multiclass,edge_mlp,11,val,DoS,0.986629399846226,0.9789833484975982,0.9827915029564921,1667297.0
NF-BoT-IoT-v2,multiclass,edge_mlp,11,val,Reconnaissance,0.9095788238939424,0.9419946594134523,0.925502986673973,261769.0
NF-BoT-IoT-v2,multiclass,edge_mlp,11,val,Theft,0.16472114137483787,0.9657794676806084,0.2814404432132964,263.0
NF-BoT-IoT-v2,multiclass,edge_mlp,11,test,Benign,0.8409780195728981,0.9891148457323576,0.9090509666080844,27193.0
NF-BoT-IoT-v2,multiclass,edge_mlp,11,test,DDoS,0.9942170834287374,0.9942474732740032,0.9942322781191452,3664129.0
NF-BoT-IoT-v2,multiclass,edge_mlp,11,test,DoS,0.9867763356647924,0.978831834770302,0.9827880303660738,3333638.0
NF-BoT-IoT-v2,multiclass,edge_mlp,11,test,Reconnaissance,0.9090318939793521,0.9425924792705688,0.9255080447856758,522928.0
NF-BoT-IoT-v2,multiclass,edge_mlp,11,test,Theft,0.15300546448087432,0.9916666666666667,0.2651072124756335,480.0
NF-BoT-IoT-v2,multiclass,edge_mlp,22,val,Benign,0.8555391622297774,0.9900527058124861,0.9178940123881624,13471.0
NF-BoT-IoT-v2,multiclass,edge_mlp,22,val,DDoS,0.9942551924641386,0.9942432659078988,0.9942492291502523,1834026.0
NF-BoT-IoT-v2,multiclass,edge_mlp,22,val,DoS,0.9866361215799224,0.978995343960914,0.9828008822036547,1667297.0
NF-BoT-IoT-v2,multiclass,edge_mlp,22,val,Reconnaissance,0.9097092425264601,0.9426822885826817,0.9259023012010671,261769.0
NF-BoT-IoT-v2,multiclass,edge_mlp,22,val,Theft,0.16216216216216217,0.9809885931558935,0.2783171521035599,263.0
NF-BoT-IoT-v2,multiclass,edge_mlp,22,test,Benign,0.858428256915861,0.9893722649211194,0.9192606006765299,27193.0
NF-BoT-IoT-v2,multiclass,edge_mlp,22,test,DDoS,0.9942178312282415,0.9942829523742205,0.9942503907349092,3664129.0
NF-BoT-IoT-v2,multiclass,edge_mlp,22,test,DoS,0.9867809557218112,0.9788426337832722,0.9827957649909087,3333638.0
NF-BoT-IoT-v2,multiclass,edge_mlp,22,test,Reconnaissance,0.9092247753426071,0.9434358076064009,0.9260144228422985,522928.0
NF-BoT-IoT-v2,multiclass,edge_mlp,22,test,Theft,0.14842300556586271,1.0,0.25848142164781907,480.0
NF-BoT-IoT-v2,multiclass,edge_mlp,33,val,Benign,0.8393104316094123,0.9902754064286244,0.9085646177422101,13471.0
NF-BoT-IoT-v2,multiclass,edge_mlp,33,val,DDoS,0.9942561639637812,0.9942236369604357,0.9942399001960746,1834026.0
NF-BoT-IoT-v2,multiclass,edge_mlp,33,val,DoS,0.9866046346405489,0.9794901568226897,0.9830345235662383,1667297.0
NF-BoT-IoT-v2,multiclass,edge_mlp,33,val,Reconnaissance,0.91234586187743,0.9412077060308899,0.9265520788087677,261769.0
NF-BoT-IoT-v2,multiclass,edge_mlp,33,val,Theft,0.15468940316686966,0.9657794676806084,0.26666666666666666,263.0
NF-BoT-IoT-v2,multiclass,edge_mlp,33,test,Benign,0.8409076701881603,0.9893722649211194,0.9091185564397587,27193.0
NF-BoT-IoT-v2,multiclass,edge_mlp,33,test,DDoS,0.994217722348061,0.9942641211594897,0.9942409212124454,3664129.0
NF-BoT-IoT-v2,multiclass,edge_mlp,33,test,DoS,0.9867600810625787,0.9793354887363295,0.9830337661070674,3333638.0
NF-BoT-IoT-v2,multiclass,edge_mlp,33,test,Reconnaissance,0.9117893711829358,0.9418581525563748,0.9265798828145209,522928.0
NF-BoT-IoT-v2,multiclass,edge_mlp,33,test,Theft,0.14285714285714285,0.9958333333333333,0.24986931521170935,480.0
NF-BoT-IoT-v2,multiclass,edge_mlp,44,val,Benign,0.8365076371864982,0.9878999331898152,0.905922396187883,13471.0
NF-BoT-IoT-v2,multiclass,edge_mlp,44,val,DDoS,0.9942556876053714,0.9942350871797891,0.9942453872858719,1834026.0
NF-BoT-IoT-v2,multiclass,edge_mlp,44,val,DoS,0.9865904377841886,0.9790127373827219,0.9827869809873477,1667297.0
NF-BoT-IoT-v2,multiclass,edge_mlp,44,val,Reconnaissance,0.9096648966201829,0.9417119674216581,0.9254110668969142,261769.0
NF-BoT-IoT-v2,multiclass,edge_mlp,44,val,Theft,0.17553559087767795,0.9657794676806084,0.2970760233918129,263.0
NF-BoT-IoT-v2,multiclass,edge_mlp,44,test,Benign,0.8385625,0.9867980730335013,0.906661260622033,27193.0
NF-BoT-IoT-v2,multiclass,edge_mlp,44,test,DDoS,0.9942161638489773,0.9942761294703325,0.9942461457554835,3664129.0
NF-BoT-IoT-v2,multiclass,edge_mlp,44,test,DoS,0.9867358324538936,0.9788600321930575,0.9827821538435592,3333638.0
NF-BoT-IoT-v2,multiclass,edge_mlp,44,test,Reconnaissance,0.9090997972657626,0.9424108099011719,0.9254556500037089,522928.0
NF-BoT-IoT-v2,multiclass,edge_mlp,44,test,Theft,0.1645394963780614,0.99375,0.2823320509026339,480.0
NF-BoT-IoT-v2,multiclass,edge_mlp,55,val,Benign,0.8473272738829213,0.9896073045802093,0.912957129160389,13471.0
NF-BoT-IoT-v2,multiclass,edge_mlp,55,val,DDoS,0.9942542836610758,0.9942737998261748,0.9942640416478558,1834026.0
NF-BoT-IoT-v2,multiclass,edge_mlp,55,val,DoS,0.9866063256565891,0.9794829595447002,0.983031738216,1667297.0
NF-BoT-IoT-v2,multiclass,edge_mlp,55,val,Reconnaissance,0.9123551795163837,0.9425103812903743,0.9271876585430016,261769.0
NF-BoT-IoT-v2,multiclass,edge_mlp,55,val,Theft,0.18874907475943745,0.9695817490494296,0.3159851301115242,263.0
NF-BoT-IoT-v2,multiclass,edge_mlp,55,test,Benign,0.8487700129472321,0.9884161365057184,0.9132857628270472,27193.0
NF-BoT-IoT-v2,multiclass,edge_mlp,55,test,DDoS,0.9942158516664492,0.994315975229038,0.9942659109271081,3664129.0
NF-BoT-IoT-v2,multiclass,edge_mlp,55,test,DoS,0.9867548868217139,0.9793261895862718,0.9830265038024419,3333638.0
NF-BoT-IoT-v2,multiclass,edge_mlp,55,test,Reconnaissance,0.9117831933829538,0.9431298381421535,0.9271916483210727,522928.0
NF-BoT-IoT-v2,multiclass,edge_mlp,55,test,Theft,0.17198838896952104,0.9875,0.29295426452410384,480.0
NF-BoT-IoT-v2,multiclass,sage,11,val,Benign,0.08211294350223702,0.9373468933264049,0.15099822418339343,13471.0
NF-BoT-IoT-v2,multiclass,sage,11,val,DDoS,0.7271702696421399,0.4077341324495945,0.5224971169187697,1834026.0
NF-BoT-IoT-v2,multiclass,sage,11,val,DoS,0.5950619132096879,0.7819908510601291,0.6758389860116298,1667297.0
NF-BoT-IoT-v2,multiclass,sage,11,val,Reconnaissance,0.6080976307981333,0.9348203950811593,0.7368661950095079,261769.0
NF-BoT-IoT-v2,multiclass,sage,11,val,Theft,0.21031096563011456,0.9771863117870723,0.3461279461279461,263.0
NF-BoT-IoT-v2,multiclass,sage,11,test,Benign,0.29290912012487663,0.9384768138859265,0.44646996562251245,27193.0
NF-BoT-IoT-v2,multiclass,sage,11,test,DDoS,0.7261923415736864,0.4148655792413422,0.5280576926584112,3664129.0
NF-BoT-IoT-v2,multiclass,sage,11,test,DoS,0.58819701646487,0.8012492658171043,0.6783888425312209,3333638.0
NF-BoT-IoT-v2,multiclass,sage,11,test,Reconnaissance,0.603293405911005,0.9512074319982866,0.7383169663001401,522928.0
NF-BoT-IoT-v2,multiclass,sage,11,test,Theft,0.20409032807839794,0.9979166666666667,0.33887513264945174,480.0
NF-BoT-IoT-v2,multiclass,sage,22,val,Benign,0.30570033466834917,0.8272585554153367,0.4464296444667,13471.0
NF-BoT-IoT-v2,multiclass,sage,22,val,DDoS,0.7083972765775681,0.4485110898100681,0.549263958611277,1834026.0
NF-BoT-IoT-v2,multiclass,sage,22,val,DoS,0.5893017506928417,0.8052584512537359,0.6805589524520382,1667297.0
NF-BoT-IoT-v2,multiclass,sage,22,val,Reconnaissance,0.7182006379090609,0.8137479991901256,0.7629946826705925,261769.0
NF-BoT-IoT-v2,multiclass,sage,22,val,Theft,0.0607824871914299,0.9923954372623575,0.11454904542462147,263.0
NF-BoT-IoT-v2,multiclass,sage,22,test,Benign,0.8006823799742366,0.8457323575920274,0.8225910294012447,27193.0
NF-BoT-IoT-v2,multiclass,sage,22,test,DDoS,0.6935588425470259,0.4619389764934586,0.5545347755484356,3664129.0
NF-BoT-IoT-v2,multiclass,sage,22,test,DoS,0.5864286841489494,0.8081729329939243,0.6796719347441722,3333638.0
NF-BoT-IoT-v2,multiclass,sage,22,test,Reconnaissance,0.7872582982598947,0.7157524554049506,0.7498044290681007,522928.0
NF-BoT-IoT-v2,multiclass,sage,22,test,Theft,0.04991124569280568,0.9958333333333333,0.0950581684398926,480.0
NF-BoT-IoT-v2,multiclass,sage,33,val,Benign,0.10132699802292754,0.9245044911290922,0.18263675025663587,13471.0
NF-BoT-IoT-v2,multiclass,sage,33,val,DDoS,0.7166418752145414,0.4541909438579388,0.5560012401594052,1834026.0
NF-BoT-IoT-v2,multiclass,sage,33,val,DoS,0.6078787390816142,0.7562090017555361,0.6739791887392969,1667297.0
NF-BoT-IoT-v2,multiclass,sage,33,val,Reconnaissance,0.5834634208336631,0.929521830316042,0.7169164226070867,261769.0
NF-BoT-IoT-v2,multiclass,sage,33,val,Theft,0.5128865979381443,0.7566539923954373,0.6113671274961597,263.0
NF-BoT-IoT-v2,multiclass,sage,33,test,Benign,0.27504482049936596,0.9252381127496047,0.4240366060217917,27193.0
NF-BoT-IoT-v2,multiclass,sage,33,test,DDoS,0.7159724744037558,0.44876176575660953,0.5517156803123094,3664129.0
NF-BoT-IoT-v2,multiclass,sage,33,test,DoS,0.598072669899319,0.7754906201573176,0.6753234438294308,3333638.0
NF-BoT-IoT-v2,multiclass,sage,33,test,Reconnaissance,0.5874790786356583,0.9403914114371386,0.7231768445526477,522928.0
NF-BoT-IoT-v2,multiclass,sage,33,test,Theft,0.4727838258164852,0.6333333333333333,0.5414069456812111,480.0
NF-BoT-IoT-v2,multiclass,sage,44,val,Benign,0.1839225661073081,0.7997921460916042,0.29907009021512837,13471.0
NF-BoT-IoT-v2,multiclass,sage,44,val,DDoS,0.5893157423759425,0.7458051303525686,0.6583893833721575,1834026.0
NF-BoT-IoT-v2,multiclass,sage,44,val,DoS,0.6922073916971904,0.3836748941550306,0.49370196207362543,1667297.0
NF-BoT-IoT-v2,multiclass,sage,44,val,Reconnaissance,0.5285131304056717,0.9528859414216351,0.6799150092609376,261769.0
NF-BoT-IoT-v2,multiclass,sage,44,val,Theft,0.2357207615593835,0.9885931558935361,0.3806734992679356,263.0
NF-BoT-IoT-v2,multiclass,sage,44,test,Benign,0.5901527299492653,0.8255801125289597,0.6882913817947696,27193.0
NF-BoT-IoT-v2,multiclass,sage,44,test,DDoS,0.574765916475619,0.7686555249555898,0.6577191395493597,3664129.0
NF-BoT-IoT-v2,multiclass,sage,44,test,DoS,0.6661131520189659,0.3519695299849594,0.4605746412883414,3333638.0
NF-BoT-IoT-v2,multiclass,sage,44,test,Reconnaissance,0.5865157471014562,0.9495819692194719,0.7251423814947866,522928.0
NF-BoT-IoT-v2,multiclass,sage,44,test,Theft,0.23414634146341465,1.0,0.3794466403162055,480.0
NF-BoT-IoT-v2,multiclass,sage,55,val,Benign,0.03212112420117123,0.9369014920941281,0.062112748837323754,13471.0
NF-BoT-IoT-v2,multiclass,sage,55,val,DDoS,0.7421059053905646,0.348179905846482,0.47397913758748805,1834026.0
NF-BoT-IoT-v2,multiclass,sage,55,val,DoS,0.6031733785160308,0.7174060770216704,0.6553490521611995,1667297.0
NF-BoT-IoT-v2,multiclass,sage,55,val,Reconnaissance,0.4736803053967524,0.9755242217374861,0.6377106924835585,261769.0
NF-BoT-IoT-v2,multiclass,sage,55,val,Theft,0.20476190476190476,0.9809885931558935,0.3388049901510177,263.0
NF-BoT-IoT-v2,multiclass,sage,55,test,Benign,0.07533963256454349,0.9377045563196411,0.13947331716108705,27193.0
NF-BoT-IoT-v2,multiclass,sage,55,test,DDoS,0.7384147935287316,0.3693014083292373,0.4923600877623866,3664129.0
NF-BoT-IoT-v2,multiclass,sage,55,test,DoS,0.5918040290382053,0.7644561287098359,0.6671407611716862,3333638.0
NF-BoT-IoT-v2,multiclass,sage,55,test,Reconnaissance,0.4803330193700094,0.9820415047578251,0.6451246973251552,522928.0
NF-BoT-IoT-v2,multiclass,sage,55,test,Theft,0.23173681664247703,0.9979166666666667,0.37612877895563407,480.0
NF-BoT-IoT-v2,multiclass,sage_edge,11,val,Benign,0.753315649867374,0.9908692747383268,0.8559153574863738,13471.0
NF-BoT-IoT-v2,multiclass,sage_edge,11,val,DDoS,0.9942489410320174,0.9942874310396909,0.9942681856633488,1834026.0
NF-BoT-IoT-v2,multiclass,sage_edge,11,val,DoS,0.9907261349650713,0.9598241944896441,0.9750303799836044,1667297.0
NF-BoT-IoT-v2,multiclass,sage_edge,11,val,Reconnaissance,0.8200635911516344,0.9675515435364768,0.887723289001204,261769.0
NF-BoT-IoT-v2,multiclass,sage_edge,11,val,Theft,0.28620689655172415,0.9467680608365019,0.43954104148278905,263.0
NF-BoT-IoT-v2,multiclass,sage_edge,11,test,Benign,0.756998028724303,0.9885264590151878,0.8574071416040699,27193.0
NF-BoT-IoT-v2,multiclass,sage_edge,11,test,DDoS,0.9942156529664665,0.9943285293721918,0.9942720879657084,3664129.0
NF-BoT-IoT-v2,multiclass,sage_edge,11,test,DoS,0.9917033956973691,0.9578238548996622,0.974469240266372,3333638.0
NF-BoT-IoT-v2,multiclass,sage_edge,11,test,Reconnaissance,0.8123260380295821,0.9738893308447817,0.8858009794227302,522928.0
NF-BoT-IoT-v2,multiclass,sage_edge,11,test,Theft,0.28115408225905464,0.9541666666666667,0.4343290659080133,480.0
NF-BoT-IoT-v2,multiclass,sage_edge,22,val,Benign,0.7462353597322923,0.993244747977136,0.8522021591669056,13471.0
NF-BoT-IoT-v2,multiclass,sage_edge,22,val,DDoS,0.9942461678376431,0.994276526068878,0.9942613467215251,1834026.0
NF-BoT-IoT-v2,multiclass,sage_edge,22,val,DoS,0.9897240401094117,0.9646487698352483,0.977025542833816,1667297.0
NF-BoT-IoT-v2,multiclass,sage_edge,22,val,Reconnaissance,0.8422307901022005,0.9605109848759784,0.8974906300196324,261769.0
NF-BoT-IoT-v2,multiclass,sage_edge,22,val,Theft,0.21091205211726385,0.9847908745247148,0.3474178403755869,263.0
NF-BoT-IoT-v2,multiclass,sage_edge,22,test,Benign,0.7607453486081008,0.9938954878093627,0.8618303571428572,27193.0
NF-BoT-IoT-v2,multiclass,sage_edge,22,test,DDoS,0.994216159278705,0.994322252300615,0.9942692029595086,3664129.0
NF-BoT-IoT-v2,multiclass,sage_edge,22,test,DoS,0.9906409572958391,0.9632500589446125,0.9767535165233938,3333638.0
NF-BoT-IoT-v2,multiclass,sage_edge,22,test,Reconnaissance,0.8360602316168018,0.9665307652296301,0.8965738061006101,522928.0
NF-BoT-IoT-v2,multiclass,sage_edge,22,test,Theft,0.20567986230636834,0.9958333333333333,0.340941512125535,480.0
NF-BoT-IoT-v2,multiclass,sage_edge,33,val,Benign,0.7895638813379033,0.991834310741593,0.8792156088573027,13471.0
NF-BoT-IoT-v2,multiclass,sage_edge,33,val,DDoS,0.9942560289886522,0.9942945192707192,0.9942752737571777,1834026.0
NF-BoT-IoT-v2,multiclass,sage_edge,33,val,DoS,0.990546794572553,0.9608642011591216,0.9754797493296052,1667297.0
NF-BoT-IoT-v2,multiclass,sage_edge,33,val,Reconnaissance,0.8248171379070025,0.9675324427262204,0.8904929583654899,261769.0
NF-BoT-IoT-v2,multiclass,sage_edge,33,val,Theft,0.18368794326241134,0.9847908745247148,0.30962343096234307,263.0
NF-BoT-IoT-v2,multiclass,sage_edge,33,test,Benign,0.796281516951908,0.9906593608649285,0.8828985317252228,27193.0
NF-BoT-IoT-v2,multiclass,sage_edge,33,test,DDoS,0.9942180947328666,0.9943285293721918,0.9942733089860158,3664129.0
NF-BoT-IoT-v2,multiclass,sage_edge,33,test,DoS,0.9914918151404317,0.958974549726155,0.9749621260928538,3333638.0
NF-BoT-IoT-v2,multiclass,sage_edge,33,test,Reconnaissance,0.8174692480685235,0.973858733898357,0.8888373038763518,522928.0
NF-BoT-IoT-v2,multiclass,sage_edge,33,test,Theft,0.1761467889908257,1.0,0.2995319812792512,480.0
NF-BoT-IoT-v2,multiclass,sage_edge,44,val,Benign,0.7685907436297452,0.9874545319575384,0.864383650659562,13471.0
NF-BoT-IoT-v2,multiclass,sage_edge,44,val,DDoS,0.9942555056856099,0.994297790761963,0.9942766477742064,1834026.0
NF-BoT-IoT-v2,multiclass,sage_edge,44,val,DoS,0.9903204344530511,0.9614975616221945,0.975696181576279,1667297.0
NF-BoT-IoT-v2,multiclass,sage_edge,44,val,Reconnaissance,0.827255987676327,0.9662565086010949,0.8913698499793841,261769.0
NF-BoT-IoT-v2,multiclass,sage_edge,44,val,Theft,0.29180695847362514,0.9885931558935361,0.4506065857885615,263.0
NF-BoT-IoT-v2,multiclass,sage_edge,44,test,Benign,0.7763513317261611,0.9829367852020741,0.867514848593035,27193.0
NF-BoT-IoT-v2,multiclass,sage_edge,44,test,DDoS,0.9942184007507592,0.9943345335276133,0.9942764637480717,3664129.0
NF-BoT-IoT-v2,multiclass,sage_edge,44,test,DoS,0.9914430618276077,0.9589553514808746,0.9749286333917807,3333638.0
NF-BoT-IoT-v2,multiclass,sage_edge,44,test,Reconnaissance,0.817140473593018,0.9740155432487838,0.8887082027624039,522928.0
NF-BoT-IoT-v2,multiclass,sage_edge,44,test,Theft,0.2889825406381698,1.0,0.4483886034563288,480.0
NF-BoT-IoT-v2,multiclass,sage_edge,55,val,Benign,0.774739281575898,0.9926508796674337,0.8702612996648336,13471.0
NF-BoT-IoT-v2,multiclass,sage_edge,55,val,DDoS,0.9942570098502668,0.994276526068878,0.9942667678638026,1834026.0
NF-BoT-IoT-v2,multiclass,sage_edge,55,val,DoS,0.99038408663034,0.9613764074427051,0.9756646864043631,1667297.0
NF-BoT-IoT-v2,multiclass,sage_edge,55,val,Reconnaissance,0.8269699908885166,0.9673567152718618,0.8916714790765807,261769.0
NF-BoT-IoT-v2,multiclass,sage_edge,55,val,Theft,0.3069544364508393,0.973384030418251,0.4667274384685506,263.0
NF-BoT-IoT-v2,multiclass,sage_edge,55,test,Benign,0.777345550945136,0.9920567793182069,0.8716739098825468,27193.0
NF-BoT-IoT-v2,multiclass,sage_edge,55,test,DDoS,0.9942185631986141,0.9943157023128826,0.9942671303831446,3664129.0
NF-BoT-IoT-v2,multiclass,sage_edge,55,test,DoS,0.9913861477279384,0.959504001334278,0.9751845597965509,3333638.0
NF-BoT-IoT-v2,multiclass,sage_edge,55,test,Reconnaissance,0.819716645849161,0.9738759446807209,0.8901712987239992,522928.0
NF-BoT-IoT-v2,multiclass,sage_edge,55,test,Theft,0.3229308005427408,0.9916666666666667,0.4872057318321392,480.0
NF-CSE-CIC-IDS2018-v2,binary,edge_mlp,11,val,Benign,0.9945981108376526,0.9980771556342769,0.9963345961749592,1662121.0
NF-CSE-CIC-IDS2018-v2,binary,edge_mlp,11,val,Attack,0.9854203066479935,0.9599596485692574,0.9725233661690288,225023.0
NF-CSE-CIC-IDS2018-v2,binary,edge_mlp,11,test,Benign,0.9945225717014116,0.9981063845713782,0.9963112553299998,3326441.0
NF-CSE-CIC-IDS2018-v2,binary,edge_mlp,11,test,Attack,0.985714998457882,0.9596281176935526,0.972496646682873,452939.0
NF-CSE-CIC-IDS2018-v2,binary,edge_mlp,22,val,Benign,0.9940585110495631,0.9978358976271884,0.995943622660227,1662121.0
NF-CSE-CIC-IDS2018-v2,binary,edge_mlp,22,val,Attack,0.9835533384848222,0.9559467254458434,0.9695535573434295,225023.0
NF-CSE-CIC-IDS2018-v2,binary,edge_mlp,22,test,Benign,0.9939677366898947,0.9977835169780556,0.9958719717140949,3326441.0
NF-CSE-CIC-IDS2018-v2,binary,edge_mlp,22,test,Attack,0.9832496154885965,0.9555282278629131,0.9691907361707655,452939.0
NF-CSE-CIC-IDS2018-v2,binary,edge_mlp,33,val,Benign,0.994059128300659,0.9981415312122283,0.9960961469414614,1662121.0
NF-CSE-CIC-IDS2018-v2,binary,edge_mlp,33,val,Attack,0.9858430684198225,0.9559378374655035,0.9706601687649474,225023.0
NF-CSE-CIC-IDS2018-v2,binary,edge_mlp,33,test,Benign,0.9939699037034664,0.9981442628923826,0.9960527097346694,3326441.0
NF-CSE-CIC-IDS2018-v2,binary,edge_mlp,33,test,Attack,0.9859375035594768,0.9555282278629131,0.9704947147015163,452939.0
NF-CSE-CIC-IDS2018-v2,binary,edge_mlp,44,val,Benign,0.9940408514370126,0.9983737646055852,0.9962025966182668,1662121.0
NF-CSE-CIC-IDS2018-v2,binary,edge_mlp,44,val,Attack,0.9875882779711449,0.9557911857898971,0.9714296038175162,225023.0
NF-CSE-CIC-IDS2018-v2,binary,edge_mlp,44,test,Benign,0.9939599273910305,0.9983655203865032,0.9961578528849698,3326441.0
NF-CSE-CIC-IDS2018-v2,binary,edge_mlp,44,test,Attack,0.9875922819749199,0.9554443313558779,0.9712523593533633,452939.0
NF-CSE-CIC-IDS2018-v2,binary,edge_mlp,55,val,Benign,0.9946005601461751,0.9981998903810252,0.9963969747680134,1662121.0
NF-CSE-CIC-IDS2018-v2,binary,edge_mlp,55,val,Attack,0.9863383985973115,0.9599729805397671,0.9729771119583993,225023.0
NF-CSE-CIC-IDS2018-v2,binary,edge_mlp,55,test,Benign,0.9945282392155935,0.9982170133184385,0.9963692121190298,3326441.0
NF-CSE-CIC-IDS2018-v2,binary,edge_mlp,55,test,Attack,0.9865388412645455,0.9596656503414367,0.9729167132976699,452939.0
NF-CSE-CIC-IDS2018-v2,binary,sage,11,val,Benign,0.9949605339771185,0.9982624610362302,0.9966087625587204,1662121.0
NF-CSE-CIC-IDS2018-v2,binary,sage,11,val,Attack,0.9868432441790012,0.962652706612213,0.974597889906193,225023.0
NF-CSE-CIC-IDS2018-v2,binary,sage,11,test,Benign,0.9950648334819931,0.9973960157417492,0.9962290608684555,3326441.0
NF-CSE-CIC-IDS2018-v2,binary,sage,11,test,Attack,0.9805412156910317,0.9636706046509574,0.9720327140526788,452939.0
NF-CSE-CIC-IDS2018-v2,binary,sage,22,val,Benign,0.9947204656389956,0.9990024793622125,0.9968568741581985,1662121.0
NF-CSE-CIC-IDS2018-v2,binary,sage,22,val,Attack,0.9923898874547892,0.9608351146327264,0.9763576139501593,225023.0
NF-CSE-CIC-IDS2018-v2,binary,sage,22,test,Benign,0.9946625992773299,0.9988335882103425,0.9967437302670489,3326441.0
NF-CSE-CIC-IDS2018-v2,binary,sage,22,test,Attack,0.9911615298753957,0.9606370835807913,0.9756606187263784,452939.0
NF-CSE-CIC-IDS2018-v2,binary,sage,33,val,Benign,0.9948420687136476,0.9980789605570233,0.9964578859639902,1662121.0
NF-CSE-CIC-IDS2018-v2,binary,sage,33,val,Attack,0.9854609202467955,0.9617772405487439,0.9734750516150217,225023.0
NF-CSE-CIC-IDS2018-v2,binary,sage,33,test,Benign,0.9949392445372878,0.9971080202534781,0.9960224518038904,3326441.0
NF-CSE-CIC-IDS2018-v2,binary,sage,33,test,Attack,0.9784153937283481,0.962752158679204,0.9705205830672793,452939.0
NF-CSE-CIC-IDS2018-v2,binary,sage,44,val,Benign,0.9945571404449373,0.9993183408428147,0.9969320559786495,1662121.0
NF-CSE-CIC-IDS2018-v2,binary,sage,44,val,Attack,0.9947803893746603,0.9596041293556659,0.9768756969750435,225023.0
NF-CSE-CIC-IDS2018-v2,binary,sage,44,test,Benign,0.9945283871892391,0.9992277031217448,0.9968725069729778,3326441.0
NF-CSE-CIC-IDS2018-v2,binary,sage,44,test,Attack,0.9941242529521683,0.9596259098907358,0.976570504179024,452939.0
NF-CSE-CIC-IDS2018-v2,binary,sage,55,val,Benign,0.9949009014841698,0.9985025157614879,0.9966984549850327,1662121.0
NF-CSE-CIC-IDS2018-v2,binary,sage,55,val,Attack,0.9886350145658109,0.9621994196148839,0.9752381038175435,225023.0
NF-CSE-CIC-IDS2018-v2,binary,sage,55,test,Benign,0.9949935628095293,0.9976452310442302,0.9963176325969749,3326441.0
NF-CSE-CIC-IDS2018-v2,binary,sage,55,test,Attack,0.9823610479334526,0.9631341085664957,0.972652570252605,452939.0
NF-CSE-CIC-IDS2018-v2,binary,sage_edge,11,val,Benign,0.9948339965715869,0.9982492249360907,0.9965386846881693,1662121.0
NF-CSE-CIC-IDS2018-v2,binary,sage_edge,11,val,Attack,0.9867315347191509,0.9617105806961955,0.9740604041949859,225023.0
NF-CSE-CIC-IDS2018-v2,binary,sage_edge,11,test,Benign,0.9948722131772636,0.9973055286415722,0.996087384841176,3326441.0
NF-CSE-CIC-IDS2018-v2,binary,sage_edge,11,test,Attack,0.9798495064107031,0.9622487796369931,0.9709693876414381,452939.0
NF-CSE-CIC-IDS2018-v2,binary,sage_edge,22,val,Benign,0.9948136416505023,0.9988117591920204,0.9968086914073641,1662121.0
NF-CSE-CIC-IDS2018-v2,binary,sage_edge,22,val,Attack,0.9909545989566874,0.9615372650795696,0.9760243230198076,225023.0
NF-CSE-CIC-IDS2018-v2,binary,sage_edge,22,test,Benign,0.9948094668233529,0.9986120300946266,0.99670712165767,3326441.0
NF-CSE-CIC-IDS2018-v2,binary,sage_edge,22,test,Attack,0.9895121574471178,0.9617343615806985,0.9754255382276248,452939.0
NF-CSE-CIC-IDS2018-v2,binary,sage_edge,33,val,Benign,0.9946426335912385,0.9990445942262928,0.9968387542554654,1662121.0
NF-CSE-CIC-IDS2018-v2,binary,sage_edge,33,val,Attack,0.9927044522137026,0.9602529519204703,0.9762090853644763,225023.0
NF-CSE-CIC-IDS2018-v2,binary,sage_edge,33,test,Benign,0.9945769370497365,0.9991254917793522,0.9968460257389854,3326441.0
NF-CSE-CIC-IDS2018-v2,binary,sage_edge,33,test,Attack,0.9933542901267003,0.9599901973554937,0.9763873061139711,452939.0
NF-CSE-CIC-IDS2018-v2,binary,sage_edge,44,val,Benign,0.9942352991152814,0.9997731813748818,0.9969965501724913,1662121.0
NF-CSE-CIC-IDS2018-v2,binary,sage_edge,44,val,Attack,0.9982527286631289,0.9571821547130738,0.9772861330163253,225023.0
NF-CSE-CIC-IDS2018-v2,binary,sage_edge,44,test,Benign,0.9940165989390739,0.9997883623969281,0.9968941264773807,3326441.0
NF-CSE-CIC-IDS2018-v2,binary,sage_edge,44,test,Attack,0.9983764736269211,0.9558019954121858,0.9766254626010785,452939.0
NF-CSE-CIC-IDS2018-v2,binary,sage_edge,55,val,Benign,0.9949155852948613,0.9990463991490391,0.9969767133983741,1662121.0
NF-CSE-CIC-IDS2018-v2,binary,sage_edge,55,val,Attack,0.9927334244138601,0.9622882994182816,0.9772738042852791,225023.0
NF-CSE-CIC-IDS2018-v2,binary,sage_edge,55,test,Benign,0.9948459827195524,0.998992917655837,0.9969151376353208,3326441.0
NF-CSE-CIC-IDS2018-v2,binary,sage_edge,55,test,Attack,0.9923702892229765,0.9619904667074374,0.9769442563552957,452939.0
NF-CSE-CIC-IDS2018-v2,multiclass,edge_mlp,11,val,Benign,0.9978127137467082,0.5678599813130332,0.7238012271274772,1662121.0
NF-CSE-CIC-IDS2018-v2,multiclass,edge_mlp,11,val,Bot,0.9529396168887121,0.9995133481646273,0.9756709986088019,14384.0
NF-CSE-CIC-IDS2018-v2,multiclass,edge_mlp,11,val,Brute Force,0.9319145713420176,0.9796974522292994,0.9552088185064431,12560.0
NF-CSE-CIC-IDS2018-v2,multiclass,edge_mlp,11,val,DDoS,0.9843009733827203,0.9911238968116863,0.9877006522435955,138349.0
NF-CSE-CIC-IDS2018-v2,multiclass,edge_mlp,11,val,DoS,0.9747294613545171,0.9969324517586585,0.9857059420245304,48247.0
NF-CSE-CIC-IDS2018-v2,multiclass,edge_mlp,11,val,Infilteration,0.013242213884742223,0.8155204054880714,0.026061251761131256,11443.0
NF-CSE-CIC-IDS2018-v2,multiclass,edge_mlp,11,val,injection,0.00040895613945404356,0.2,0.0008162432404856647,40.0
NF-CSE-CIC-IDS2018-v2,multiclass,edge_mlp,11,test,Benign,0.9978018733288496,0.566863203044936,0.722988164636849,3326441.0
NF-CSE-CIC-IDS2018-v2,multiclass,edge_mlp,11,test,Bot,0.9486205187510326,0.9996866186148543,0.9734843347348433,28719.0
NF-CSE-CIC-IDS2018-v2,multiclass,edge_mlp,11,test,Brute Force,0.9282272674709942,0.9764414889303382,0.9517241379310345,24662.0
NF-CSE-CIC-IDS2018-v2,multiclass,edge_mlp,11,test,DDoS,0.9844713413025968,0.9916495241377578,0.9880473954840152,278547.0
NF-CSE-CIC-IDS2018-v2,multiclass,edge_mlp,11,test,DoS,0.9739541593204039,0.9975682580724597,0.9856197886306612,97461.0
NF-CSE-CIC-IDS2018-v2,multiclass,edge_mlp,11,test,Infilteration,0.013586195384315046,0.8185808651182612,0.026728766612419665,23465.0
NF-CSE-CIC-IDS2018-v2,multiclass,edge_mlp,11,test,injection,0.00030619274833507696,0.1411764705882353,0.0006110601894286587,85.0
NF-CSE-CIC-IDS2018-v2,multiclass,edge_mlp,22,val,Benign,0.9962921115713592,0.6196353935724295,0.7640662748811791,1662121.0
NF-CSE-CIC-IDS2018-v2,multiclass,edge_mlp,22,val,Bot,0.9044353570305127,0.9994438264738599,0.9495690082235213,14384.0
NF-CSE-CIC-IDS2018-v2,multiclass,edge_mlp,22,val,Brute Force,0.9041810566536851,0.9796974522292994,0.9404256945240552,12560.0
NF-CSE-CIC-IDS2018-v2,multiclass,edge_mlp,22,val,DDoS,0.9806527347033419,0.9782072873674548,0.9794284845831237,138349.0
NF-CSE-CIC-IDS2018-v2,multiclass,edge_mlp,22,val,DoS,0.9755993671656322,0.9969324517586585,0.9861505499800101,48247.0
NF-CSE-CIC-IDS2018-v2,multiclass,edge_mlp,22,val,Infilteration,0.013649458987727134,0.7373940400244691,0.026802787642383853,11443.0
NF-CSE-CIC-IDS2018-v2,multiclass,edge_mlp,22,val,injection,0.0004891570194032284,0.225,0.0009761917674494279,40.0
NF-CSE-CIC-IDS2018-v2,multiclass,edge_mlp,22,test,Benign,0.9962102339661231,0.6185205148685938,0.76319407093072,3326441.0
NF-CSE-CIC-IDS2018-v2,multiclass,edge_mlp,22,test,Bot,0.899771210079293,0.9996517984609492,0.9470854089004718,28719.0
NF-CSE-CIC-IDS2018-v2,multiclass,edge_mlp,22,test,Brute Force,0.8981053259734447,0.9764009407185144,0.9356179818937717,24662.0
NF-CSE-CIC-IDS2018-v2,multiclass,edge_mlp,22,test,DDoS,0.9807223974876884,0.9787648045033692,0.97974262314523,278547.0
NF-CSE-CIC-IDS2018-v2,multiclass,edge_mlp,22,test,DoS,0.9750872547839692,0.9975682580724597,0.9861996561325563,97461.0
NF-CSE-CIC-IDS2018-v2,multiclass,edge_mlp,22,test,Infilteration,0.014024661029721707,0.7415725548689538,0.027528697809221268,23465.0
NF-CSE-CIC-IDS2018-v2,multiclass,edge_mlp,22,test,injection,0.0002979414951245937,0.12941176470588237,0.0005945142548304283,85.0
NF-CSE-CIC-IDS2018-v2,multiclass,edge_mlp,33,val,Benign,0.9984901773543027,0.512075233993193,0.6769678259116283,1662121.0
NF-CSE-CIC-IDS2018-v2,multiclass,edge_mlp,33,val,Bot,0.9426267130024261,0.9994438264738599,0.9702041504977222,14384.0
NF-CSE-CIC-IDS2018-v2,multiclass,edge_mlp,33,val,Brute Force,0.9395281362144002,0.9796974522292994,0.959192423120396,12560.0
NF-CSE-CIC-IDS2018-v2,multiclass,edge_mlp,33,val,DDoS,0.9822720023736231,0.9571807530231516,0.969564071400331,138349.0
NF-CSE-CIC-IDS2018-v2,multiclass,edge_mlp,33,val,DoS,0.9783577080324635,0.9969324517586585,0.9875577456113336,48247.0
NF-CSE-CIC-IDS2018-v2,multiclass,edge_mlp,33,val,Infilteration,0.012546473008476677,0.8847330245564974,0.02474207656015729,11443.0
NF-CSE-CIC-IDS2018-v2,multiclass,edge_mlp,33,val,injection,0.0006459948320413437,0.25,0.001288659793814433,40.0
NF-CSE-CIC-IDS2018-v2,multiclass,edge_mlp,33,test,Benign,0.9984731695204484,0.5113356888037395,0.6763173537814341,3326441.0
NF-CSE-CIC-IDS2018-v2,multiclass,edge_mlp,33,test,Bot,0.9396766169154229,0.9996517984609492,0.9687368190177321,28719.0
NF-CSE-CIC-IDS2018-v2,multiclass,edge_mlp,33,test,Brute Force,0.9366128718646705,0.9766036817776336,0.9561903249498779,24662.0
NF-CSE-CIC-IDS2018-v2,multiclass,edge_mlp,33,test,DDoS,0.9824895556259625,0.9574147271376106,0.9697900851841413,278547.0
NF-CSE-CIC-IDS2018-v2,multiclass,edge_mlp,33,test,DoS,0.9787388258033342,0.9975682580724597,0.9880638424366225,97461.0
NF-CSE-CIC-IDS2018-v2,multiclass,edge_mlp,33,test,Infilteration,0.012851771985807055,0.8861708928190922,0.025336104863255215,23465.0
NF-CSE-CIC-IDS2018-v2,multiclass,edge_mlp,33,test,injection,0.0003893196638873568,0.1411764705882353,0.0007764979940468488,85.0
NF-CSE-CIC-IDS2018-v2,multiclass,edge_mlp,44,val,Benign,0.9952980039645881,0.8802620266514892,0.9342521953874913,1662121.0
NF-CSE-CIC-IDS2018-v2,multiclass,edge_mlp,44,val,Bot,0.9462216956292786,0.9993743047830923,0.9720719502299161,14384.0
NF-CSE-CIC-IDS2018-v2,multiclass,edge_mlp,44,val,Brute Force,0.9043804204027635,0.9796974522292994,0.9405335167774975,12560.0
NF-CSE-CIC-IDS2018-v2,multiclass,edge_mlp,44,val,DDoS,0.9901809821882587,0.9993277869735235,0.9947333582755346,138349.0
NF-CSE-CIC-IDS2018-v2,multiclass,edge_mlp,44,val,DoS,0.9804121399889933,0.996953178435965,0.9886134747400008,48247.0
NF-CSE-CIC-IDS2018-v2,multiclass,edge_mlp,44,val,Infilteration,0.026281623707656392,0.3856506160971773,0.04920966797691729,11443.0
NF-CSE-CIC-IDS2018-v2,multiclass,edge_mlp,44,val,injection,0.0002205975040968108,0.175,0.0004406395568425028,40.0
NF-CSE-CIC-IDS2018-v2,multiclass,edge_mlp,44,test,Benign,0.9952382036777654,0.8802672285484696,0.934228779339847,3326441.0
NF-CSE-CIC-IDS2018-v2,multiclass,edge_mlp,44,test,Bot,0.9427933401201931,0.9996517984609492,0.9703904005408146,28719.0
NF-CSE-CIC-IDS2018-v2,multiclass,edge_mlp,44,test,Brute Force,0.9015196885761342,0.9766036817776336,0.9375608236988594,24662.0
NF-CSE-CIC-IDS2018-v2,multiclass,edge_mlp,44,test,DDoS,0.9900670023898942,0.999439950888001,0.9947313977607101,278547.0
NF-CSE-CIC-IDS2018-v2,multiclass,edge_mlp,44,test,DoS,0.9801399278182148,0.9975682580724597,0.9887773003483258,97461.0
NF-CSE-CIC-IDS2018-v2,multiclass,edge_mlp,44,test,Infilteration,0.02744074785930629,0.3930534839122097,0.051300021414407725,23465.0
NF-CSE-CIC-IDS2018-v2,multiclass,edge_mlp,44,test,injection,0.0001730593750983292,0.12941176470588237,0.00034565651169733057,85.0
NF-CSE-CIC-IDS2018-v2,multiclass,edge_mlp,55,val,Benign,0.9977363898980685,0.5645822416057555,0.7211131406633383,1662121.0
NF-CSE-CIC-IDS2018-v2,multiclass,edge_mlp,55,val,Bot,0.9273595251919231,0.9993743047830923,0.9620210808097708,14384.0
NF-CSE-CIC-IDS2018-v2,multiclass,edge_mlp,55,val,Brute Force,0.9392412792916571,0.9796974522292994,0.9590429055765559,12560.0
NF-CSE-CIC-IDS2018-v2,multiclass,edge_mlp,55,val,DDoS,0.9883485272738991,0.997564131291155,0.9929349468322374,138349.0
NF-CSE-CIC-IDS2018-v2,multiclass,edge_mlp,55,val,DoS,0.9887760555852485,0.996953178435965,0.992847780541422,48247.0
NF-CSE-CIC-IDS2018-v2,multiclass,edge_mlp,55,val,Infilteration,0.012993685861088945,0.8110635322904832,0.025577604369771523,11443.0
NF-CSE-CIC-IDS2018-v2,multiclass,edge_mlp,55,val,injection,0.0004529571631939951,0.175,0.0009035755776429585,40.0
NF-CSE-CIC-IDS2018-v2,multiclass,edge_mlp,55,test,Benign,0.9977511451860668,0.5635178859327431,0.7202482145172833,3326441.0
NF-CSE-CIC-IDS2018-v2,multiclass,edge_mlp,55,test,Bot,0.9238318959969108,0.9996517984609492,0.9602475123338072,28719.0
NF-CSE-CIC-IDS2018-v2,multiclass,edge_mlp,55,test,Brute Force,0.9360858409143924,0.9763198442948666,0.9557796125754208,24662.0
NF-CSE-CIC-IDS2018-v2,multiclass,edge_mlp,55,test,DDoS,0.9887080420513368,0.9977167228510808,0.9931919547130972,278547.0
NF-CSE-CIC-IDS2018-v2,multiclass,edge_mlp,55,test,DoS,0.988782442437556,0.9975785185869219,0.9931610049594206,97461.0
NF-CSE-CIC-IDS2018-v2,multiclass,edge_mlp,55,test,Infilteration,0.01337588949351193,0.8170892819092265,0.026320901387568513,23465.0
NF-CSE-CIC-IDS2018-v2,multiclass,edge_mlp,55,test,injection,0.00032221685194135655,0.11764705882352941,0.0006426735218508997,85.0
NF-CSE-CIC-IDS2018-v2,multiclass,sage,11,val,Benign,0.9953230706854385,0.9216212297419983,0.9570553220468173,1662121.0
NF-CSE-CIC-IDS2018-v2,multiclass,sage,11,val,Bot,0.9970194773688223,1.0,0.9985075144909931,14384.0
NF-CSE-CIC-IDS2018-v2,multiclass,sage,11,val,Brute Force,0.9598249801113763,0.9605891719745223,0.9602069239952248,12560.0
NF-CSE-CIC-IDS2018-v2,multiclass,sage,11,val,DDoS,0.9975724752635967,0.9772387223615638,0.9873009150059515,138349.0
NF-CSE-CIC-IDS2018-v2,multiclass,sage,11,val,DoS,0.9844819435594927,0.99276638962008,0.9886068111455109,48247.0
NF-CSE-CIC-IDS2018-v2,multiclass,sage,11,val,Infilteration,0.033937360178970914,0.39771039063182734,0.0625382189456037,11443.0
NF-CSE-CIC-IDS2018-v2,multiclass,sage,11,val,injection,0.0038993264799716413,0.275,0.007689619014330654,40.0
NF-CSE-CIC-IDS2018-v2,multiclass,sage,11,test,Benign,0.9956407515827499,0.9092799180866277,0.9505027221947253,3326441.0
NF-CSE-CIC-IDS2018-v2,multiclass,sage,11,test,Bot,0.9984355444305382,1.0,0.9992171598559574,28719.0
NF-CSE-CIC-IDS2018-v2,multiclass,sage,11,test,Brute Force,0.9595894804361771,0.9705619982158786,0.9650445510623715,24662.0
NF-CSE-CIC-IDS2018-v2,multiclass,sage,11,test,DDoS,0.9979175540726016,0.984052960541668,0.9909367634086735,278547.0
NF-CSE-CIC-IDS2018-v2,multiclass,sage,11,test,DoS,0.9906529617723541,0.9928586819343121,0.9917545954422232,97461.0
NF-CSE-CIC-IDS2018-v2,multiclass,sage,11,test,Infilteration,0.03371913257844817,0.4470914127423823,0.06270883518532909,23465.0
NF-CSE-CIC-IDS2018-v2,multiclass,sage,11,test,injection,0.003271792474877308,0.16470588235294117,0.006416131989000917,85.0
NF-CSE-CIC-IDS2018-v2,multiclass,sage,22,val,Benign,0.9951772940685982,0.966508455160605,0.9806333858306169,1662121.0
NF-CSE-CIC-IDS2018-v2,multiclass,sage,22,val,Bot,0.9963978941535051,1.0,0.9981956974323386,14384.0
NF-CSE-CIC-IDS2018-v2,multiclass,sage,22,val,Brute Force,0.9829763427109974,0.97921974522293,0.9810944479897894,12560.0
NF-CSE-CIC-IDS2018-v2,multiclass,sage,22,val,DDoS,0.996080311907095,0.3453223369883411,0.5128494138863842,138349.0
NF-CSE-CIC-IDS2018-v2,multiclass,sage,22,val,DoS,0.9541886373547952,0.9976786121416875,0.9754491199983788,48247.0
NF-CSE-CIC-IDS2018-v2,multiclass,sage,22,val,Infilteration,0.06256687216589392,0.32194354627283056,0.10477219725840396,11443.0
NF-CSE-CIC-IDS2018-v2,multiclass,sage,22,val,injection,0.00041729166431705143,0.925,0.0008342069960656994,40.0
NF-CSE-CIC-IDS2018-v2,multiclass,sage,22,test,Benign,0.9953535645963006,0.9570946846795119,0.9758492768300244,3326441.0
NF-CSE-CIC-IDS2018-v2,multiclass,sage,22,test,Bot,0.9980538662033015,1.0,0.9990259853202074,28719.0
NF-CSE-CIC-IDS2018-v2,multiclass,sage,22,test,Brute Force,0.9852347350817799,0.9794420566053037,0.9823298562394518,24662.0
NF-CSE-CIC-IDS2018-v2,multiclass,sage,22,test,DDoS,0.9967632634188125,0.472078320714278,0.6407094306526665,278547.0
NF-CSE-CIC-IDS2018-v2,multiclass,sage,22,test,DoS,0.9778845573895736,0.9981223258534183,0.9878998065390806,97461.0
NF-CSE-CIC-IDS2018-v2,multiclass,sage,22,test,Infilteration,0.05740740740740741,0.36859151928404005,0.0993424264178033,23465.0
NF-CSE-CIC-IDS2018-v2,multiclass,sage,22,test,injection,0.00042627504365881495,0.7294117647058823,0.0008520521400938631,85.0
NF-CSE-CIC-IDS2018-v2,multiclass,sage,33,val,Benign,0.9952168085001721,0.9737804889054407,0.9843819609352882,1662121.0
NF-CSE-CIC-IDS2018-v2,multiclass,sage,33,val,Bot,0.9967431224447371,1.0,0.9983689050841575,14384.0
NF-CSE-CIC-IDS2018-v2,multiclass,sage,33,val,Brute Force,0.9602907840225123,0.9781050955414012,0.9691160809371672,12560.0
NF-CSE-CIC-IDS2018-v2,multiclass,sage,33,val,DDoS,0.995375796791959,0.8961828419432016,0.9431784900593737,138349.0
NF-CSE-CIC-IDS2018-v2,multiclass,sage,33,val,DoS,0.7482191952011997,0.99276638962008,0.853317655861682,48247.0
NF-CSE-CIC-IDS2018-v2,multiclass,sage,33,val,Infilteration,0.08216401621453072,0.32238049462553525,0.13095259225075878,11443.0
NF-CSE-CIC-IDS2018-v2,multiclass,sage,33,val,injection,0.056451612903225805,0.175,0.08536585365853659,40.0
NF-CSE-CIC-IDS2018-v2,multiclass,sage,33,test,Benign,0.9953157140233844,0.9695097553210774,0.9822432673289642,3326441.0
NF-CSE-CIC-IDS2018-v2,multiclass,sage,33,test,Bot,0.9974645734926368,1.0,0.9987306776095007,28719.0
NF-CSE-CIC-IDS2018-v2,multiclass,sage,33,test,Brute Force,0.96224,0.9754277836347417,0.968789013732834,24662.0
NF-CSE-CIC-IDS2018-v2,multiclass,sage,33,test,DDoS,0.9961412447209823,0.951799875783979,0.9734658845776076,278547.0
NF-CSE-CIC-IDS2018-v2,multiclass,sage,33,test,DoS,0.8569341126461212,0.9928586819343121,0.9199024626748613,97461.0
NF-CSE-CIC-IDS2018-v2,multiclass,sage,33,test,Infilteration,0.07983320125287746,0.36062220328148303,0.13072662809649238,23465.0
NF-CSE-CIC-IDS2018-v2,multiclass,sage,33,test,injection,0.030395136778115502,0.11764705882352941,0.04830917874396135,85.0
NF-CSE-CIC-IDS2018-v2,multiclass,sage,44,val,Benign,0.9949975420021195,0.9693060854173673,0.9819838022749956,1662121.0
NF-CSE-CIC-IDS2018-v2,multiclass,sage,44,val,Bot,0.9571466595688048,1.0,0.9781041751665986,14384.0
NF-CSE-CIC-IDS2018-v2,multiclass,sage,44,val,Brute Force,0.9473603082851638,0.9786624203821656,0.9627570001958097,12560.0
NF-CSE-CIC-IDS2018-v2,multiclass,sage,44,val,DDoS,0.996836336930117,0.3826193178121996,0.5529845600986147,138349.0
NF-CSE-CIC-IDS2018-v2,multiclass,sage,44,val,DoS,0.9758969866139646,0.99276638962008,0.9842594114746014,48247.0
NF-CSE-CIC-IDS2018-v2,multiclass,sage,44,val,Infilteration,0.06880925293894577,0.31713711439307873,0.11308290357259711,11443.0
NF-CSE-CIC-IDS2018-v2,multiclass,sage,44,val,injection,0.00038817592603484173,0.825,0.0007759867376812105,40.0
NF-CSE-CIC-IDS2018-v2,multiclass,sage,44,test,Benign,0.9952293720527342,0.9627926663963077,0.9787423450591691,3326441.0
NF-CSE-CIC-IDS2018-v2,multiclass,sage,44,test,Bot,0.9440828402366864,1.0,0.9712372546035611,28719.0
NF-CSE-CIC-IDS2018-v2,multiclass,sage,44,test,Brute Force,0.9527475130270014,0.9786310923688265,0.9655158619034284,24662.0
NF-CSE-CIC-IDS2018-v2,multiclass,sage,44,test,DDoS,0.9974405506431159,0.49527368810290545,0.6618896602680049,278547.0
NF-CSE-CIC-IDS2018-v2,multiclass,sage,44,test,DoS,0.9848955205650948,0.9928586819343121,0.9888610699504369,97461.0
NF-CSE-CIC-IDS2018-v2,multiclass,sage,44,test,Infilteration,0.06563784726547901,0.3592584700617942,0.11099626720738395,23465.0
NF-CSE-CIC-IDS2018-v2,multiclass,sage,44,test,injection,0.0004338209670651656,0.7176470588235294,0.0008671177574344686,85.0
NF-CSE-CIC-IDS2018-v2,multiclass,sage,55,val,Benign,0.9959558741091313,0.8284041895866787,0.9044859457009413,1662121.0
NF-CSE-CIC-IDS2018-v2,multiclass,sage,55,val,Bot,0.9957770854967116,1.0,0.9978840750633043,14384.0
NF-CSE-CIC-IDS2018-v2,multiclass,sage,55,val,Brute Force,0.9192908968509238,0.9785031847133758,0.9479733117358942,12560.0
NF-CSE-CIC-IDS2018-v2,multiclass,sage,55,val,DDoS,0.996714950283308,0.9803034355145321,0.9884410757233438,138349.0
NF-CSE-CIC-IDS2018-v2,multiclass,sage,55,val,DoS,0.9440075681428487,0.99276638962008,0.9677732204554179,48247.0
NF-CSE-CIC-IDS2018-v2,multiclass,sage,55,val,Infilteration,0.020230934775411102,0.5126278073931662,0.038925662336800546,11443.0
NF-CSE-CIC-IDS2018-v2,multiclass,sage,55,val,injection,0.043478260869565216,0.075,0.05504587155963303,40.0
NF-CSE-CIC-IDS2018-v2,multiclass,sage,55,test,Benign,0.9960761919329074,0.8300688333266696,0.9055269883887708,3326441.0
NF-CSE-CIC-IDS2018-v2,multiclass,sage,55,test,Bot,0.9973952906855595,1.0,0.9986959470032862,28719.0
NF-CSE-CIC-IDS2018-v2,multiclass,sage,55,test,Brute Force,0.9419594067135051,0.9785499959451788,0.9599061294300147,24662.0
NF-CSE-CIC-IDS2018-v2,multiclass,sage,55,test,DDoS,0.9971325931000983,0.9875101867907391,0.9922980631522746,278547.0
NF-CSE-CIC-IDS2018-v2,multiclass,sage,55,test,DoS,0.9641117100242111,0.9928586819343121,0.9782740562508846,97461.0
NF-CSE-CIC-IDS2018-v2,multiclass,sage,55,test,Infilteration,0.02184476963792069,0.5367994886000426,0.04198113915001191,23465.0
NF-CSE-CIC-IDS2018-v2,multiclass,sage,55,test,injection,0.013513513513513514,0.011764705882352941,0.012578616352201259,85.0
NF-CSE-CIC-IDS2018-v2,multiclass,sage_edge,11,val,Benign,0.9952433670122113,0.9665295125926452,0.9806763019612439,1662121.0
NF-CSE-CIC-IDS2018-v2,multiclass,sage_edge,11,val,Bot,0.9973651365968659,1.0,0.9986808303825592,14384.0
NF-CSE-CIC-IDS2018-v2,multiclass,sage_edge,11,val,Brute Force,0.9744016484387383,0.9789012738853503,0.9766462784971006,12560.0
NF-CSE-CIC-IDS2018-v2,multiclass,sage_edge,11,val,DDoS,0.9877486077963404,0.5384643184988688,0.6969766430118493,138349.0
NF-CSE-CIC-IDS2018-v2,multiclass,sage_edge,11,val,DoS,0.9353672755538283,0.9976578854643812,0.9655089411977092,48247.0
NF-CSE-CIC-IDS2018-v2,multiclass,sage_edge,11,val,Infilteration,0.06874497478254514,0.32875994057502406,0.1137122734898061,11443.0
NF-CSE-CIC-IDS2018-v2,multiclass,sage_edge,11,val,injection,0.0005595883916496977,0.9,0.0011184813508769203,40.0
NF-CSE-CIC-IDS2018-v2,multiclass,sage_edge,11,test,Benign,0.9953826218791154,0.9615904806368127,0.9781947974243852,3326441.0
NF-CSE-CIC-IDS2018-v2,multiclass,sage_edge,11,test,Bot,0.9982620181445305,1.0,0.9991302532702477,28719.0
NF-CSE-CIC-IDS2018-v2,multiclass,sage_edge,11,test,Brute Force,0.9793405168921656,0.9802935690536048,0.9798168112182865,24662.0
NF-CSE-CIC-IDS2018-v2,multiclass,sage_edge,11,test,DDoS,0.9923632794085839,0.6423906916965539,0.7799154426186636,278547.0
NF-CSE-CIC-IDS2018-v2,multiclass,sage_edge,11,test,DoS,0.967045093049149,0.9981120653389561,0.9823330118705599,97461.0
NF-CSE-CIC-IDS2018-v2,multiclass,sage_edge,11,test,Infilteration,0.06621920841406034,0.36705731941189007,0.11219737776243544,23465.0
NF-CSE-CIC-IDS2018-v2,multiclass,sage_edge,11,test,injection,0.0004929022082018927,0.5882352941176471,0.0009849790691947797,85.0
NF-CSE-CIC-IDS2018-v2,multiclass,sage_edge,22,val,Benign,0.9962373649288373,0.781830564682114,0.87610693450858,1662121.0
NF-CSE-CIC-IDS2018-v2,multiclass,sage_edge,22,val,Bot,0.7761709475501835,1.0,0.8739822578685138,14384.0
NF-CSE-CIC-IDS2018-v2,multiclass,sage_edge,22,val,Brute Force,0.9577464788732394,0.979936305732484,0.9687143363110464,12560.0
NF-CSE-CIC-IDS2018-v2,multiclass,sage_edge,22,val,DDoS,0.9913544885240232,0.9531474748642925,0.97187562185388,138349.0
NF-CSE-CIC-IDS2018-v2,multiclass,sage_edge,22,val,DoS,0.9447337278106509,0.99276638962008,0.9681546686610003,48247.0
NF-CSE-CIC-IDS2018-v2,multiclass,sage_edge,22,val,Infilteration,0.018054392553841222,0.5709167176439744,0.035001901986102105,11443.0
NF-CSE-CIC-IDS2018-v2,multiclass,sage_edge,22,val,injection,0.002246026261230131,0.325,0.004461221688400824,40.0
NF-CSE-CIC-IDS2018-v2,multiclass,sage_edge,22,test,Benign,0.9963675692638752,0.8017568927270918,0.8885308923082356,3326441.0
NF-CSE-CIC-IDS2018-v2,multiclass,sage_edge,22,test,Bot,0.9650201612903225,1.0,0.9821987380085159,28719.0
NF-CSE-CIC-IDS2018-v2,multiclass,sage_edge,22,test,Brute Force,0.9535828370864061,0.9804557619009002,0.966832603610628,24662.0
NF-CSE-CIC-IDS2018-v2,multiclass,sage_edge,22,test,DDoS,0.9948328491044831,0.9711287502647669,0.9828378965114442,278547.0
NF-CSE-CIC-IDS2018-v2,multiclass,sage_edge,22,test,DoS,0.9780466357378939,0.9928586819343121,0.9853969999694497,97461.0
NF-CSE-CIC-IDS2018-v2,multiclass,sage_edge,22,test,Infilteration,0.020567158143818844,0.5852546345621138,0.039737839636563556,23465.0
NF-CSE-CIC-IDS2018-v2,multiclass,sage_edge,22,test,injection,0.0022269235051775972,0.23529411764705882,0.004412089124200309,85.0
NF-CSE-CIC-IDS2018-v2,multiclass,sage_edge,33,val,Benign,0.9951306927929847,0.9782392497297128,0.9866126784685451,1662121.0
NF-CSE-CIC-IDS2018-v2,multiclass,sage_edge,33,val,Bot,0.998542172856647,1.0,0.9992705547257633,14384.0
NF-CSE-CIC-IDS2018-v2,multiclass,sage_edge,33,val,Brute Force,0.8626489138051857,0.9800955414012739,0.9176295191949311,12560.0
NF-CSE-CIC-IDS2018-v2,multiclass,sage_edge,33,val,DDoS,0.993645818983331,0.41708288458897425,0.5875441016999201,138349.0
NF-CSE-CIC-IDS2018-v2,multiclass,sage_edge,33,val,DoS,0.972620178221423,0.9976578854643812,0.9849799459769174,48247.0
NF-CSE-CIC-IDS2018-v2,multiclass,sage_edge,33,val,Infilteration,0.09108267107028589,0.30848553700952547,0.1406402517978446,11443.0
NF-CSE-CIC-IDS2018-v2,multiclass,sage_edge,33,val,injection,0.00040897704616328406,0.8,0.0008175361504266517,40.0
NF-CSE-CIC-IDS2018-v2,multiclass,sage_edge,33,test,Benign,0.995251852002167,0.9731069933301086,0.9840548532140868,3326441.0
NF-CSE-CIC-IDS2018-v2,multiclass,sage_edge,33,test,Bot,0.998991234172812,1.0,0.9994953625559017,28719.0
NF-CSE-CIC-IDS2018-v2,multiclass,sage_edge,33,test,Brute Force,0.9148066883559053,0.9805368583245478,0.9465320181618914,24662.0
NF-CSE-CIC-IDS2018-v2,multiclass,sage_edge,33,test,DDoS,0.9967221774493935,0.528366846528593,0.6906284754320681,278547.0
NF-CSE-CIC-IDS2018-v2,multiclass,sage_edge,33,test,DoS,0.9802196694881097,0.9981120653389561,0.989084956355077,97461.0
NF-CSE-CIC-IDS2018-v2,multiclass,sage_edge,33,test,Infilteration,0.08424583106950308,0.3436181546984871,0.13531588530959193,23465.0
NF-CSE-CIC-IDS2018-v2,multiclass,sage_edge,33,test,injection,0.0004800061936283049,0.7294117647058823,0.0009593810444874274,85.0
NF-CSE-CIC-IDS2018-v2,multiclass,sage_edge,44,val,Benign,0.9950452104909603,0.9910024601097032,0.9930197206381092,1662121.0
NF-CSE-CIC-IDS2018-v2,multiclass,sage_edge,44,val,Bot,0.9960529049234818,1.0,0.9980225498699046,14384.0
NF-CSE-CIC-IDS2018-v2,multiclass,sage_edge,44,val,Brute Force,0.9822655376258188,0.9789808917197452,0.9806204641518462,12560.0
NF-CSE-CIC-IDS2018-v2,multiclass,sage_edge,44,val,DDoS,0.9988945612413073,0.35922919572964024,0.5284232574706411,138349.0
NF-CSE-CIC-IDS2018-v2,multiclass,sage_edge,44,val,DoS,0.9690179973426742,0.9976786121416875,0.9831394695724104,48247.0
NF-CSE-CIC-IDS2018-v2,multiclass,sage_edge,44,val,Infilteration,0.18682135101154418,0.28567683299833957,0.2259078815521233,11443.0
NF-CSE-CIC-IDS2018-v2,multiclass,sage_edge,44,val,injection,0.00043235371084638925,0.95,0.000864314064436888,40.0
NF-CSE-CIC-IDS2018-v2,multiclass,sage_edge,44,test,Benign,0.9951552116555568,0.9892332375653138,0.992185388191049,3326441.0
NF-CSE-CIC-IDS2018-v2,multiclass,sage_edge,44,test,Bot,0.9973952906855595,1.0,0.9986959470032862,28719.0
NF-CSE-CIC-IDS2018-v2,multiclass,sage_edge,44,test,Brute Force,0.9801980198019802,0.9794826048171276,0.9798401817223056,24662.0
NF-CSE-CIC-IDS2018-v2,multiclass,sage_edge,44,test,DDoS,0.9987632389647186,0.4783681030490366,0.6468977570637926,278547.0
NF-CSE-CIC-IDS2018-v2,multiclass,sage_edge,44,test,DoS,0.9766279139810855,0.9981223258534183,0.9872581406323737,97461.0
NF-CSE-CIC-IDS2018-v2,multiclass,sage_edge,44,test,Infilteration,0.177298734597944,0.31826124014489665,0.22773152807001495,23465.0
NF-CSE-CIC-IDS2018-v2,multiclass,sage_edge,44,test,injection,0.0005202697078165321,0.8823529411764706,0.0010399262345657614,85.0
NF-CSE-CIC-IDS2018-v2,multiclass,sage_edge,55,val,Benign,0.9971550629002133,0.6507636928960046,0.7875537660342464,1662121.0
NF-CSE-CIC-IDS2018-v2,multiclass,sage_edge,55,val,Bot,0.9957081545064378,1.0,0.9978494623655914,14384.0
NF-CSE-CIC-IDS2018-v2,multiclass,sage_edge,55,val,Brute Force,0.97267630103451,0.9806528662420382,0.9766482971890734,12560.0
NF-CSE-CIC-IDS2018-v2,multiclass,sage_edge,55,val,DDoS,0.9963217991325818,0.9946078395940701,0.9954640816031253,138349.0
NF-CSE-CIC-IDS2018-v2,multiclass,sage_edge,55,val,DoS,0.9841948147542324,0.9976786121416875,0.9908908445267871,48247.0
NF-CSE-CIC-IDS2018-v2,multiclass,sage_edge,55,val,Infilteration,0.0142279670495922,0.7314515424276851,0.027912979535484,11443.0
NF-CSE-CIC-IDS2018-v2,multiclass,sage_edge,55,val,injection,0.75,0.075,0.13636363636363635,40.0
NF-CSE-CIC-IDS2018-v2,multiclass,sage_edge,55,test,Benign,0.9971140429196139,0.6704577053974503,0.801791939579381,3326441.0
NF-CSE-CIC-IDS2018-v2,multiclass,sage_edge,55,test,Bot,0.9970836371211332,1.0,0.9985396891624074,28719.0
NF-CSE-CIC-IDS2018-v2,multiclass,sage_edge,55,test,Brute Force,0.9779566413201747,0.9804152136890764,0.9791843842384481,24662.0
NF-CSE-CIC-IDS2018-v2,multiclass,sage_edge,55,test,DDoS,0.9967763590087843,0.9968479287158002,0.9968121425776412,278547.0
NF-CSE-CIC-IDS2018-v2,multiclass,sage_edge,55,test,DoS,0.9893818270580338,0.9981223258534183,0.9937328572960881,97461.0
NF-CSE-CIC-IDS2018-v2,multiclass,sage_edge,55,test,Infilteration,0.015300324383419764,0.7252503728958023,0.0299684167613929,23465.0
NF-CSE-CIC-IDS2018-v2,multiclass,sage_edge,55,test,injection,0.42857142857142855,0.03529411764705882,0.06521739130434782,85.0
NF-ToN-IoT-v2,binary,edge_mlp,11,val,Benign,0.9583084627282471,0.9668661502083172,0.9625682863714778,609407.0
NF-ToN-IoT-v2,binary,edge_mlp,11,val,Attack,0.9812873474592607,0.9763632574702765,0.9788191096686286,1084498.0
NF-ToN-IoT-v2,binary,edge_mlp,11,test,Benign,0.9580659928235793,0.9666053046933706,0.9623167053037397,1218996.0
NF-ToN-IoT-v2,binary,edge_mlp,11,test,Attack,0.9811160319359314,0.9761958610809044,0.9786497624962202,2166556.0
NF-ToN-IoT-v2,binary,edge_mlp,22,val,Benign,0.958069598385804,0.9669301468476732,0.9624794805831189,609407.0
NF-ToN-IoT-v2,binary,edge_mlp,22,val,Attack,0.9813201317684745,0.9762203342007085,0.978763589971156,1084498.0
NF-ToN-IoT-v2,binary,edge_mlp,22,test,Benign,0.957706870774831,0.9669178569905069,0.9622903226333175,1218996.0
NF-ToN-IoT-v2,binary,edge_mlp,22,test,Attack,0.9812853159782294,0.9759752344273585,0.9786230720314861,2166556.0
NF-ToN-IoT-v2,binary,edge_mlp,33,val,Benign,0.9598710822095077,0.9676488783358248,0.9637442880583648,609407.0
NF-ToN-IoT-v2,binary,edge_mlp,33,val,Attack,0.9817379302678869,0.9772678234538007,0.9794977768618032,1084498.0
NF-ToN-IoT-v2,binary,edge_mlp,33,test,Benign,0.9596903072516599,0.9675347581124139,0.9635965679121684,1218996.0
NF-ToN-IoT-v2,binary,edge_mlp,33,test,Attack,0.9816492873941849,0.9771346782635667,0.9793867801888809,2166556.0
NF-ToN-IoT-v2,binary,edge_mlp,44,val,Benign,0.9582789943043495,0.9682264890294991,0.9632270597645983,609407.0
NF-ToN-IoT-v2,binary,edge_mlp,44,val,Attack,0.9820408988547282,0.9763125427617202,0.9791683428354765,1084498.0
NF-ToN-IoT-v2,binary,edge_mlp,44,test,Benign,0.9578932757331723,0.96806552277448,0.9629525361116993,1218996.0
NF-ToN-IoT-v2,binary,edge_mlp,44,test,Attack,0.9819243122365181,0.9760573924698923,0.9789820624989728,2166556.0
NF-ToN-IoT-v2,binary,edge_mlp,55,val,Benign,0.9561519788165669,0.9682002339979685,0.962138389701368,609407.0
NF-ToN-IoT-v2,binary,edge_mlp,55,val,Attack,0.9820034750501245,0.9750502075614709,0.9785144890823512,1084498.0
NF-ToN-IoT-v2,binary,edge_mlp,55,test,Benign,0.9559545093324887,0.9680745465940823,0.9619763540846816,1218996.0
NF-ToN-IoT-v2,binary,edge_mlp,55,test,Attack,0.9819083343831833,0.9749039489401613,0.9783936056060034,2166556.0
NF-ToN-IoT-v2,binary,sage,11,val,Benign,0.9444830088414783,0.984614551523038,0.9641313464684087,609407.0
NF-ToN-IoT-v2,binary,sage,11,val,Attack,0.9911430525484506,0.9674780405311951,0.9791675804511405,1084498.0
NF-ToN-IoT-v2,binary,sage,11,test,Benign,0.9523248447288692,0.9852813298813121,0.9685228110735645,1218996.0
NF-ToN-IoT-v2,binary,sage,11,test,Attack,0.9915542059273075,0.9722476594189119,0.9818060293265302,2166556.0
NF-ToN-IoT-v2,binary,sage,22,val,Benign,0.9529431969430252,0.983357591888508,0.9679115277517557,609407.0
NF-ToN-IoT-v2,binary,sage,22,val,Attack,0.9904774244916661,0.9727136426254359,0.9815151664584056,1084498.0
NF-ToN-IoT-v2,binary,sage,22,test,Benign,0.9581765737648039,0.9832181565813177,0.9705358625017714,1218996.0
NF-ToN-IoT-v2,binary,sage,22,test,Attack,0.9904169114319684,0.9758533820496678,0.9830812130601913,2166556.0
NF-ToN-IoT-v2,binary,sage,33,val,Benign,0.9514546781306513,0.9841993938369595,0.967550071100923,609407.0
NF-ToN-IoT-v2,binary,sage,33,val,Attack,0.9909461460708493,0.9717823361592184,0.9812706847179942,1084498.0
NF-ToN-IoT-v2,binary,sage,33,test,Benign,0.9602269546650459,0.9850196391128437,0.9724653022151347,1218996.0
NF-ToN-IoT-v2,binary,sage,33,test,Attack,0.9914471669003814,0.9770442121043721,0.9841929981090924,2166556.0
NF-ToN-IoT-v2,binary,sage,44,val,Benign,0.9562941325518356,0.9847064441333953,0.9702923390356692,609407.0
NF-ToN-IoT-v2,binary,sage,44,val,Attack,0.99126024951425,0.9747108800569481,0.982915909228273,1084498.0
NF-ToN-IoT-v2,binary,sage,44,test,Benign,0.9625369495449805,0.9848933056384106,0.9735868029298891,1218996.0
NF-ToN-IoT-v2,binary,sage,44,test,Attack,0.9913877889463452,0.9784321291487503,0.9848673538532229,2166556.0
NF-ToN-IoT-v2,binary,sage,55,val,Benign,0.9527297053790061,0.9838564374875904,0.9680429215870525,609407.0
NF-ToN-IoT-v2,binary,sage,55,val,Attack,0.9907588663407816,0.9725697972702577,0.9815800763673487,1084498.0
NF-ToN-IoT-v2,binary,sage,55,test,Benign,0.9602537471733605,0.9841057722912955,0.9720334598591484,1218996.0
NF-ToN-IoT-v2,binary,sage,55,test,Attack,0.990930483265981,0.9770815986293454,0.9839573137047151,2166556.0
NF-ToN-IoT-v2,binary,sage_edge,11,val,Benign,0.9570564436001177,0.9878816620091335,0.9722247791983799,609407.0
NF-ToN-IoT-v2,binary,sage_edge,11,val,Attack,0.9930648811592026,0.9750917014139261,0.9839962258673247,1084498.0
NF-ToN-IoT-v2,binary,sage_edge,11,test,Benign,0.9639955439910751,0.9874470465858789,0.9755803808243237,1218996.0
NF-ToN-IoT-v2,binary,sage_edge,11,test,Attack,0.9928391628812004,0.9792495555157587,0.985997536399225,2166556.0
NF-ToN-IoT-v2,binary,sage_edge,22,val,Benign,0.9592681527919569,0.9852660044928923,0.9720932868140497,609407.0
NF-ToN-IoT-v2,binary,sage_edge,22,val,Attack,0.9915925549307011,0.9764914273700828,0.9839840556009812,1084498.0
NF-ToN-IoT-v2,binary,sage_edge,22,test,Benign,0.964839174591851,0.9852362107833004,0.9749310201228852,1218996.0
NF-ToN-IoT-v2,binary,sage_edge,22,test,Attack,0.9915932746196957,0.9797988143394402,0.9856607624841491,2166556.0
NF-ToN-IoT-v2,binary,sage_edge,33,val,Benign,0.956842916366832,0.9862308769016437,0.9713146579762446,609407.0
NF-ToN-IoT-v2,binary,sage_edge,33,val,Attack,0.9921269003669609,0.975004103280965,0.9834909795426547,1084498.0
NF-ToN-IoT-v2,binary,sage_edge,33,test,Benign,0.9650003169897688,0.9864544264296191,0.9756094394815936,1218996.0
NF-ToN-IoT-v2,binary,sage_edge,33,test,Attack,0.9922821466214526,0.979869894893093,0.9860369608902532,2166556.0
NF-ToN-IoT-v2,binary,sage_edge,44,val,Benign,0.9602569906662686,0.981521380620833,0.9707727526131839,609407.0
NF-ToN-IoT-v2,binary,sage_edge,44,val,Attack,0.9894855569965724,0.9771728486359588,0.9832906595728789,1084498.0
NF-ToN-IoT-v2,binary,sage_edge,44,test,Benign,0.9663671060276579,0.9810196259872879,0.9736382417895562,1218996.0
NF-ToN-IoT-v2,binary,sage_edge,44,test,Attack,0.9892289507851921,0.9807897880322503,0.984991293573561,2166556.0
NF-ToN-IoT-v2,binary,sage_edge,55,val,Benign,0.9528811158451469,0.9868429473242021,0.9695647197094155,609407.0
NF-ToN-IoT-v2,binary,sage_edge,55,val,Attack,0.9924556210233935,0.9725790181263589,0.9824167922521371,1084498.0
NF-ToN-IoT-v2,binary,sage_edge,55,test,Benign,0.9628428971616836,0.9863034825380887,0.9744320000778054,1218996.0
NF-ToN-IoT-v2,binary,sage_edge,55,test,Attack,0.9921866444782844,0.9785844446208637,0.9853386035725158,2166556.0
NF-ToN-IoT-v2,multiclass,edge_mlp,11,val,Backdoor,0.8830409356725146,0.9869281045751634,0.9320987654320988,1683.0
NF-ToN-IoT-v2,multiclass,edge_mlp,11,val,Benign,0.9765184822085913,0.846668974921522,0.9069697129497793,609407.0
NF-ToN-IoT-v2,multiclass,edge_mlp,11,val,DDoS,0.8410871215737622,0.9130990573022062,0.8756149912321596,202610.0
NF-ToN-IoT-v2,multiclass,edge_mlp,11,val,DoS,0.7317735349299195,0.9256089900188456,0.8173564670714043,71635.0
NF-ToN-IoT-v2,multiclass,edge_mlp,11,val,injection,0.5971117408077566,0.7649914709355727,0.670705986118035,68589.0
NF-ToN-IoT-v2,multiclass,edge_mlp,11,val,mitm,0.016531713900134953,0.393048128342246,0.03172890135981006,748.0
NF-ToN-IoT-v2,multiclass,edge_mlp,11,val,password,0.8496046751460983,0.8584652523901736,0.8540119817379999,115159.0
NF-ToN-IoT-v2,multiclass,edge_mlp,11,val,ransomware,0.04171267329162066,0.9714285714285714,0.07999058934243031,350.0
NF-ToN-IoT-v2,multiclass,edge_mlp,11,val,scanning,0.9518458438049514,0.9609037276118416,0.9563533387661817,377990.0
NF-ToN-IoT-v2,multiclass,edge_mlp,11,val,xss,0.9143119973148689,0.897922143455932,0.9060429554287638,245734.0
NF-ToN-IoT-v2,multiclass,edge_mlp,11,test,Backdoor,0.8827457264957265,0.9898173105720276,0.9332203868417337,3339.0
NF-ToN-IoT-v2,multiclass,edge_mlp,11,test,Benign,0.976380263834356,0.8459798063324244,0.906514579667887,1218996.0
NF-ToN-IoT-v2,multiclass,edge_mlp,11,test,DDoS,0.8404515654511114,0.9138252760760425,0.8756039704181615,405142.0
NF-ToN-IoT-v2,multiclass,edge_mlp,11,test,DoS,0.7292582212566956,0.9256140941716307,0.8157870327427882,142527.0
NF-ToN-IoT-v2,multiclass,edge_mlp,11,test,injection,0.5980501408676073,0.7625122955298917,0.6703412846857465,137245.0
NF-ToN-IoT-v2,multiclass,edge_mlp,11,test,mitm,0.019107921767271704,0.4275818639798489,0.03658109527786009,1588.0
NF-ToN-IoT-v2,multiclass,edge_mlp,11,test,password,0.8493830662317402,0.8572153523857441,0.8532812365080735,230557.0
NF-ToN-IoT-v2,multiclass,edge_mlp,11,test,ransomware,0.038922334147940635,0.9688427299703264,0.0748381181594178,674.0
NF-ToN-IoT-v2,multiclass,edge_mlp,11,test,scanning,0.9520153576066505,0.9609857542003107,0.9564795240246826,754468.0
NF-ToN-IoT-v2,multiclass,edge_mlp,11,test,xss,0.9141225051332149,0.898530801440279,0.9062595965519685,491016.0
NF-ToN-IoT-v2,multiclass,edge_mlp,22,val,Backdoor,0.8610679108346293,0.9869281045751634,0.9197120708748616,1683.0
NF-ToN-IoT-v2,multiclass,edge_mlp,22,val,Benign,0.979696240881247,0.8468937836290032,0.9084673025842145,609407.0
NF-ToN-IoT-v2,multiclass,edge_mlp,22,val,DDoS,0.8309129002220471,0.9160752183998816,0.8714183095219091,202610.0
NF-ToN-IoT-v2,multiclass,edge_mlp,22,val,DoS,0.7950794788036285,0.913994555733929,0.8504000415627597,71635.0
NF-ToN-IoT-v2,multiclass,edge_mlp,22,val,injection,0.6072811862581073,0.772645759524122,0.6800551794937603,68589.0
NF-ToN-IoT-v2,multiclass,edge_mlp,22,val,mitm,0.012258273323084393,0.4050802139037433,0.02379643446163512,748.0
NF-ToN-IoT-v2,multiclass,edge_mlp,22,val,password,0.8570491468100151,0.8736008475238584,0.8652458480618554,115159.0
NF-ToN-IoT-v2,multiclass,edge_mlp,22,val,ransomware,0.04176784847013113,0.9828571428571429,0.08013044491031912,350.0
NF-ToN-IoT-v2,multiclass,edge_mlp,22,val,scanning,0.9529442265087753,0.9627159448662663,0.9578051630835316,377990.0
NF-ToN-IoT-v2,multiclass,edge_mlp,22,val,xss,0.9186775729947538,0.8971774357638748,0.9078002211164115,245734.0
NF-ToN-IoT-v2,multiclass,edge_mlp,22,test,Backdoor,0.8577731637684921,0.9898173105720276,0.9190767519466073,3339.0
NF-ToN-IoT-v2,multiclass,edge_mlp,22,test,Benign,0.9793218343886162,0.8463087655742922,0.907969720466145,1218996.0
NF-ToN-IoT-v2,multiclass,edge_mlp,22,test,DDoS,0.8299919108675929,0.9167970736186325,0.8712376386256592,405142.0
NF-ToN-IoT-v2,multiclass,edge_mlp,22,test,DoS,0.7944503735325507,0.9140022592210598,0.8500433928652994,142527.0
NF-ToN-IoT-v2,multiclass,edge_mlp,22,test,injection,0.6081246868142312,0.7692957849101971,0.6792809717432704,137245.0
NF-ToN-IoT-v2,multiclass,edge_mlp,22,test,mitm,0.014686518788615415,0.45654911838790935,0.028457598178713718,1588.0
NF-ToN-IoT-v2,multiclass,edge_mlp,22,test,password,0.8574169125044763,0.8723482696252988,0.8648181472236735,230557.0
NF-ToN-IoT-v2,multiclass,edge_mlp,22,test,ransomware,0.03802037845705968,0.9688427299703264,0.07316936523054512,674.0
NF-ToN-IoT-v2,multiclass,edge_mlp,22,test,scanning,0.9529873033701968,0.9626173674695282,0.9577781294508625,754468.0
NF-ToN-IoT-v2,multiclass,edge_mlp,22,test,xss,0.9188635648610188,0.8981682877951024,0.9083980708011449,491016.0
NF-ToN-IoT-v2,multiclass,edge_mlp,33,val,Backdoor,0.8579545454545454,0.9869281045751634,0.9179331306990881,1683.0
NF-ToN-IoT-v2,multiclass,edge_mlp,33,val,Benign,0.9803976836938181,0.8390074285329837,0.9042086712935494,609407.0
NF-ToN-IoT-v2,multiclass,edge_mlp,33,val,DDoS,0.8366698657727193,0.9164799368244411,0.8747582717578972,202610.0
NF-ToN-IoT-v2,multiclass,edge_mlp,33,val,DoS,0.8345595416368253,0.8946743910099811,0.8635720541669474,71635.0
NF-ToN-IoT-v2,multiclass,edge_mlp,33,val,injection,0.573780914919985,0.776276079254691,0.6598423635552471,68589.0
NF-ToN-IoT-v2,multiclass,edge_mlp,33,val,mitm,0.011906626977910074,0.40641711229946526,0.02313546423135464,748.0
NF-ToN-IoT-v2,multiclass,edge_mlp,33,val,password,0.8481261985127595,0.8487743033544924,0.8484501271668272,115159.0
NF-ToN-IoT-v2,multiclass,edge_mlp,33,val,ransomware,0.04251363411006445,0.98,0.0814920408648135,350.0
NF-ToN-IoT-v2,multiclass,edge_mlp,33,val,scanning,0.9460113356704599,0.9630625148813461,0.9544607776946039,377990.0
NF-ToN-IoT-v2,multiclass,edge_mlp,33,val,xss,0.9148659447470563,0.9131459220132339,0.9140051241736353,245734.0
NF-ToN-IoT-v2,multiclass,edge_mlp,33,test,Backdoor,0.8557742102537546,0.9898173105720276,0.9179280655464519,3339.0
NF-ToN-IoT-v2,multiclass,edge_mlp,33,test,Benign,0.98035671650521,0.8387353198862014,0.9040332075244806,1218996.0
NF-ToN-IoT-v2,multiclass,edge_mlp,33,test,DDoS,0.8361016857623732,0.917177187257801,0.8747648810574762,405142.0
NF-ToN-IoT-v2,multiclass,edge_mlp,33,test,DoS,0.8332897506635462,0.8943217776280985,0.8627277126700125,142527.0
NF-ToN-IoT-v2,multiclass,edge_mlp,33,test,injection,0.5747484038523969,0.7739808371889686,0.659649449645258,137245.0
NF-ToN-IoT-v2,multiclass,edge_mlp,33,test,mitm,0.013799304171064461,0.4445843828715365,0.02676777251184834,1588.0
NF-ToN-IoT-v2,multiclass,edge_mlp,33,test,password,0.8489272102250751,0.8472481859149799,0.8480868670467028,230557.0
NF-ToN-IoT-v2,multiclass,edge_mlp,33,test,ransomware,0.03884420613643134,0.9673590504451038,0.0746892720087061,674.0
NF-ToN-IoT-v2,multiclass,edge_mlp,33,test,scanning,0.9462103931004312,0.9632416484198137,0.9546500660748393,754468.0
NF-ToN-IoT-v2,multiclass,edge_mlp,33,test,xss,0.9149382542371844,0.9139376313602815,0.9144376690660676,491016.0
NF-ToN-IoT-v2,multiclass,edge_mlp,44,val,Backdoor,0.7974075852136342,0.9869281045751634,0.8821030270844398,1683.0
NF-ToN-IoT-v2,multiclass,edge_mlp,44,val,Benign,0.9816774461474571,0.8378538480851057,0.9040814284866905,609407.0
NF-ToN-IoT-v2,multiclass,edge_mlp,44,val,DDoS,0.8312330586820328,0.9141799516312127,0.8707355713405949,202610.0
NF-ToN-IoT-v2,multiclass,edge_mlp,44,val,DoS,0.7816097615031335,0.886159000488588,0.8306073849213619,71635.0
NF-ToN-IoT-v2,multiclass,edge_mlp,44,val,injection,0.612593332941384,0.7595678607356865,0.6782092505565175,68589.0
NF-ToN-IoT-v2,multiclass,edge_mlp,44,val,mitm,0.010064412238325281,0.4344919786096257,0.01967312348668281,748.0
NF-ToN-IoT-v2,multiclass,edge_mlp,44,val,password,0.856612355100546,0.873349021787268,0.8648997282515222,115159.0
NF-ToN-IoT-v2,multiclass,edge_mlp,44,val,ransomware,0.04514435695538058,0.9828571428571429,0.0863237139272271,350.0
NF-ToN-IoT-v2,multiclass,edge_mlp,44,val,scanning,0.943368057259608,0.9662266197518453,0.9546605257345397,377990.0
NF-ToN-IoT-v2,multiclass,edge_mlp,44,val,xss,0.9162712376857116,0.8879479437114929,0.9018872759738112,245734.0
NF-ToN-IoT-v2,multiclass,edge_mlp,44,test,Backdoor,0.7876549094375596,0.9898173105720276,0.8772395487723955,3339.0
NF-ToN-IoT-v2,multiclass,edge_mlp,44,test,Benign,0.9815273777432542,0.8375523791710555,0.9038422722540528,1218996.0
NF-ToN-IoT-v2,multiclass,edge_mlp,44,test,DDoS,0.8299871916593519,0.9148866323412532,0.8703714574875019,405142.0
NF-ToN-IoT-v2,multiclass,edge_mlp,44,test,DoS,0.7805837979665464,0.8850252934531703,0.8295300601070615,142527.0
NF-ToN-IoT-v2,multiclass,edge_mlp,44,test,injection,0.6145166822391219,0.7571569091770192,0.6784202228192213,137245.0
NF-ToN-IoT-v2,multiclass,edge_mlp,44,test,mitm,0.01184224710103639,0.48425692695214106,0.02311912814731304,1588.0
NF-ToN-IoT-v2,multiclass,edge_mlp,44,test,password,0.8573694916989002,0.8719839345584823,0.8646149611649651,230557.0
NF-ToN-IoT-v2,multiclass,edge_mlp,44,test,ransomware,0.04163739702407561,0.9673590504451038,0.07983836404824589,674.0
NF-ToN-IoT-v2,multiclass,edge_mlp,44,test,scanning,0.9435915554934331,0.9663537751104089,0.9548370282672926,754468.0
NF-ToN-IoT-v2,multiclass,edge_mlp,44,test,xss,0.9164562917161976,0.8886797986216335,0.9023543400713436,491016.0
NF-ToN-IoT-v2,multiclass,edge_mlp,55,val,Backdoor,0.9453614114968697,0.9869281045751634,0.9656976744186047,1683.0
NF-ToN-IoT-v2,multiclass,edge_mlp,55,val,Benign,0.9802252758155027,0.8349625127377927,0.9017814735260132,609407.0
NF-ToN-IoT-v2,multiclass,edge_mlp,55,val,DDoS,0.8354170613121172,0.9142046295839297,0.873036895986124,202610.0
NF-ToN-IoT-v2,multiclass,edge_mlp,55,val,DoS,0.8365960326964128,0.8972429678229915,0.8658588335140742,71635.0
NF-ToN-IoT-v2,multiclass,edge_mlp,55,val,injection,0.6024416805181406,0.7662161571097407,0.6745302392442756,68589.0
NF-ToN-IoT-v2,multiclass,edge_mlp,55,val,mitm,0.010555536515987526,0.4117647058823529,0.020583419654492598,748.0
NF-ToN-IoT-v2,multiclass,edge_mlp,55,val,password,0.8482916420289482,0.8595767590896065,0.8538969161095535,115159.0
NF-ToN-IoT-v2,multiclass,edge_mlp,55,val,ransomware,0.03600209314495029,0.9828571428571429,0.06945986875315498,350.0
NF-ToN-IoT-v2,multiclass,edge_mlp,55,val,scanning,0.943213063964371,0.9665070504510701,0.9547179919379601,377990.0
NF-ToN-IoT-v2,multiclass,edge_mlp,55,val,xss,0.9211720922623916,0.9166212245761677,0.9188910238366235,245734.0
NF-ToN-IoT-v2,multiclass,edge_mlp,55,test,Backdoor,0.9309859154929577,0.9898173105720276,0.9595006532152707,3339.0
NF-ToN-IoT-v2,multiclass,edge_mlp,55,test,Benign,0.9801206937240227,0.8347254625938068,0.9015989555020665,1218996.0
NF-ToN-IoT-v2,multiclass,edge_mlp,55,test,DDoS,0.8346725520223404,0.9148101159593427,0.8729059259381381,405142.0
NF-ToN-IoT-v2,multiclass,edge_mlp,55,test,DoS,0.835033067961038,0.8956127610908811,0.86426264582219,142527.0
NF-ToN-IoT-v2,multiclass,edge_mlp,55,test,injection,0.6032200956110051,0.7621771284928412,0.6734458693860733,137245.0
NF-ToN-IoT-v2,multiclass,edge_mlp,55,test,mitm,0.01265065390204291,0.4659949622166247,0.02463259158164539,1588.0
NF-ToN-IoT-v2,multiclass,edge_mlp,55,test,password,0.8484762725600422,0.8582432977528334,0.8533318383329596,230557.0
NF-ToN-IoT-v2,multiclass,edge_mlp,55,test,ransomware,0.03318449360665719,0.9703264094955489,0.06417427141595526,674.0
NF-ToN-IoT-v2,multiclass,edge_mlp,55,test,scanning,0.9436055350338661,0.9666519984943033,0.9549897437609789,754468.0
NF-ToN-IoT-v2,multiclass,edge_mlp,55,test,xss,0.921001206026042,0.9176136826498525,0.9193043236967802,491016.0
NF-ToN-IoT-v2,multiclass,sage,11,val,Backdoor,0.794969150450878,0.9952465834818776,0.8839050131926122,1683.0
NF-ToN-IoT-v2,multiclass,sage,11,val,Benign,0.9476607586667465,0.9616873452388962,0.9546225304072049,609407.0
NF-ToN-IoT-v2,multiclass,sage,11,val,DDoS,0.9727656631492911,0.9163614826513993,0.9437215354586858,202610.0
NF-ToN-IoT-v2,multiclass,sage,11,val,DoS,0.8335700705841218,0.5324911007189224,0.6498517837064295,71635.0
NF-ToN-IoT-v2,multiclass,sage,11,val,injection,0.5072697382467227,0.6928078846462261,0.5856962376359659,68589.0
NF-ToN-IoT-v2,multiclass,sage,11,val,mitm,0.011379962192816635,0.8048128342245989,0.02244258872651357,748.0
NF-ToN-IoT-v2,multiclass,sage,11,val,password,0.7855713374893738,0.7703522955218437,0.777887385076747,115159.0
NF-ToN-IoT-v2,multiclass,sage,11,val,ransomware,0.3960739030023095,0.98,0.5641447368421053,350.0
NF-ToN-IoT-v2,multiclass,sage,11,val,scanning,0.9633484580352425,0.9116193550093917,0.9367703209126758,377990.0
NF-ToN-IoT-v2,multiclass,sage,11,val,xss,0.9362279077211514,0.833173268656352,0.8816994998051328,245734.0
NF-ToN-IoT-v2,multiclass,sage,11,test,Backdoor,0.8737201365187713,0.9967056004791854,0.9311695579182988,3339.0
NF-ToN-IoT-v2,multiclass,sage,11,test,Benign,0.9530280472654971,0.9641360595112699,0.9585498735829051,1218996.0
NF-ToN-IoT-v2,multiclass,sage,11,test,DDoS,0.9794207337162075,0.9172166795839484,0.9472986528634777,405142.0
NF-ToN-IoT-v2,multiclass,sage,11,test,DoS,0.8568167923374771,0.5899794424915981,0.6987912759123602,142527.0
NF-ToN-IoT-v2,multiclass,sage,11,test,injection,0.532720070710708,0.7114138948595577,0.6092341674804307,137245.0
NF-ToN-IoT-v2,multiclass,sage,11,test,mitm,0.016712953161388346,0.845088161209068,0.03277767600903706,1588.0
NF-ToN-IoT-v2,multiclass,sage,11,test,password,0.8104189462021985,0.767788442771202,0.7885279273741275,230557.0
NF-ToN-IoT-v2,multiclass,sage,11,test,ransomware,0.474025974025974,0.9747774480712166,0.6378640776699029,674.0
NF-ToN-IoT-v2,multiclass,sage,11,test,scanning,0.9634770148921519,0.9179726641819136,0.9401745601549715,754468.0
NF-ToN-IoT-v2,multiclass,sage,11,test,xss,0.9357452336915131,0.8933293416100494,0.9140454794092365,491016.0
NF-ToN-IoT-v2,multiclass,sage,22,val,Backdoor,0.6713426853707415,0.9952465834818776,0.8018190521780756,1683.0
NF-ToN-IoT-v2,multiclass,sage,22,val,Benign,0.9483235305624748,0.9545870001493255,0.9514449571856965,609407.0
NF-ToN-IoT-v2,multiclass,sage,22,val,DDoS,0.9412456052741754,0.920986130990573,0.9310056653336959,202610.0
NF-ToN-IoT-v2,multiclass,sage,22,val,DoS,0.8535110335936907,0.6284776994485936,0.7239092158896312,71635.0
NF-ToN-IoT-v2,multiclass,sage,22,val,injection,0.5432270943571653,0.5792474011867792,0.5606593003400928,68589.0
NF-ToN-IoT-v2,multiclass,sage,22,val,mitm,0.010803455456363523,0.7005347593582888,0.02127875576130434,748.0
NF-ToN-IoT-v2,multiclass,sage,22,val,password,0.7009398300676262,0.8775519064944989,0.7793656057439441,115159.0
NF-ToN-IoT-v2,multiclass,sage,22,val,ransomware,0.31822386679000925,0.9828571428571429,0.4807826694619147,350.0
NF-ToN-IoT-v2,multiclass,sage,22,val,scanning,0.9636590429628638,0.9136035344850393,0.9379639462969854,377990.0
NF-ToN-IoT-v2,multiclass,sage,22,val,xss,0.9470229862835785,0.7774341360983829,0.8538895953408439,245734.0
NF-ToN-IoT-v2,multiclass,sage,22,test,Backdoor,0.8386283408976298,0.9961066187481282,0.9106091718001369,3339.0
NF-ToN-IoT-v2,multiclass,sage,22,test,Benign,0.9546094746648291,0.9557849246429029,0.955196838031509,1218996.0
NF-ToN-IoT-v2,multiclass,sage,22,test,DDoS,0.9512956380271419,0.9208178860745121,0.9358086752355438,405142.0
NF-ToN-IoT-v2,multiclass,sage,22,test,DoS,0.8666154568343789,0.7124053688073138,0.7819801919196586,142527.0
NF-ToN-IoT-v2,multiclass,sage,22,test,injection,0.5746474818171224,0.6107982075849758,0.5921716279792599,137245.0
NF-ToN-IoT-v2,multiclass,sage,22,test,mitm,0.015496986697031133,0.7027707808564232,0.03032526290046466,1588.0
NF-ToN-IoT-v2,multiclass,sage,22,test,password,0.7116057925376535,0.8938830744674853,0.7923971155639203,230557.0
NF-ToN-IoT-v2,multiclass,sage,22,test,ransomware,0.4529331514324693,0.9851632047477745,0.6205607476635514,674.0
NF-ToN-IoT-v2,multiclass,sage,22,test,scanning,0.9632358259108637,0.917938202813108,0.9400416435916648,754468.0
NF-ToN-IoT-v2,multiclass,sage,22,test,xss,0.9533365895785993,0.8228346937777995,0.8832914123808369,491016.0
NF-ToN-IoT-v2,multiclass,sage,33,val,Backdoor,0.5259026687598116,0.9952465834818776,0.6881676253081348,1683.0
NF-ToN-IoT-v2,multiclass,sage,33,val,Benign,0.9600217366528527,0.9537550438376979,0.9568781300521223,609407.0
NF-ToN-IoT-v2,multiclass,sage,33,val,DDoS,0.9433307456961505,0.9176348650115986,0.9303054032889585,202610.0
NF-ToN-IoT-v2,multiclass,sage,33,val,DoS,0.8397790944805822,0.7280938088923012,0.7799585772713338,71635.0
NF-ToN-IoT-v2,multiclass,sage,33,val,injection,0.5783494679800175,0.5975156366181166,0.5877763515500068,68589.0
NF-ToN-IoT-v2,multiclass,sage,33,val,mitm,0.01253455726440669,0.6243315508021391,0.0245757137218787,748.0
NF-ToN-IoT-v2,multiclass,sage,33,val,password,0.7352363622578566,0.8420878958657161,0.7850429460765662,115159.0
NF-ToN-IoT-v2,multiclass,sage,33,val,ransomware,0.4190715181932246,0.9542857142857143,0.5823888404533566,350.0
NF-ToN-IoT-v2,multiclass,sage,33,val,scanning,0.9666438306970679,0.9257572951665388,0.945758873068898,377990.0
NF-ToN-IoT-v2,multiclass,sage,33,val,xss,0.9228140577483775,0.838487958524258,0.878632362002759,245734.0
NF-ToN-IoT-v2,multiclass,sage,33,test,Backdoor,0.6784257748776509,0.9964061096136568,0.8072303772898217,3339.0
NF-ToN-IoT-v2,multiclass,sage,33,test,Benign,0.9630726961527537,0.9541032128079173,0.9585669726729027,1218996.0
NF-ToN-IoT-v2,multiclass,sage,33,test,DDoS,0.952378394005214,0.9188358649559908,0.9353064954806128,405142.0
NF-ToN-IoT-v2,multiclass,sage,33,test,DoS,0.8503157300851351,0.8248051246430501,0.8373661754126035,142527.0
NF-ToN-IoT-v2,multiclass,sage,33,test,injection,0.6095928364031297,0.6011803708696127,0.6053573786849403,137245.0
NF-ToN-IoT-v2,multiclass,sage,33,test,mitm,0.020809849995664615,0.6045340050377834,0.040234702430846606,1588.0
NF-ToN-IoT-v2,multiclass,sage,33,test,password,0.7587614329268293,0.8635565174772399,0.807774308915382,230557.0
NF-ToN-IoT-v2,multiclass,sage,33,test,ransomware,0.5797773654916512,0.9272997032640949,0.7134703196347032,674.0
NF-ToN-IoT-v2,multiclass,sage,33,test,scanning,0.9643545478182276,0.9291288696140857,0.9464140458505836,754468.0
NF-ToN-IoT-v2,multiclass,sage,33,test,xss,0.9254636014838638,0.8896431073529172,0.9071999019757494,491016.0
NF-ToN-IoT-v2,multiclass,sage,44,val,Backdoor,0.7198109153416415,0.9952465834818776,0.8354114713216958,1683.0
NF-ToN-IoT-v2,multiclass,sage,44,val,Benign,0.9725264750378215,0.9493753763904911,0.960811487436343,609407.0
NF-ToN-IoT-v2,multiclass,sage,44,val,DDoS,0.949846197722504,0.920527121070036,0.9349568634921271,202610.0
NF-ToN-IoT-v2,multiclass,sage,44,val,DoS,0.827540650406504,0.6820409017938158,0.7477788406351635,71635.0
NF-ToN-IoT-v2,multiclass,sage,44,val,injection,0.5064116231610368,0.7272011547041071,0.5970481559952598,68589.0
NF-ToN-IoT-v2,multiclass,sage,44,val,mitm,0.013296134318604534,0.7072192513368984,0.026101544382493708,748.0
NF-ToN-IoT-v2,multiclass,sage,44,val,password,0.8061700045538664,0.72251408921578,0.7620530480656507,115159.0
NF-ToN-IoT-v2,multiclass,sage,44,val,ransomware,0.3752711496746204,0.9885714285714285,0.5440251572327044,350.0
NF-ToN-IoT-v2,multiclass,sage,44,val,scanning,0.9521210222536094,0.9487658403661473,0.9504404702589817,377990.0
NF-ToN-IoT-v2,multiclass,sage,44,val,xss,0.9307289369706679,0.841645844693856,0.8839486438664125,245734.0
NF-ToN-IoT-v2,multiclass,sage,44,test,Backdoor,0.8079630978392813,0.9967056004791854,0.8924644676857066,3339.0
NF-ToN-IoT-v2,multiclass,sage,44,test,Benign,0.9753653061465064,0.9502713708658601,0.9626548326913568,1218996.0
NF-ToN-IoT-v2,multiclass,sage,44,test,DDoS,0.9573124254128759,0.9206944725553016,0.938646454962147,405142.0
NF-ToN-IoT-v2,multiclass,sage,44,test,DoS,0.8654068367838228,0.7566776821233872,0.8073981740390123,142527.0
NF-ToN-IoT-v2,multiclass,sage,44,test,injection,0.5258631025297518,0.7350358847316842,0.6130994706486529,137245.0
NF-ToN-IoT-v2,multiclass,sage,44,test,mitm,0.019996058124742436,0.7027707808564232,0.038885694872732975,1588.0
NF-ToN-IoT-v2,multiclass,sage,44,test,password,0.8220853536015376,0.7346556383020251,0.7759153813382685,230557.0
NF-ToN-IoT-v2,multiclass,sage,44,test,ransomware,0.4230769230769231,0.9792284866468842,0.5908683974932856,674.0
NF-ToN-IoT-v2,multiclass,sage,44,test,scanning,0.9512675522776733,0.9518866273983787,0.9515769891488625,754468.0
NF-ToN-IoT-v2,multiclass,sage,44,test,xss,0.9333901519186926,0.8921664467145674,0.9123128539089037,491016.0
NF-ToN-IoT-v2,multiclass,sage,55,val,Backdoor,0.7258134490238611,0.994058229352347,0.8390170511534604,1683.0
NF-ToN-IoT-v2,multiclass,sage,55,val,Benign,0.9596249768923338,0.962557043158349,0.961088773761424,609407.0
NF-ToN-IoT-v2,multiclass,sage,55,val,DDoS,0.9633072987915361,0.9210256157149203,0.941692087594335,202610.0
NF-ToN-IoT-v2,multiclass,sage,55,val,DoS,0.8559745826440066,0.635597124310742,0.7295056357999471,71635.0
NF-ToN-IoT-v2,multiclass,sage,55,val,injection,0.533053701187452,0.6577585327093266,0.5888764162272229,68589.0
NF-ToN-IoT-v2,multiclass,sage,55,val,mitm,0.012004023695093327,0.7179144385026738,0.023613218125453465,748.0
NF-ToN-IoT-v2,multiclass,sage,55,val,password,0.7628305079122848,0.7986870327112948,0.7803470905396406,115159.0
NF-ToN-IoT-v2,multiclass,sage,55,val,ransomware,0.37527352297593,0.98,0.5427215189873418,350.0
NF-ToN-IoT-v2,multiclass,sage,55,val,scanning,0.9669481757446972,0.93658826953094,0.9515261143483776,377990.0
NF-ToN-IoT-v2,multiclass,sage,55,val,xss,0.93602040250596,0.8244524567214956,0.8767011843921606,245734.0
NF-ToN-IoT-v2,multiclass,sage,55,test,Backdoor,0.85351462288353,0.9964061096136568,0.9194417576343789,3339.0
NF-ToN-IoT-v2,multiclass,sage,55,test,Benign,0.9657367007921708,0.9639834749252664,0.9648592914217587,1218996.0
NF-ToN-IoT-v2,multiclass,sage,55,test,DDoS,0.9669785774071589,0.9210548400313964,0.9434581938023596,405142.0
NF-ToN-IoT-v2,multiclass,sage,55,test,DoS,0.8811300549048938,0.7273849867042735,0.7969098910390684,142527.0
NF-ToN-IoT-v2,multiclass,sage,55,test,injection,0.559547398368694,0.6892855841742869,0.6176774008200788,137245.0
NF-ToN-IoT-v2,multiclass,sage,55,test,mitm,0.019076942610462163,0.756926952141058,0.037215926682766735,1588.0
NF-ToN-IoT-v2,multiclass,sage,55,test,password,0.7857635028597275,0.8062257923203373,0.7958631437880792,230557.0
NF-ToN-IoT-v2,multiclass,sage,55,test,ransomware,0.42141951837769326,0.9866468842729971,0.5905861456483126,674.0
NF-ToN-IoT-v2,multiclass,sage,55,test,scanning,0.9670459105264738,0.939126642879486,0.952881813181419,754468.0
NF-ToN-IoT-v2,multiclass,sage,55,test,xss,0.9388890343184734,0.8765457744757809,0.9066469495317181,491016.0
NF-ToN-IoT-v2,multiclass,sage_edge,11,val,Backdoor,0.8682291666666667,0.9904931669637552,0.9253399944490702,1683.0
NF-ToN-IoT-v2,multiclass,sage_edge,11,val,Benign,0.9627303700260595,0.958433362268566,0.9605770606548507,609407.0
NF-ToN-IoT-v2,multiclass,sage_edge,11,val,DDoS,0.9596339246153611,0.929998519322837,0.9445838335885783,202610.0
NF-ToN-IoT-v2,multiclass,sage_edge,11,val,DoS,0.8672943366506766,0.6764012005304669,0.7600448616895289,71635.0
NF-ToN-IoT-v2,multiclass,sage_edge,11,val,injection,0.5707781093653999,0.7584743909373223,0.6513744811654448,68589.0
NF-ToN-IoT-v2,multiclass,sage_edge,11,val,mitm,0.012485208529546717,0.6911764705882353,0.024527362003937663,748.0
NF-ToN-IoT-v2,multiclass,sage_edge,11,val,password,0.8277555557580341,0.7888831962764525,0.8078520297007692,115159.0
NF-ToN-IoT-v2,multiclass,sage_edge,11,val,ransomware,0.3887005649717514,0.9828571428571429,0.557085020242915,350.0
NF-ToN-IoT-v2,multiclass,sage_edge,11,val,scanning,0.9719177593483976,0.9369586496997275,0.9541180844414751,377990.0
NF-ToN-IoT-v2,multiclass,sage_edge,11,val,xss,0.9346944929798575,0.8577079280848398,0.8945478621813644,245734.0
NF-ToN-IoT-v2,multiclass,sage_edge,11,test,Backdoor,0.9183051786208807,0.9931117100928422,0.9542446043165468,3339.0
NF-ToN-IoT-v2,multiclass,sage_edge,11,test,Benign,0.9667105532347371,0.9613337533511185,0.9640146560645473,1218996.0
NF-ToN-IoT-v2,multiclass,sage_edge,11,test,DDoS,0.9662215379752804,0.9356447862724674,0.9506873673135933,405142.0
NF-ToN-IoT-v2,multiclass,sage_edge,11,test,DoS,0.892889348500517,0.7572459954955904,0.8194926386284083,142527.0
NF-ToN-IoT-v2,multiclass,sage_edge,11,test,injection,0.597579629296383,0.774265000546468,0.6745443061678553,137245.0
NF-ToN-IoT-v2,multiclass,sage_edge,11,test,mitm,0.02083599875715095,0.7178841309823678,0.04049661640112964,1588.0
NF-ToN-IoT-v2,multiclass,sage_edge,11,test,password,0.840606347357694,0.8014157019739153,0.8205433370710423,230557.0
NF-ToN-IoT-v2,multiclass,sage_edge,11,test,ransomware,0.44399731723675384,0.9821958456973294,0.6115473441108545,674.0
NF-ToN-IoT-v2,multiclass,sage_edge,11,test,scanning,0.9695166748144891,0.9410326216618863,0.9550623162964009,754468.0
NF-ToN-IoT-v2,multiclass,sage_edge,11,test,xss,0.9401242795886826,0.9006346025384101,0.9199558563646821,491016.0
NF-ToN-IoT-v2,multiclass,sage_edge,22,val,Backdoor,0.6894409937888198,0.9893048128342246,0.8125915080527086,1683.0
NF-ToN-IoT-v2,multiclass,sage_edge,22,val,Benign,0.9723708748885105,0.9445707056203818,0.958269206278389,609407.0
NF-ToN-IoT-v2,multiclass,sage_edge,22,val,DDoS,0.9464108187499688,0.9350180149054834,0.9406799228364794,202610.0
NF-ToN-IoT-v2,multiclass,sage_edge,22,val,DoS,0.8521797514208981,0.761876177846025,0.8045018020474797,71635.0
NF-ToN-IoT-v2,multiclass,sage_edge,22,val,injection,0.629217016306545,0.6126492586274767,0.6208226221079691,68589.0
NF-ToN-IoT-v2,multiclass,sage_edge,22,val,mitm,0.011315381290207746,0.5949197860962567,0.022208359326263256,748.0
NF-ToN-IoT-v2,multiclass,sage_edge,22,val,password,0.7707373271889401,0.84816644812824,0.807600243088715,115159.0
NF-ToN-IoT-v2,multiclass,sage_edge,22,val,ransomware,0.3940774487471526,0.9885714285714285,0.5635179153094463,350.0
NF-ToN-IoT-v2,multiclass,sage_edge,22,val,scanning,0.9507534373103211,0.9531178073494008,0.9519341542038788,377990.0
NF-ToN-IoT-v2,multiclass,sage_edge,22,val,xss,0.9292371263670867,0.84192663611873,0.8834298719626628,245734.0
NF-ToN-IoT-v2,multiclass,sage_edge,22,test,Backdoor,0.8455637944259781,0.9904162923030848,0.9122758620689655,3339.0
NF-ToN-IoT-v2,multiclass,sage_edge,22,test,Benign,0.9764376207367262,0.9441606043005883,0.9600278934327399,1218996.0
NF-ToN-IoT-v2,multiclass,sage_edge,22,test,DDoS,0.9545187756469519,0.9352819505259884,0.9448024544986467,405142.0
NF-ToN-IoT-v2,multiclass,sage_edge,22,test,DoS,0.8691448028986772,0.8381359321391736,0.8533587647203797,142527.0
NF-ToN-IoT-v2,multiclass,sage_edge,22,test,injection,0.6329699120441927,0.6654012896644687,0.6487805571145416,137245.0
NF-ToN-IoT-v2,multiclass,sage_edge,22,test,mitm,0.01827383143172617,0.6253148614609572,0.03550994135316836,1588.0
NF-ToN-IoT-v2,multiclass,sage_edge,22,test,password,0.8115003088092567,0.8377364382777361,0.8244096908026156,230557.0
NF-ToN-IoT-v2,multiclass,sage_edge,22,test,ransomware,0.455044612216884,0.983679525222552,0.6222430783669639,674.0
NF-ToN-IoT-v2,multiclass,sage_edge,22,test,scanning,0.9464500798831962,0.9571393352667045,0.9517646958035714,754468.0
NF-ToN-IoT-v2,multiclass,sage_edge,22,test,xss,0.9306809114188347,0.8860077879335908,0.9077950844216208,491016.0
NF-ToN-IoT-v2,multiclass,sage_edge,33,val,Backdoor,0.6539211861100274,0.995840760546643,0.7894488930758361,1683.0
NF-ToN-IoT-v2,multiclass,sage_edge,33,val,Benign,0.9739567904643796,0.9549381611960479,0.9643537153434296,609407.0
NF-ToN-IoT-v2,multiclass,sage_edge,33,val,DDoS,0.9763527116176789,0.9335225309708307,0.9544573741206867,202610.0
NF-ToN-IoT-v2,multiclass,sage_edge,33,val,DoS,0.865695595290013,0.6927619180568158,0.7696339950372209,71635.0
NF-ToN-IoT-v2,multiclass,sage_edge,33,val,injection,0.5521740474693655,0.7811456647567394,0.6469991546914624,68589.0
NF-ToN-IoT-v2,multiclass,sage_edge,33,val,mitm,0.012692418640023077,0.6470588235294118,0.024896479000025718,748.0
NF-ToN-IoT-v2,multiclass,sage_edge,33,val,password,0.8540959327805595,0.7361560972221016,0.7907525557794195,115159.0
NF-ToN-IoT-v2,multiclass,sage_edge,33,val,ransomware,0.4148418491484185,0.9742857142857143,0.5819112627986348,350.0
NF-ToN-IoT-v2,multiclass,sage_edge,33,val,scanning,0.9531274547796852,0.963006957856028,0.9580417371805163,377990.0
NF-ToN-IoT-v2,multiclass,sage_edge,33,val,xss,0.9389328877799297,0.8621436187096617,0.8989012900666354,245734.0
NF-ToN-IoT-v2,multiclass,sage_edge,33,test,Backdoor,0.8448844884488449,0.9967056004791854,0.91453696070349,3339.0
NF-ToN-IoT-v2,multiclass,sage_edge,33,test,Benign,0.9801673521772963,0.9547906637921699,0.9673126022260342,1218996.0
NF-ToN-IoT-v2,multiclass,sage_edge,33,test,DDoS,0.9805851805201375,0.9377304747471257,0.9586791457749269,405142.0
NF-ToN-IoT-v2,multiclass,sage_edge,33,test,DoS,0.883283167760952,0.794754678060999,0.8366836676281258,142527.0
NF-ToN-IoT-v2,multiclass,sage_edge,33,test,injection,0.5591645118369192,0.8114393966993333,0.6620849558574359,137245.0
NF-ToN-IoT-v2,multiclass,sage_edge,33,test,mitm,0.021200235340262795,0.6807304785894207,0.04111986001749781,1588.0
NF-ToN-IoT-v2,multiclass,sage_edge,33,test,password,0.8764878659970627,0.7403331930932481,0.8026776456093243,230557.0
NF-ToN-IoT-v2,multiclass,sage_edge,33,test,ransomware,0.48398835516739447,0.9866468842729971,0.6494140625,674.0
NF-ToN-IoT-v2,multiclass,sage_edge,33,test,scanning,0.9505420716084215,0.96721663476781,0.9588068620411242,754468.0
NF-ToN-IoT-v2,multiclass,sage_edge,33,test,xss,0.9463215112211398,0.895266142040178,0.9200861082883937,491016.0
NF-ToN-IoT-v2,multiclass,sage_edge,44,val,Backdoor,0.6613986566574477,0.9946524064171123,0.7944945420028476,1683.0
NF-ToN-IoT-v2,multiclass,sage_edge,44,val,Benign,0.9588057278189409,0.9612853150685831,0.9600439203861061,609407.0
NF-ToN-IoT-v2,multiclass,sage_edge,44,val,DDoS,0.9723557065868887,0.92079364295938,0.9458724992141474,202610.0
NF-ToN-IoT-v2,multiclass,sage_edge,44,val,DoS,0.7503283725974573,0.8692119773853563,0.8054068037770017,71635.0
NF-ToN-IoT-v2,multiclass,sage_edge,44,val,injection,0.5761315280464216,0.6514018282815028,0.6114589534621149,68589.0
NF-ToN-IoT-v2,multiclass,sage_edge,44,val,mitm,0.025031525851197983,0.5307486631016043,0.04780828516377649,748.0
NF-ToN-IoT-v2,multiclass,sage_edge,44,val,password,0.755287147111013,0.8612092845543987,0.8047779022023143,115159.0
NF-ToN-IoT-v2,multiclass,sage_edge,44,val,ransomware,0.35,0.98,0.5157894736842106,350.0
NF-ToN-IoT-v2,multiclass,sage_edge,44,val,scanning,0.9712873909516794,0.9313659091510358,0.9509078336781714,377990.0
NF-ToN-IoT-v2,multiclass,sage_edge,44,val,xss,0.9424022595647393,0.8336900876557578,0.8847191122838308,245734.0
NF-ToN-IoT-v2,multiclass,sage_edge,44,test,Backdoor,0.7815875998121183,0.9967056004791854,0.8761353165723312,3339.0
NF-ToN-IoT-v2,multiclass,sage_edge,44,test,Benign,0.9631344510190664,0.9613993811300448,0.9622661339455356,1218996.0
NF-ToN-IoT-v2,multiclass,sage_edge,44,test,DDoS,0.9723430564775405,0.9219261394770228,0.9464636623137378,405142.0
NF-ToN-IoT-v2,multiclass,sage_edge,44,test,DoS,0.8209605003633343,0.8877826657405263,0.8530650081744787,142527.0
NF-ToN-IoT-v2,multiclass,sage_edge,44,test,injection,0.5980016673666263,0.6951145761229918,0.6429115365694222,137245.0
NF-ToN-IoT-v2,multiclass,sage_edge,44,test,mitm,0.034335589049523225,0.5623425692695214,0.06471952456877808,1588.0
NF-ToN-IoT-v2,multiclass,sage_edge,44,test,password,0.7840032400890238,0.8647883169888574,0.8224166840252356,230557.0
NF-ToN-IoT-v2,multiclass,sage_edge,44,test,ransomware,0.412826899128269,0.983679525222552,0.5815789473684211,674.0
NF-ToN-IoT-v2,multiclass,sage_edge,44,test,scanning,0.9689441420167086,0.9354207202956255,0.9518873669523136,754468.0
NF-ToN-IoT-v2,multiclass,sage_edge,44,test,xss,0.9470382664519451,0.8802829235707187,0.9124412483996027,491016.0
NF-ToN-IoT-v2,multiclass,sage_edge,55,val,Backdoor,0.742135578201152,0.9952465834818776,0.850253807106599,1683.0
NF-ToN-IoT-v2,multiclass,sage_edge,55,val,Benign,0.9756164603976991,0.9551646108429999,0.965282217241731,609407.0
NF-ToN-IoT-v2,multiclass,sage_edge,55,val,DDoS,0.9688589164552786,0.9274764325551552,0.947716143088414,202610.0
NF-ToN-IoT-v2,multiclass,sage_edge,55,val,DoS,0.8772324338417417,0.7515041529978362,0.8095155748366578,71635.0
NF-ToN-IoT-v2,multiclass,sage_edge,55,val,injection,0.5421456921041566,0.770721252679001,0.6365354975435893,68589.0
NF-ToN-IoT-v2,multiclass,sage_edge,55,val,mitm,0.013133054255930395,0.6417112299465241,0.02573933560339974,748.0
NF-ToN-IoT-v2,multiclass,sage_edge,55,val,password,0.8375582282086385,0.7915924938563204,0.8139269100616969,115159.0
NF-ToN-IoT-v2,multiclass,sage_edge,55,val,ransomware,0.2661042944785276,0.9914285714285714,0.4195888754534462,350.0
NF-ToN-IoT-v2,multiclass,sage_edge,55,val,scanning,0.956193778727278,0.9614883991639991,0.958833779860251,377990.0
NF-ToN-IoT-v2,multiclass,sage_edge,55,val,xss,0.9481314702195812,0.8311304093043698,0.8857840501014868,245734.0
NF-ToN-IoT-v2,multiclass,sage_edge,55,test,Backdoor,0.8684759916492694,0.9967056004791854,0.9281829591409845,3339.0
NF-ToN-IoT-v2,multiclass,sage_edge,55,test,Benign,0.980378371468746,0.956331275902464,0.9682055336756237,1218996.0
NF-ToN-IoT-v2,multiclass,sage_edge,55,test,DDoS,0.9774275428009014,0.931463536241614,0.9538921580522527,405142.0
NF-ToN-IoT-v2,multiclass,sage_edge,55,test,DoS,0.8978153897716367,0.8269801511292597,0.8609432122391887,142527.0
NF-ToN-IoT-v2,multiclass,sage_edge,55,test,injection,0.5673246974271697,0.8063827461838319,0.666052804207967,137245.0
NF-ToN-IoT-v2,multiclass,sage_edge,55,test,mitm,0.021344279117496152,0.654911838790932,0.041341204062568325,1588.0
NF-ToN-IoT-v2,multiclass,sage_edge,55,test,password,0.8620626220507354,0.7926846723369926,0.8259192559636116,230557.0
NF-ToN-IoT-v2,multiclass,sage_edge,55,test,ransomware,0.31188351338656645,0.9851632047477745,0.47377809489832323,674.0
NF-ToN-IoT-v2,multiclass,sage_edge,55,test,scanning,0.9550001179242192,0.9660555517265146,0.9604960235097222,754468.0
NF-ToN-IoT-v2,multiclass,sage_edge,55,test,xss,0.9520299834624116,0.8804865829219415,0.9148617178746272,491016.0
NF-UNSW-NB15-v2,binary,edge_mlp,11,val,Benign,0.9999649490227349,0.9943059536982983,0.9971274223038729,229538.0
NF-UNSW-NB15-v2,binary,edge_mlp,11,val,Attack,0.8803661327231121,0.9991689175150633,0.9360128460902146,9626.0
NF-UNSW-NB15-v2,binary,edge_mlp,11,test,Benign,0.9999605666139427,0.9940719123636126,0.9970075444827421,459170.0
NF-UNSW-NB15-v2,binary,edge_mlp,11,test,Attack,0.8736363214335453,0.9990444338270426,0.9321412650453217,18837.0
NF-UNSW-NB15-v2,binary,edge_mlp,22,val,Benign,0.9999649520938934,0.9943930852407881,0.9971712352855087,229538.0
NF-UNSW-NB15-v2,binary,edge_mlp,22,val,Attack,0.881980742778542,0.9991689175150633,0.9369246505284692,9626.0
NF-UNSW-NB15-v2,binary,edge_mlp,22,test,Benign,0.9999627582550709,0.9940980464751618,0.9970217780432853,459170.0
NF-UNSW-NB15-v2,binary,edge_mlp,22,test,Attack,0.8741291221551324,0.9990975208366513,0.9324448187876235,18837.0
NF-UNSW-NB15-v2,binary,edge_mlp,33,val,Benign,0.9999693274383591,0.9942144655786841,0.9970835927515811,229538.0
NF-UNSW-NB15-v2,binary,edge_mlp,33,val,Attack,0.8786882250844981,0.9992728028256804,0.9351091236086132,9626.0
NF-UNSW-NB15-v2,binary,edge_mlp,33,test,Benign,0.9999627533593184,0.9939673759174162,0.9969560511453308,459170.0
NF-UNSW-NB15-v2,binary,edge_mlp,33,test,Attack,0.8716998610467809,0.9990975208366513,0.9310609246295792,18837.0
NF-UNSW-NB15-v2,binary,edge_mlp,44,val,Benign,0.999964949790575,0.9943277365839207,0.9971383759081833,229538.0
NF-UNSW-NB15-v2,binary,edge_mlp,44,val,Attack,0.8807692307692307,0.9991689175150633,0.9362406307797139,9626.0
NF-UNSW-NB15-v2,binary,edge_mlp,44,test,Benign,0.9999583763262069,0.994080623734129,0.9970108372167694,459170.0
NF-UNSW-NB15-v2,binary,edge_mlp,44,test,Attack,0.8737927191679049,0.9989913468174337,0.9322071681569366,18837.0
NF-UNSW-NB15-v2,binary,edge_mlp,55,val,Benign,0.999964949329875,0.9943146668525473,0.9971318037743103,229538.0
NF-UNSW-NB15-v2,binary,edge_mlp,55,val,Attack,0.8805273276572371,0.9991689175150633,0.9361039466640713,9626.0
NF-UNSW-NB15-v2,binary,edge_mlp,55,test,Benign,0.9999561845506726,0.9940544896225799,0.9969966034315171,459170.0
NF-UNSW-NB15-v2,binary,edge_mlp,55,test,Attack,0.8733002274098483,0.998938259807825,0.9319037242472267,18837.0
NF-UNSW-NB15-v2,binary,sage,11,val,Benign,0.9999956235749266,0.9954604466362869,0.9977228814391913,229538.0
NF-UNSW-NB15-v2,binary,sage,11,val,Attack,0.90231555263898,0.9998961146893829,0.9486029665401863,9626.0
NF-UNSW-NB15-v2,binary,sage,11,test,Benign,0.9999956225979006,0.9950345188056711,0.9975089022358749,459170.0
NF-UNSW-NB15-v2,binary,sage,11,test,Attack,0.8920198910726971,0.9998938259807825,0.9428814577492992,18837.0
NF-UNSW-NB15-v2,binary,sage,22,val,Benign,0.9999868692881403,0.9953428190539257,0.9976594397502238,229538.0
NF-UNSW-NB15-v2,binary,sage,22,val,Attack,0.9000187055742611,0.9996883440681488,0.9472389014666798,9626.0
NF-UNSW-NB15-v2,binary,sage,22,test,Benign,0.9999934335806685,0.994984428425202,0.9974826426793589,459170.0
NF-UNSW-NB15-v2,binary,sage,22,test,Attack,0.8910441406065194,0.9998407389711738,0.9423125031270325,18837.0
NF-UNSW-NB15-v2,binary,sage,33,val,Benign,0.9999824923841871,0.9953384624768012,0.9976550730333399,229538.0
NF-UNSW-NB15-v2,binary,sage,33,val,Attack,0.8999251777029554,0.9995844587575317,0.9471404665813564,9626.0
NF-UNSW-NB15-v2,binary,sage,33,test,Benign,0.9999890559677808,0.9949800727399438,0.997478276057814,459170.0
NF-UNSW-NB15-v2,binary,sage,33,test,Attack,0.8909495197994038,0.9997345649519562,0.9422124380847551,18837.0
NF-UNSW-NB15-v2,binary,sage,44,val,Benign,0.9999956232492997,0.9953863848251706,0.9976856804754398,229538.0
NF-UNSW-NB15-v2,binary,sage,44,val,Attack,0.9008798202920255,0.9998961146893829,0.947808961102905,9626.0
NF-UNSW-NB15-v2,binary,sage,44,test,Benign,0.9999824883218996,0.9949038482479257,0.9974367036095755,459170.0
NF-UNSW-NB15-v2,binary,sage,44,test,Attack,0.8894610042987388,0.99957530392313,0.9413088036794481,18837.0
NF-UNSW-NB15-v2,binary,sage,55,val,Benign,0.9999649977904855,0.9956913452238845,0.9978235955424093,229538.0
NF-UNSW-NB15-v2,binary,sage,55,val,Attack,0.9067596869991515,0.9991689175150633,0.950724064646864,9626.0
NF-UNSW-NB15-v2,binary,sage,55,test,Benign,0.9999737447817754,0.9953611952000349,0.997662138651986,459170.0
NF-UNSW-NB15-v2,binary,sage,55,test,Attack,0.898353614889048,0.999362955884695,0.9461700844390832,18837.0
NF-UNSW-NB15-v2,binary,sage_edge,11,val,Benign,0.9999912474179883,0.9954865860990337,0.9977338322686566,229538.0
NF-UNSW-NB15-v2,binary,sage_edge,11,val,Attack,0.9028142589118199,0.9997922293787659,0.9488317065956817,9626.0
NF-UNSW-NB15-v2,binary,sage_edge,11,test,Benign,0.9999956228757269,0.9950976762419148,0.9975406373384303,459170.0
NF-UNSW-NB15-v2,binary,sage_edge,11,test,Attack,0.8932467039742009,0.9998938259807825,0.9435663652531122,18837.0
NF-UNSW-NB15-v2,binary,sage_edge,22,val,Benign,0.999986869690431,0.9953733150937971,0.9976747587971625,229538.0
NF-UNSW-NB15-v2,binary,sage_edge,22,val,Attack,0.9006083294337857,0.9996883440681488,0.9475653586726405,9626.0
NF-UNSW-NB15-v2,binary,sage_edge,22,test,Benign,0.9999759235507072,0.994984428425202,0.9974739314970394,459170.0
NF-UNSW-NB15-v2,binary,sage_edge,22,test,Attack,0.8910028870273085,0.9994160428943037,0.9421007856678176,18837.0
NF-UNSW-NB15-v2,binary,sage_edge,33,val,Benign,0.999995623115204,0.9953558887852991,0.9976703616288691,229538.0
NF-UNSW-NB15-v2,binary,sage_edge,33,val,Attack,0.9002899635207183,0.9998961146893829,0.9474824038982134,9626.0
NF-UNSW-NB15-v2,binary,sage_edge,33,test,Benign,0.9999912446592422,0.9949691835267983,0.9974738928904385,459170.0
NF-UNSW-NB15-v2,binary,sage_edge,33,test,Attack,0.8907439814595848,0.999787651961565,0.9421210605302651,18837.0
NF-UNSW-NB15-v2,binary,sage_edge,44,val,Benign,0.9999868647462926,0.9949986494610914,0.9974865208950694,229538.0
NF-UNSW-NB15-v2,binary,sage_edge,44,val,Attack,0.8934175099805032,0.9996883440681488,0.9435701328626759,9626.0
NF-UNSW-NB15-v2,binary,sage_edge,44,test,Benign,0.9999824855615348,0.994747043578631,0.9973578940013276,459170.0
NF-UNSW-NB15-v2,binary,sage_edge,44,test,Attack,0.8864460241984841,0.99957530392313,0.9396177453964769,18837.0
NF-UNSW-NB15-v2,binary,sage_edge,55,val,Benign,0.9999737460454982,0.9956129268356437,0.9977885717404356,229538.0
NF-UNSW-NB15-v2,binary,sage_edge,55,val,Attack,0.9052413663310436,0.9993766881362975,0.9499827186095887,9626.0
NF-UNSW-NB15-v2,binary,sage_edge,55,test,Benign,0.9999846814395945,0.9951760785765621,0.9975745853217659,459170.0
NF-UNSW-NB15-v2,binary,sage_edge,55,test,Attack,0.8947493466381563,0.9996283909327388,0.9442856426458052,18837.0
NF-UNSW-NB15-v2,multiclass,edge_mlp,11,val,Analysis,0.07454545454545454,0.1722689075630252,0.10406091370558376,238.0
NF-UNSW-NB15-v2,multiclass,edge_mlp,11,val,Backdoor,0.09700598802395209,0.726457399103139,0.17115689381933438,223.0
NF-UNSW-NB15-v2,multiclass,edge_mlp,11,val,Benign,0.9999560186305081,0.9905070184457475,0.995209090690228,229538.0
NF-UNSW-NB15-v2,multiclass,edge_mlp,11,val,DoS,0.1036468330134357,0.09106239460370995,0.09694793536804308,593.0
NF-UNSW-NB15-v2,multiclass,edge_mlp,11,val,Exploits,0.6365914786967418,0.6446700507614214,0.6406052963430012,3152.0
NF-UNSW-NB15-v2,multiclass,edge_mlp,11,val,Fuzzers,0.5108750632271117,0.4370402423193423,0.4710820895522388,2311.0
NF-UNSW-NB15-v2,multiclass,edge_mlp,11,val,Generic,0.9770520741394528,0.6656644618159951,0.7918454935622318,1663.0
NF-UNSW-NB15-v2,multiclass,edge_mlp,11,val,Reconnaissance,0.5047428856714927,0.7879968823070927,0.6153377967133292,1283.0
NF-UNSW-NB15-v2,multiclass,edge_mlp,11,val,Shellcode,0.13133208255159476,0.47297297297297297,0.2055800293685756,148.0
NF-UNSW-NB15-v2,multiclass,edge_mlp,11,val,Worms,0.037037037037037035,0.5333333333333333,0.06926406926406926,15.0
NF-UNSW-NB15-v2,multiclass,edge_mlp,11,test,Analysis,0.07755474452554745,0.18973214285714285,0.11010362694300518,448.0
NF-UNSW-NB15-v2,multiclass,edge_mlp,11,test,Backdoor,0.09887640449438202,0.7129629629629629,0.1736678883563575,432.0
NF-UNSW-NB15-v2,multiclass,edge_mlp,11,test,Benign,0.9999472210799006,0.9902715769758478,0.9950858794809481,459170.0
NF-UNSW-NB15-v2,multiclass,edge_mlp,11,test,DoS,0.09393939393939393,0.08136482939632546,0.08720112517580872,1143.0
NF-UNSW-NB15-v2,multiclass,edge_mlp,11,test,Exploits,0.6313260730301089,0.630619100943849,0.6309723889555823,6251.0
NF-UNSW-NB15-v2,multiclass,edge_mlp,11,test,Fuzzers,0.47872860635696823,0.4440916307552733,0.46076008942228497,4409.0
NF-UNSW-NB15-v2,multiclass,edge_mlp,11,test,Generic,0.9772727272727273,0.6587009803921569,0.7869692532942899,3264.0
NF-UNSW-NB15-v2,multiclass,edge_mlp,11,test,Reconnaissance,0.5092615460607557,0.8064137661321862,0.6242809567060248,2557.0
NF-UNSW-NB15-v2,multiclass,edge_mlp,11,test,Shellcode,0.13544668587896252,0.47635135135135137,0.21091997008227376,296.0
NF-UNSW-NB15-v2,multiclass,edge_mlp,11,test,Worms,0.05714285714285714,0.7027027027027027,0.10569105691056911,37.0
NF-UNSW-NB15-v2,multiclass,edge_mlp,22,val,Analysis,0.11331679073614558,0.5756302521008403,0.18935729094678647,238.0
NF-UNSW-NB15-v2,multiclass,edge_mlp,22,val,Backdoor,0.10899653979238755,0.2825112107623318,0.15730337078651685,223.0
NF-UNSW-NB15-v2,multiclass,edge_mlp,22,val,Benign,0.9999692058632036,0.9902891895895233,0.9951056573872615,229538.0
NF-UNSW-NB15-v2,multiclass,edge_mlp,22,val,DoS,0.08762886597938144,0.08600337268128162,0.08680851063829788,593.0
NF-UNSW-NB15-v2,multiclass,edge_mlp,22,val,Exploits,0.666182346531057,0.5818527918781726,0.62116850127011,3152.0
NF-UNSW-NB15-v2,multiclass,edge_mlp,22,val,Fuzzers,0.48157994682871247,0.5486802250108178,0.5129449838187702,2311.0
NF-UNSW-NB15-v2,multiclass,edge_mlp,22,val,Generic,0.9866310160427807,0.6656644618159951,0.7949730700179534,1663.0
NF-UNSW-NB15-v2,multiclass,edge_mlp,22,val,Reconnaissance,0.4830601092896175,0.6890101325019485,0.5679408930292322,1283.0
NF-UNSW-NB15-v2,multiclass,edge_mlp,22,val,Shellcode,0.17405063291139242,0.3716216216216216,0.23706896551724138,148.0
NF-UNSW-NB15-v2,multiclass,edge_mlp,22,val,Worms,0.009696969696969697,0.5333333333333333,0.01904761904761905,15.0
NF-UNSW-NB15-v2,multiclass,edge_mlp,22,test,Analysis,0.11237428946217752,0.5736607142857143,0.18793418647166363,448.0
NF-UNSW-NB15-v2,multiclass,edge_mlp,22,test,Backdoor,0.11744084136722173,0.3101851851851852,0.17037507946598857,432.0
NF-UNSW-NB15-v2,multiclass,edge_mlp,22,test,Benign,0.9999538066610795,0.9900254807587604,0.9949648767045933,459170.0
NF-UNSW-NB15-v2,multiclass,edge_mlp,22,test,DoS,0.09067796610169492,0.09361329833770779,0.09212225570383126,1143.0
NF-UNSW-NB15-v2,multiclass,edge_mlp,22,test,Exploits,0.6648537134283571,0.5671092625179971,0.6121039454372788,6251.0
NF-UNSW-NB15-v2,multiclass,edge_mlp,22,test,Fuzzers,0.46060144651693946,0.5488772964391019,0.5008796440028976,4409.0
NF-UNSW-NB15-v2,multiclass,edge_mlp,22,test,Generic,0.9884951679705476,0.6580882352941176,0.790141622218135,3264.0
NF-UNSW-NB15-v2,multiclass,edge_mlp,22,test,Reconnaissance,0.49145755472504005,0.7199843566679702,0.5841662700301444,2557.0
NF-UNSW-NB15-v2,multiclass,edge_mlp,22,test,Shellcode,0.18364197530864199,0.40202702702702703,0.2521186440677966,296.0
NF-UNSW-NB15-v2,multiclass,edge_mlp,22,test,Worms,0.01651376146788991,0.7297297297297297,0.03229665071770335,37.0
NF-UNSW-NB15-v2,multiclass,edge_mlp,33,val,Analysis,0.09605263157894736,0.3067226890756303,0.1462925851703407,238.0
NF-UNSW-NB15-v2,multiclass,edge_mlp,33,val,Backdoor,0.11946050096339114,0.5560538116591929,0.19666931007137192,223.0
NF-UNSW-NB15-v2,multiclass,edge_mlp,33,val,Benign,0.9999691928527419,0.9898709581855728,0.994894451766581,229538.0
NF-UNSW-NB15-v2,multiclass,edge_mlp,33,val,DoS,0.13559322033898305,0.05396290050590219,0.07720144752714113,593.0
NF-UNSW-NB15-v2,multiclass,edge_mlp,33,val,Exploits,0.6614759647935003,0.6199238578680203,0.6400262037340321,3152.0
NF-UNSW-NB15-v2,multiclass,edge_mlp,33,val,Fuzzers,0.42788038698328934,0.4210298572046733,0.42442748091603055,2311.0
NF-UNSW-NB15-v2,multiclass,edge_mlp,33,val,Generic,0.8265381764269829,0.6704750450992183,0.7403718459495352,1663.0
NF-UNSW-NB15-v2,multiclass,edge_mlp,33,val,Reconnaissance,0.49342770475227504,0.7607170693686672,0.598589389757743,1283.0
NF-UNSW-NB15-v2,multiclass,edge_mlp,33,val,Shellcode,0.08064516129032258,0.5067567567567568,0.1391465677179963,148.0
NF-UNSW-NB15-v2,multiclass,edge_mlp,33,val,Worms,0.018823529411764704,0.5333333333333333,0.03636363636363636,15.0
NF-UNSW-NB15-v2,multiclass,edge_mlp,33,test,Analysis,0.09070796460176991,0.27455357142857145,0.13636363636363635,448.0
NF-UNSW-NB15-v2,multiclass,edge_mlp,33,test,Backdoor,0.124750499001996,0.5787037037037037,0.20525451559934318,432.0
NF-UNSW-NB15-v2,multiclass,edge_mlp,33,test,Benign,0.9999603866265251,0.9895550667508766,0.9947305163743676,459170.0
NF-UNSW-NB15-v2,multiclass,edge_mlp,33,test,DoS,0.1085972850678733,0.04199475065616798,0.06056782334384858,1143.0
NF-UNSW-NB15-v2,multiclass,edge_mlp,33,test,Exploits,0.6498094908209213,0.6002239641657335,0.624033264033264,6251.0
NF-UNSW-NB15-v2,multiclass,edge_mlp,33,test,Fuzzers,0.41246226821905996,0.43388523474710816,0.42290261965292364,4409.0
NF-UNSW-NB15-v2,multiclass,edge_mlp,33,test,Generic,0.8144949305294781,0.6645220588235294,0.7319048422473426,3264.0
NF-UNSW-NB15-v2,multiclass,edge_mlp,33,test,Reconnaissance,0.4921798631476051,0.7876417676965194,0.605805384268311,2557.0
NF-UNSW-NB15-v2,multiclass,edge_mlp,33,test,Shellcode,0.09399332591768632,0.5709459459459459,0.16141356255969436,296.0
NF-UNSW-NB15-v2,multiclass,edge_mlp,33,test,Worms,0.031839622641509434,0.7297297297297297,0.061016949152542375,37.0
NF-UNSW-NB15-v2,multiclass,edge_mlp,44,val,Analysis,0.1160377358490566,0.5168067226890757,0.18952234206471494,238.0
NF-UNSW-NB15-v2,multiclass,edge_mlp,44,val,Backdoor,0.12105263157894737,0.3094170403587444,0.17402269861286254,223.0
NF-UNSW-NB15-v2,multiclass,edge_mlp,44,val,Benign,0.999955981653153,0.989674912214971,0.9947888841205476,229538.0
NF-UNSW-NB15-v2,multiclass,edge_mlp,44,val,DoS,0.0812720848056537,0.1163575042158516,0.0957004160887656,593.0
NF-UNSW-NB15-v2,multiclass,edge_mlp,44,val,Exploits,0.6667804711505634,0.6196065989847716,0.6423285643808584,3152.0
NF-UNSW-NB15-v2,multiclass,edge_mlp,44,val,Fuzzers,0.44680851063829785,0.4543487667676331,0.45054709289851963,2311.0
NF-UNSW-NB15-v2,multiclass,edge_mlp,44,val,Generic,0.9804964539007093,0.6650631389055923,0.7925474740236474,1663.0
NF-UNSW-NB15-v2,multiclass,edge_mlp,44,val,Reconnaissance,0.42823080591320933,0.6999220576773187,0.5313609467455621,1283.0
NF-UNSW-NB15-v2,multiclass,edge_mlp,44,val,Shellcode,0.19881305637982197,0.4527027027027027,0.27628865979381445,148.0
NF-UNSW-NB15-v2,multiclass,edge_mlp,44,val,Worms,0.013513513513513514,0.6,0.02643171806167401,15.0
NF-UNSW-NB15-v2,multiclass,edge_mlp,44,test,Analysis,0.11290322580645161,0.484375,0.1831223628691983,448.0
NF-UNSW-NB15-v2,multiclass,edge_mlp,44,test,Backdoor,0.13706407137064072,0.3912037037037037,0.203003003003003,432.0
NF-UNSW-NB15-v2,multiclass,edge_mlp,44,test,Benign,0.9999515756619277,0.9893830171831783,0.9946392231088127,459170.0
NF-UNSW-NB15-v2,multiclass,edge_mlp,44,test,DoS,0.07637997432605904,0.10411198600174978,0.08811551277304702,1143.0
NF-UNSW-NB15-v2,multiclass,edge_mlp,44,test,Exploits,0.6594062884243809,0.6005439129739242,0.6286001339584729,6251.0
NF-UNSW-NB15-v2,multiclass,edge_mlp,44,test,Fuzzers,0.4215293869812513,0.4538444091630755,0.43709043250327656,4409.0
NF-UNSW-NB15-v2,multiclass,edge_mlp,44,test,Generic,0.9843317972350231,0.6544117647058824,0.7861612072138388,3264.0
NF-UNSW-NB15-v2,multiclass,edge_mlp,44,test,Reconnaissance,0.43407100046104197,0.7364098552991787,0.5461928934010152,2557.0
NF-UNSW-NB15-v2,multiclass,edge_mlp,44,test,Shellcode,0.20396600566572237,0.4864864864864865,0.2874251497005988,296.0
NF-UNSW-NB15-v2,multiclass,edge_mlp,44,test,Worms,0.019652305366591082,0.7027027027027027,0.03823529411764706,37.0
NF-UNSW-NB15-v2,multiclass,edge_mlp,55,val,Analysis,0.0913978494623656,0.2857142857142857,0.1384928716904277,238.0
NF-UNSW-NB15-v2,multiclass,edge_mlp,55,val,Backdoor,0.11548556430446194,0.5919282511210763,0.19326500732064422,223.0
NF-UNSW-NB15-v2,multiclass,edge_mlp,55,val,Benign,0.9999692237346558,0.9908642577699553,0.9953959202251272,229538.0
NF-UNSW-NB15-v2,multiclass,edge_mlp,55,val,DoS,0.11904761904761904,0.06745362563237774,0.0861141011840689,593.0
NF-UNSW-NB15-v2,multiclass,edge_mlp,55,val,Exploits,0.6748663101604279,0.6005710659898477,0.6355548094678529,3152.0
NF-UNSW-NB15-v2,multiclass,edge_mlp,55,val,Fuzzers,0.5033653846153846,0.45305062743401125,0.4768845365520383,2311.0
NF-UNSW-NB15-v2,multiclass,edge_mlp,55,val,Generic,0.9823788546255506,0.6704750450992183,0.7969978556111508,1663.0
NF-UNSW-NB15-v2,multiclass,edge_mlp,55,val,Reconnaissance,0.40278401436910644,0.6991426344505066,0.5111111111111111,1283.0
NF-UNSW-NB15-v2,multiclass,edge_mlp,55,val,Shellcode,0.148,0.5,0.22839506172839505,148.0
NF-UNSW-NB15-v2,multiclass,edge_mlp,55,val,Worms,0.010723860589812333,0.5333333333333333,0.02102496714848883,15.0
NF-UNSW-NB15-v2,multiclass,edge_mlp,55,test,Analysis,0.0882986360373295,0.27455357142857145,0.133623030961434,448.0
NF-UNSW-NB15-v2,multiclass,edge_mlp,55,test,Backdoor,0.1212825278810409,0.6041666666666666,0.2020123839009288,432.0
NF-UNSW-NB15-v2,multiclass,edge_mlp,55,test,Benign,0.9999758155651023,0.9905416294618551,0.9952363655460346,459170.0
NF-UNSW-NB15-v2,multiclass,edge_mlp,55,test,DoS,0.12422360248447205,0.0699912510936133,0.08953553441522104,1143.0
NF-UNSW-NB15-v2,multiclass,edge_mlp,55,test,Exploits,0.664741970407795,0.58934570468725,0.6247774103281608,6251.0
NF-UNSW-NB15-v2,multiclass,edge_mlp,55,test,Fuzzers,0.47108405525638025,0.45633930596507144,0.46359447004608295,4409.0
NF-UNSW-NB15-v2,multiclass,edge_mlp,55,test,Generic,0.9782903663500678,0.6626838235294118,0.7901369863013699,3264.0
NF-UNSW-NB15-v2,multiclass,edge_mlp,55,test,Reconnaissance,0.4145583666222814,0.7305436057880329,0.528953702392751,2557.0
NF-UNSW-NB15-v2,multiclass,edge_mlp,55,test,Shellcode,0.15602836879432624,0.5202702702702703,0.24006235385814498,296.0
NF-UNSW-NB15-v2,multiclass,edge_mlp,55,test,Worms,0.01845522898154477,0.7297297297297297,0.036,37.0
NF-UNSW-NB15-v2,multiclass,sage,11,val,Analysis,0.06605504587155964,0.15126050420168066,0.09195402298850575,238.0
NF-UNSW-NB15-v2,multiclass,sage,11,val,Backdoor,0.11407491486946651,0.9013452914798207,0.20251889168765744,223.0
NF-UNSW-NB15-v2,multiclass,sage,11,val,Benign,0.9999956116291827,0.9927506556648572,0.9963599635340491,229538.0
NF-UNSW-NB15-v2,multiclass,sage,11,val,DoS,0.15265866209262435,0.15008431703204048,0.15136054421768708,593.0
NF-UNSW-NB15-v2,multiclass,sage,11,val,Exploits,0.8008867392180572,0.6303934010152284,0.7054855316882656,3152.0
NF-UNSW-NB15-v2,multiclass,sage,11,val,Fuzzers,0.7248373517030233,0.8195586326265686,0.7692932575142161,2311.0
NF-UNSW-NB15-v2,multiclass,sage,11,val,Generic,0.934887459807074,0.6993385447985568,0.8001375988992088,1663.0
NF-UNSW-NB15-v2,multiclass,sage,11,val,Reconnaissance,0.8018264840182648,0.6843335931410756,0.7384356602186711,1283.0
NF-UNSW-NB15-v2,multiclass,sage,11,val,Shellcode,0.23529411764705882,0.9459459459459459,0.3768506056527591,148.0
NF-UNSW-NB15-v2,multiclass,sage,11,val,Worms,0.0215633423180593,0.5333333333333333,0.04145077720207254,15.0
NF-UNSW-NB15-v2,multiclass,sage,11,test,Analysis,0.06280667320902845,0.14285714285714285,0.08725289706884799,448.0
NF-UNSW-NB15-v2,multiclass,sage,11,test,Backdoor,0.11814859926918392,0.8981481481481481,0.20882669537136705,432.0
NF-UNSW-NB15-v2,multiclass,sage,11,test,Benign,1.0,0.9925975129037176,0.996285006355601,459170.0
NF-UNSW-NB15-v2,multiclass,sage,11,test,DoS,0.13278008298755187,0.1399825021872266,0.1362862010221465,1143.0
NF-UNSW-NB15-v2,multiclass,sage,11,test,Exploits,0.8148388492321004,0.6026235802271637,0.6928453191098032,6251.0
NF-UNSW-NB15-v2,multiclass,sage,11,test,Fuzzers,0.6820798514391829,0.833068723066455,0.7500510516642842,4409.0
NF-UNSW-NB15-v2,multiclass,sage,11,test,Generic,0.9301587301587302,0.7181372549019608,0.8105117565698479,3264.0
NF-UNSW-NB15-v2,multiclass,sage,11,test,Reconnaissance,0.812972012438916,0.7156824403597967,0.7612312811980033,2557.0
NF-UNSW-NB15-v2,multiclass,sage,11,test,Shellcode,0.2506573181419807,0.9662162162162162,0.3980514961725818,296.0
NF-UNSW-NB15-v2,multiclass,sage,11,test,Worms,0.03217821782178218,0.7027027027027027,0.06153846153846154,37.0
NF-UNSW-NB15-v2,multiclass,sage,22,val,Analysis,0.1299715909090909,0.7689075630252101,0.22235722964763063,238.0
NF-UNSW-NB15-v2,multiclass,sage,22,val,Backdoor,0.08961593172119488,0.2825112107623318,0.13606911447084233,223.0
NF-UNSW-NB15-v2,multiclass,sage,22,val,Benign,1.0,0.9905418710627434,0.9952484652170582,229538.0
NF-UNSW-NB15-v2,multiclass,sage,22,val,DoS,0.1752411575562701,0.18381112984822934,0.1794238683127572,593.0
NF-UNSW-NB15-v2,multiclass,sage,22,val,Exploits,0.7116900925608501,0.6586294416243654,0.6841324765200197,3152.0
NF-UNSW-NB15-v2,multiclass,sage,22,val,Fuzzers,0.7224199288256228,0.7905668541756815,0.7549586776859504,2311.0
NF-UNSW-NB15-v2,multiclass,sage,22,val,Generic,0.9198443579766536,0.7107636800962117,0.8018995929443691,1663.0
NF-UNSW-NB15-v2,multiclass,sage,22,val,Reconnaissance,0.882587064676617,0.691348402182385,0.7753496503496503,1283.0
NF-UNSW-NB15-v2,multiclass,sage,22,val,Shellcode,0.23865546218487396,0.9594594594594594,0.3822341857335128,148.0
NF-UNSW-NB15-v2,multiclass,sage,22,val,Worms,0.01637107776261937,0.8,0.03208556149732621,15.0
NF-UNSW-NB15-v2,multiclass,sage,22,test,Analysis,0.12711083819465765,0.9241071428571429,0.22348178137651822,448.0
NF-UNSW-NB15-v2,multiclass,sage,22,test,Backdoor,0.07012622720897616,0.11574074074074074,0.08733624454148471,432.0
NF-UNSW-NB15-v2,multiclass,sage,22,test,Benign,1.0,0.9908857285972515,0.9954220017393112,459170.0
NF-UNSW-NB15-v2,multiclass,sage,22,test,DoS,0.1358649789029536,0.14085739282589677,0.13831615120274915,1143.0
NF-UNSW-NB15-v2,multiclass,sage,22,test,Exploits,0.7497637497637497,0.6346184610462327,0.6874025298908335,6251.0
NF-UNSW-NB15-v2,multiclass,sage,22,test,Fuzzers,0.6850797266514806,0.8185529598548423,0.7458923220006201,4409.0
NF-UNSW-NB15-v2,multiclass,sage,22,test,Generic,0.9199372056514914,0.7181372549019608,0.8066070199587061,3264.0
NF-UNSW-NB15-v2,multiclass,sage,22,test,Reconnaissance,0.8854519091348477,0.7164646069612828,0.7920449632511889,2557.0
NF-UNSW-NB15-v2,multiclass,sage,22,test,Shellcode,0.26067211625794734,0.9695945945945946,0.4108804581245526,296.0
NF-UNSW-NB15-v2,multiclass,sage,22,test,Worms,0.021383647798742137,0.918918918918919,0.04179471419791026,37.0
NF-UNSW-NB15-v2,multiclass,sage,33,val,Analysis,0.11500493583415597,0.9789915966386554,0.2058303886925795,238.0
NF-UNSW-NB15-v2,multiclass,sage,33,val,Backdoor,0.17045454545454544,0.06726457399103139,0.09646302250803858,223.0
NF-UNSW-NB15-v2,multiclass,sage,33,val,Benign,1.0,0.9915569535327484,0.9957605799561621,229538.0
NF-UNSW-NB15-v2,multiclass,sage,33,val,DoS,0.1549053356282272,0.15177065767284992,0.15332197614991483,593.0
NF-UNSW-NB15-v2,multiclass,sage,33,val,Exploits,0.7927541877678224,0.6456218274111675,0.7116628781255464,3152.0
NF-UNSW-NB15-v2,multiclass,sage,33,val,Fuzzers,0.7391122278056952,0.7637386412808308,0.7512236646094914,2311.0
NF-UNSW-NB15-v2,multiclass,sage,33,val,Generic,0.9332810047095761,0.7149729404690318,0.8096697310180456,1663.0
NF-UNSW-NB15-v2,multiclass,sage,33,val,Reconnaissance,0.8561776061776062,0.691348402182385,0.764984907287624,1283.0
NF-UNSW-NB15-v2,multiclass,sage,33,val,Shellcode,0.1636568848758465,0.9797297297297297,0.2804642166344294,148.0
NF-UNSW-NB15-v2,multiclass,sage,33,val,Worms,0.018105849582172703,0.8666666666666667,0.03547066848567531,15.0
NF-UNSW-NB15-v2,multiclass,sage,33,test,Analysis,0.11396011396011396,0.9821428571428571,0.20422371779995357,448.0
NF-UNSW-NB15-v2,multiclass,sage,33,test,Backdoor,0.14754098360655737,0.041666666666666664,0.06498194945848375,432.0
NF-UNSW-NB15-v2,multiclass,sage,33,test,Benign,0.9999978030620921,0.9913060522246663,0.9956329585311516,459170.0
NF-UNSW-NB15-v2,multiclass,sage,33,test,DoS,0.14039621016365203,0.1426071741032371,0.14149305555555555,1143.0
NF-UNSW-NB15-v2,multiclass,sage,33,test,Exploits,0.8039542143600417,0.6179811230203167,0.6988060781476122,6251.0
NF-UNSW-NB15-v2,multiclass,sage,33,test,Fuzzers,0.7028177579566187,0.7863461102290769,0.7422393491757654,4409.0
NF-UNSW-NB15-v2,multiclass,sage,33,test,Generic,0.9237421383647799,0.7199754901960784,0.809228650137741,3264.0
NF-UNSW-NB15-v2,multiclass,sage,33,test,Reconnaissance,0.8671003717472119,0.7297614391865468,0.7925249522191548,2557.0
NF-UNSW-NB15-v2,multiclass,sage,33,test,Shellcode,0.1681260945709282,0.972972972972973,0.2867098058735689,296.0
NF-UNSW-NB15-v2,multiclass,sage,33,test,Worms,0.02147039687703318,0.8918918918918919,0.04193138500635324,37.0
NF-UNSW-NB15-v2,multiclass,sage,44,val,Analysis,0.1185929648241206,0.9915966386554622,0.2118491921005386,238.0
NF-UNSW-NB15-v2,multiclass,sage,44,val,Backdoor,0.05322128851540616,0.08520179372197309,0.06551724137931035,223.0
NF-UNSW-NB15-v2,multiclass,sage,44,val,Benign,0.9999824427413904,0.992524113654384,0.9962393192293229,229538.0
NF-UNSW-NB15-v2,multiclass,sage,44,val,DoS,0.14840182648401826,0.10961214165261383,0.12609117361784675,593.0
NF-UNSW-NB15-v2,multiclass,sage,44,val,Exploits,0.8126009693053312,0.6383248730964467,0.7149964463397299,3152.0
NF-UNSW-NB15-v2,multiclass,sage,44,val,Fuzzers,0.7097020626432391,0.8039809606231069,0.7539054574964495,2311.0
NF-UNSW-NB15-v2,multiclass,sage,44,val,Generic,0.9576271186440678,0.6794948887552615,0.7949349278930707,1663.0
NF-UNSW-NB15-v2,multiclass,sage,44,val,Reconnaissance,0.7659883720930233,0.8215120810600156,0.7927792403159082,1283.0
NF-UNSW-NB15-v2,multiclass,sage,44,val,Shellcode,0.23745819397993312,0.9594594594594594,0.3806970509383378,148.0
NF-UNSW-NB15-v2,multiclass,sage,44,val,Worms,0.03278688524590164,0.6666666666666666,0.0625,15.0
NF-UNSW-NB15-v2,multiclass,sage,44,test,Analysis,0.11682489451476794,0.9888392857142857,0.2089622641509434,448.0
NF-UNSW-NB15-v2,multiclass,sage,44,test,Backdoor,0.059790732436472344,0.09259259259259259,0.07266121707538602,432.0
NF-UNSW-NB15-v2,multiclass,sage,44,test,Benign,0.9999934145538361,0.9921096761548011,0.9960359454259227,459170.0
NF-UNSW-NB15-v2,multiclass,sage,44,test,DoS,0.14680851063829786,0.12073490813648294,0.13250120019203074,1143.0
NF-UNSW-NB15-v2,multiclass,sage,44,test,Exploits,0.8186086214255228,0.6136618141097424,0.7014720672945048,6251.0
NF-UNSW-NB15-v2,multiclass,sage,44,test,Fuzzers,0.679224376731302,0.8342027670673622,0.7487785016286646,4409.0
NF-UNSW-NB15-v2,multiclass,sage,44,test,Generic,0.9523201362281822,0.6853553921568627,0.7970782112952075,3264.0
NF-UNSW-NB15-v2,multiclass,sage,44,test,Reconnaissance,0.7581837381203802,0.8423934298005475,0.7980733605038903,2557.0
NF-UNSW-NB15-v2,multiclass,sage,44,test,Shellcode,0.2591240875912409,0.9594594594594594,0.40804597701149425,296.0
NF-UNSW-NB15-v2,multiclass,sage,44,test,Worms,0.04185351270553064,0.7567567567567568,0.07932011331444759,37.0
NF-UNSW-NB15-v2,multiclass,sage,55,val,Analysis,0.05921052631578947,0.15126050420168066,0.0851063829787234,238.0
NF-UNSW-NB15-v2,multiclass,sage,55,val,Backdoor,0.10986547085201794,0.8789237668161435,0.19531639262580966,223.0
NF-UNSW-NB15-v2,multiclass,sage,55,val,Benign,0.99993419147648,0.9929467016354591,0.9964281966983771,229538.0
NF-UNSW-NB15-v2,multiclass,sage,55,val,DoS,0.14838709677419354,0.1163575042158516,0.13043478260869565,593.0
NF-UNSW-NB15-v2,multiclass,sage,55,val,Exploits,0.8340192043895748,0.5786802030456852,0.6832740213523132,3152.0
NF-UNSW-NB15-v2,multiclass,sage,55,val,Fuzzers,0.7142857142857143,0.7983556901774124,0.7539844707805476,2311.0
NF-UNSW-NB15-v2,multiclass,sage,55,val,Generic,0.9716981132075472,0.6812988574864702,0.8009897490279251,1663.0
NF-UNSW-NB15-v2,multiclass,sage,55,val,Reconnaissance,0.6593328601845281,0.7240841777084958,0.6901931649331352,1283.0
NF-UNSW-NB15-v2,multiclass,sage,55,val,Shellcode,0.38082191780821917,0.9391891891891891,0.5419103313840156,148.0
NF-UNSW-NB15-v2,multiclass,sage,55,val,Worms,0.0196078431372549,0.8666666666666667,0.038348082595870206,15.0
NF-UNSW-NB15-v2,multiclass,sage,55,test,Analysis,0.04940239043824701,0.13839285714285715,0.0728126834997064,448.0
NF-UNSW-NB15-v2,multiclass,sage,55,test,Backdoor,0.11784207353827607,0.9050925925925926,0.20853333333333332,432.0
NF-UNSW-NB15-v2,multiclass,sage,55,test,Benign,0.9999341712600499,0.9924385303917939,0.9961722508957283,459170.0
NF-UNSW-NB15-v2,multiclass,sage,55,test,DoS,0.13519553072625698,0.10586176727909011,0.11874386653581943,1143.0
NF-UNSW-NB15-v2,multiclass,sage,55,test,Exploits,0.8307729236677869,0.5536714125739881,0.6644907362964385,6251.0
NF-UNSW-NB15-v2,multiclass,sage,55,test,Fuzzers,0.678265723855601,0.8267180766613744,0.7451701931922723,4409.0
NF-UNSW-NB15-v2,multiclass,sage,55,test,Generic,0.9622317596566523,0.6868872549019608,0.8015731140507687,3264.0
NF-UNSW-NB15-v2,multiclass,sage,55,test,Reconnaissance,0.6675871591301347,0.7563551036370747,0.7092042537587092,2557.0
NF-UNSW-NB15-v2,multiclass,sage,55,test,Shellcode,0.4144144144144144,0.9324324324324325,0.5738045738045738,296.0
NF-UNSW-NB15-v2,multiclass,sage,55,test,Worms,0.023222060957910014,0.8648648648648649,0.045229681978798585,37.0
NF-UNSW-NB15-v2,multiclass,sage_edge,11,val,Analysis,0.0703125,0.15126050420168066,0.096,238.0
NF-UNSW-NB15-v2,multiclass,sage_edge,11,val,Backdoor,0.1191772534785239,0.8834080717488789,0.21002132196162046,223.0
NF-UNSW-NB15-v2,multiclass,sage_edge,11,val,Benign,0.9999956046467674,0.9911735747457937,0.9955650463515012,229538.0
NF-UNSW-NB15-v2,multiclass,sage_edge,11,val,DoS,0.14447592067988668,0.17200674536256325,0.15704387990762125,593.0
NF-UNSW-NB15-v2,multiclass,sage_edge,11,val,Exploits,0.7094570298453794,0.6259517766497462,0.6650935445811562,3152.0
NF-UNSW-NB15-v2,multiclass,sage_edge,11,val,Fuzzers,0.7153530070974972,0.8286456079619212,0.7678428227746592,2311.0
NF-UNSW-NB15-v2,multiclass,sage_edge,11,val,Generic,0.936951316839585,0.7059530968129886,0.8052126200274349,1663.0
NF-UNSW-NB15-v2,multiclass,sage_edge,11,val,Reconnaissance,0.8420542635658915,0.6773187840997662,0.750755939524838,1283.0
NF-UNSW-NB15-v2,multiclass,sage_edge,11,val,Shellcode,0.2088888888888889,0.9527027027027027,0.34264884568651277,148.0
NF-UNSW-NB15-v2,multiclass,sage_edge,11,val,Worms,0.022099447513812154,0.5333333333333333,0.042440318302387266,15.0
NF-UNSW-NB15-v2,multiclass,sage_edge,11,test,Analysis,0.06759656652360516,0.140625,0.09130434782608696,448.0
NF-UNSW-NB15-v2,multiclass,sage_edge,11,test,Backdoor,0.12758161225849435,0.8865740740740741,0.22306348281887012,432.0
NF-UNSW-NB15-v2,multiclass,sage_edge,11,test,Benign,1.0,0.9917938889735828,0.9958800400624555,459170.0
NF-UNSW-NB15-v2,multiclass,sage_edge,11,test,DoS,0.13378839590443686,0.1714785651793526,0.15030674846625766,1143.0
NF-UNSW-NB15-v2,multiclass,sage_edge,11,test,Exploits,0.7559740785743216,0.5971844504879219,0.6672624899454822,6251.0
NF-UNSW-NB15-v2,multiclass,sage_edge,11,test,Fuzzers,0.6733380986418871,0.8546155590836925,0.7532233883058471,4409.0
NF-UNSW-NB15-v2,multiclass,sage_edge,11,test,Generic,0.935871743486974,0.7153799019607843,0.8109046709498177,3264.0
NF-UNSW-NB15-v2,multiclass,sage_edge,11,test,Reconnaissance,0.840761374187558,0.7082518576456786,0.7688388877096158,2557.0
NF-UNSW-NB15-v2,multiclass,sage_edge,11,test,Shellcode,0.2231012658227848,0.9527027027027027,0.36153846153846153,296.0
NF-UNSW-NB15-v2,multiclass,sage_edge,11,test,Worms,0.03557312252964427,0.7297297297297297,0.0678391959798995,37.0
NF-UNSW-NB15-v2,multiclass,sage_edge,22,val,Analysis,0.1294191919191919,0.8613445378151261,0.22502744237102085,238.0
NF-UNSW-NB15-v2,multiclass,sage_edge,22,val,Backdoor,0.11560693641618497,0.17937219730941703,0.140597539543058,223.0
NF-UNSW-NB15-v2,multiclass,sage_edge,22,val,Benign,1.0,0.9922147966785456,0.9960921867790391,229538.0
NF-UNSW-NB15-v2,multiclass,sage_edge,22,val,DoS,0.14603174603174604,0.1551433389544688,0.15044971381847916,593.0
NF-UNSW-NB15-v2,multiclass,sage_edge,22,val,Exploits,0.7861178369652946,0.618020304568528,0.6920071047957371,3152.0
NF-UNSW-NB15-v2,multiclass,sage_edge,22,val,Fuzzers,0.6966374269005848,0.8247511899610558,0.7553001783237567,2311.0
NF-UNSW-NB15-v2,multiclass,sage_edge,22,val,Generic,0.9535864978902954,0.6794948887552615,0.7935393258426966,1663.0
NF-UNSW-NB15-v2,multiclass,sage_edge,22,val,Reconnaissance,0.8159111933395005,0.6874512860483243,0.7461928934010152,1283.0
NF-UNSW-NB15-v2,multiclass,sage_edge,22,val,Shellcode,0.19669876203576342,0.9662162162162162,0.32685714285714285,148.0
NF-UNSW-NB15-v2,multiclass,sage_edge,22,val,Worms,0.017027863777089782,0.7333333333333333,0.03328290468986384,15.0
NF-UNSW-NB15-v2,multiclass,sage_edge,22,test,Analysis,0.12173913043478261,0.90625,0.21464446206714247,448.0
NF-UNSW-NB15-v2,multiclass,sage_edge,22,test,Backdoor,0.10663983903420524,0.12268518518518519,0.11410118406889128,432.0
NF-UNSW-NB15-v2,multiclass,sage_edge,22,test,Benign,0.9999934122834563,0.9917677548620337,0.9958635982430953,459170.0
NF-UNSW-NB15-v2,multiclass,sage_edge,22,test,DoS,0.12874779541446207,0.12773403324584426,0.1282389108476065,1143.0
NF-UNSW-NB15-v2,multiclass,sage_edge,22,test,Exploits,0.7982474887796538,0.5975043992961127,0.6834400731930467,6251.0
NF-UNSW-NB15-v2,multiclass,sage_edge,22,test,Fuzzers,0.6563892354304046,0.8353368110682694,0.7351297405189621,4409.0
NF-UNSW-NB15-v2,multiclass,sage_edge,22,test,Generic,0.9463373083475298,0.6807598039215687,0.7918745545260156,3264.0
NF-UNSW-NB15-v2,multiclass,sage_edge,22,test,Reconnaissance,0.8068875326939843,0.7238951896754009,0.7631416202844774,2557.0
NF-UNSW-NB15-v2,multiclass,sage_edge,22,test,Shellcode,0.20408163265306123,0.9459459459459459,0.33573141486810554,296.0
NF-UNSW-NB15-v2,multiclass,sage_edge,22,test,Worms,0.024553571428571428,0.8918918918918919,0.04779145546705286,37.0
NF-UNSW-NB15-v2,multiclass,sage_edge,33,val,Analysis,0.12046908315565032,0.9495798319327731,0.21381267738883633,238.0
NF-UNSW-NB15-v2,multiclass,sage_edge,33,val,Backdoor,0.11711711711711711,0.05829596412556054,0.07784431137724551,223.0
NF-UNSW-NB15-v2,multiclass,sage_edge,33,val,Benign,1.0,0.9918662705085868,0.9959165283273076,229538.0
NF-UNSW-NB15-v2,multiclass,sage_edge,33,val,DoS,0.20261437908496732,0.15682967959527824,0.17680608365019013,593.0
NF-UNSW-NB15-v2,multiclass,sage_edge,33,val,Exploits,0.7516849946789642,0.6722715736040609,0.7097638586501424,3152.0
NF-UNSW-NB15-v2,multiclass,sage_edge,33,val,Fuzzers,0.7334719334719335,0.7633059281696235,0.7480916030534351,2311.0
NF-UNSW-NB15-v2,multiclass,sage_edge,33,val,Generic,0.9600333055786844,0.6933253156945279,0.8051675977653632,1663.0
NF-UNSW-NB15-v2,multiclass,sage_edge,33,val,Reconnaissance,0.8172999191592563,0.7879968823070927,0.8023809523809524,1283.0
NF-UNSW-NB15-v2,multiclass,sage_edge,33,val,Shellcode,0.1687715269804822,0.9932432432432432,0.2885181550539745,148.0
NF-UNSW-NB15-v2,multiclass,sage_edge,33,val,Worms,0.023346303501945526,0.8,0.045368620037807186,15.0
NF-UNSW-NB15-v2,multiclass,sage_edge,33,test,Analysis,0.11561318206374932,0.9553571428571429,0.20626506024096386,448.0
NF-UNSW-NB15-v2,multiclass,sage_edge,33,test,Backdoor,0.12653061224489795,0.07175925925925926,0.0915805022156573,432.0
NF-UNSW-NB15-v2,multiclass,sage_edge,33,test,Benign,0.9999978034770958,0.9914933466907682,0.9957274163827937,459170.0
NF-UNSW-NB15-v2,multiclass,sage_edge,33,test,DoS,0.19533169533169534,0.13910761154855644,0.16249361267245785,1143.0
NF-UNSW-NB15-v2,multiclass,sage_edge,33,test,Exploits,0.7735378715244488,0.6453367461206208,0.7036455607884179,6251.0
NF-UNSW-NB15-v2,multiclass,sage_edge,33,test,Fuzzers,0.7040673211781207,0.7970061238376049,0.7476595744680851,4409.0
NF-UNSW-NB15-v2,multiclass,sage_edge,33,test,Generic,0.9493775933609958,0.7009803921568627,0.8064857243567148,3264.0
NF-UNSW-NB15-v2,multiclass,sage_edge,33,test,Reconnaissance,0.809897879025923,0.8064137661321862,0.8081520674113267,2557.0
NF-UNSW-NB15-v2,multiclass,sage_edge,33,test,Shellcode,0.1761501210653753,0.9831081081081081,0.29876796714579057,296.0
NF-UNSW-NB15-v2,multiclass,sage_edge,33,test,Worms,0.02913453299057412,0.918918918918919,0.05647840531561462,37.0
NF-UNSW-NB15-v2,multiclass,sage_edge,44,val,Analysis,0.11993769470404984,0.9705882352941176,0.2134935304990758,238.0
NF-UNSW-NB15-v2,multiclass,sage_edge,44,val,Backdoor,0.06598984771573604,0.11659192825112108,0.08427876823338736,223.0
NF-UNSW-NB15-v2,multiclass,sage_edge,44,val,Benign,0.9999912230272656,0.9927201596249858,0.9963424258920393,229538.0
NF-UNSW-NB15-v2,multiclass,sage_edge,44,val,DoS,0.12921348314606743,0.1163575042158516,0.12244897959183673,593.0
NF-UNSW-NB15-v2,multiclass,sage_edge,44,val,Exploits,0.7977751291219706,0.6370558375634517,0.7084141823954843,3152.0
NF-UNSW-NB15-v2,multiclass,sage_edge,44,val,Fuzzers,0.7213307240704501,0.7974902639549979,0.757501027538019,2311.0
NF-UNSW-NB15-v2,multiclass,sage_edge,44,val,Generic,0.971063829787234,0.6861094407696934,0.8040873854827343,1663.0
NF-UNSW-NB15-v2,multiclass,sage_edge,44,val,Reconnaissance,0.8305921052631579,0.7872174590802806,0.8083233293317327,1283.0
NF-UNSW-NB15-v2,multiclass,sage_edge,44,val,Shellcode,0.22345483359746435,0.9527027027027027,0.362002567394095,148.0
NF-UNSW-NB15-v2,multiclass,sage_edge,44,val,Worms,0.02881844380403458,0.6666666666666666,0.055248618784530384,15.0
NF-UNSW-NB15-v2,multiclass,sage_edge,44,test,Analysis,0.11837837837837838,0.9776785714285714,0.2111861137897782,448.0
NF-UNSW-NB15-v2,multiclass,sage_edge,44,test,Backdoor,0.057722308892355696,0.08564814814814815,0.06896551724137931,432.0
NF-UNSW-NB15-v2,multiclass,sage_edge,44,test,Benign,0.9999890278451347,0.9924298190212775,0.9961950836677164,459170.0
NF-UNSW-NB15-v2,multiclass,sage_edge,44,test,DoS,0.12121212121212122,0.11198600174978128,0.11641655297862664,1143.0
NF-UNSW-NB15-v2,multiclass,sage_edge,44,test,Exploits,0.8121501140369065,0.6266197408414653,0.7074227921256998,6251.0
NF-UNSW-NB15-v2,multiclass,sage_edge,44,test,Fuzzers,0.6865867366054702,0.8312542526650034,0.7520262644916385,4409.0
NF-UNSW-NB15-v2,multiclass,sage_edge,44,test,Generic,0.9604810996563574,0.6850490196078431,0.7997138769670958,3264.0
NF-UNSW-NB15-v2,multiclass,sage_edge,44,test,Reconnaissance,0.8221503637833468,0.7954634337113805,0.8085867620751341,2557.0
NF-UNSW-NB15-v2,multiclass,sage_edge,44,test,Shellcode,0.24175824175824176,0.9662162162162162,0.3867478025693036,296.0
NF-UNSW-NB15-v2,multiclass,sage_edge,44,test,Worms,0.036601307189542485,0.7567567567567568,0.06982543640897755,37.0
NF-UNSW-NB15-v2,multiclass,sage_edge,55,val,Analysis,0.10499139414802065,0.5126050420168067,0.1742857142857143,238.0
NF-UNSW-NB15-v2,multiclass,sage_edge,55,val,Backdoor,0.1161524500907441,0.5739910313901345,0.1932075471698113,223.0
NF-UNSW-NB15-v2,multiclass,sage_edge,55,val,Benign,0.9999736286919831,0.9911822879000427,0.995558550555947,229538.0
NF-UNSW-NB15-v2,multiclass,sage_edge,55,val,DoS,0.14428857715430862,0.12141652613827993,0.13186813186813187,593.0
NF-UNSW-NB15-v2,multiclass,sage_edge,55,val,Exploits,0.7069852941176471,0.6100888324873096,0.6549727520435967,3152.0
NF-UNSW-NB15-v2,multiclass,sage_edge,55,val,Fuzzers,0.7211093990755008,0.8100389441800087,0.7629916445893621,2311.0
NF-UNSW-NB15-v2,multiclass,sage_edge,55,val,Generic,0.9639794168096055,0.6758869512928443,0.7946270767055497,1663.0
NF-UNSW-NB15-v2,multiclass,sage_edge,55,val,Reconnaissance,0.7294493216280926,0.7123928293063133,0.7208201892744479,1283.0
NF-UNSW-NB15-v2,multiclass,sage_edge,55,val,Shellcode,0.2788844621513944,0.9459459459459459,0.4307692307692308,148.0
NF-UNSW-NB15-v2,multiclass,sage_edge,55,val,Worms,0.020186335403726708,0.8666666666666667,0.03945371775417299,15.0
NF-UNSW-NB15-v2,multiclass,sage_edge,55,test,Analysis,0.10889882161722877,0.5982142857142857,0.18425575799243726,448.0
NF-UNSW-NB15-v2,multiclass,sage_edge,55,test,Backdoor,0.12258454106280194,0.4699074074074074,0.19444444444444445,432.0
NF-UNSW-NB15-v2,multiclass,sage_edge,55,test,Benign,0.999984629268946,0.9917982446588409,0.9958746136208821,459170.0
NF-UNSW-NB15-v2,multiclass,sage_edge,55,test,DoS,0.13773035887487875,0.1242344706911636,0.13063477460901565,1143.0
NF-UNSW-NB15-v2,multiclass,sage_edge,55,test,Exploits,0.7571693831235816,0.5871060630299152,0.6613804289061093,6251.0
NF-UNSW-NB15-v2,multiclass,sage_edge,55,test,Fuzzers,0.683090705487122,0.8301202086640962,0.7494624756834237,4409.0
NF-UNSW-NB15-v2,multiclass,sage_edge,55,test,Generic,0.9535283993115319,0.678921568627451,0.7931281317108089,3264.0
NF-UNSW-NB15-v2,multiclass,sage_edge,55,test,Reconnaissance,0.7256772224341854,0.7438404380132968,0.7346465816917729,2557.0
NF-UNSW-NB15-v2,multiclass,sage_edge,55,test,Shellcode,0.28884254431699685,0.9358108108108109,0.44143426294820715,296.0
NF-UNSW-NB15-v2,multiclass,sage_edge,55,test,Worms,0.02389843166542196,0.8648648648648649,0.046511627906976744,37.0
