START NF-UNSW-NB15-v2__multiclass__edge_mlp__seed11
edge_mlp seed=11 step=409 epoch=1 loss=1.5685 val_macro_f1=0.3779
edge_mlp seed=11 step=909 epoch=3 loss=1.2681 val_macro_f1=0.3907
edge_mlp seed=11 step=1409 epoch=4 loss=1.1872 val_macro_f1=0.4109
edge_mlp seed=11 step=1500 epoch=4 loss=1.1891 val_macro_f1=0.4161
DONE NF-UNSW-NB15-v2__multiclass__edge_mlp__seed11 test_macro_f1=0.4186 seconds=38.0
START NF-UNSW-NB15-v2__multiclass__edge_mlp__seed22
edge_mlp seed=22 step=409 epoch=1 loss=1.5915 val_macro_f1=0.3999
edge_mlp seed=22 step=909 epoch=3 loss=1.2800 val_macro_f1=0.4001
edge_mlp seed=22 step=1409 epoch=4 loss=1.1970 val_macro_f1=0.4182
edge_mlp seed=22 step=1500 epoch=4 loss=1.1593 val_macro_f1=0.3926
DONE NF-UNSW-NB15-v2__multiclass__edge_mlp__seed22 test_macro_f1=0.4217 seconds=35.0
START NF-UNSW-NB15-v2__multiclass__edge_mlp__seed33
edge_mlp seed=33 step=409 epoch=1 loss=1.5736 val_macro_f1=0.3573
edge_mlp seed=33 step=909 epoch=3 loss=1.2835 val_macro_f1=0.3626
edge_mlp seed=33 step=1409 epoch=4 loss=1.2116 val_macro_f1=0.3994
edge_mlp seed=33 step=1500 epoch=4 loss=1.1915 val_macro_f1=0.3954
DONE NF-UNSW-NB15-v2__multiclass__edge_mlp__seed33 test_macro_f1=0.4004 seconds=36.1
START NF-UNSW-NB15-v2__multiclass__sage__seed11
sage seed=11 step=409 epoch=1 loss=1.2294 val_macro_f1=0.4471
sage seed=11 step=909 epoch=3 loss=0.9621 val_macro_f1=0.4766
sage seed=11 step=1409 epoch=4 loss=0.8768 val_macro_f1=0.4841
sage seed=11 step=1500 epoch=4 loss=0.8660 val_macro_f1=0.4875
DONE NF-UNSW-NB15-v2__multiclass__sage__seed11 test_macro_f1=0.4901 seconds=40.5
START NF-UNSW-NB15-v2__multiclass__sage__seed22
sage seed=22 step=409 epoch=1 loss=1.2119 val_macro_f1=0.4559
sage seed=22 step=909 epoch=3 loss=0.9493 val_macro_f1=0.4939
sage seed=22 step=1409 epoch=4 loss=0.8779 val_macro_f1=0.4849
sage seed=22 step=1500 epoch=4 loss=0.8581 val_macro_f1=0.4959
DONE NF-UNSW-NB15-v2__multiclass__sage__seed22 test_macro_f1=0.4930 seconds=39.5
START NF-UNSW-NB15-v2__multiclass__sage__seed33
Exception ignored in: <function _MultiProcessingDataLoaderIter.__del__ at 0x7fc7e4013ce0>
Traceback (most recent call last):
  File "/workspace/reseach1/.venv-server/lib/python3.12/site-packages/torch/utils/data/dataloader.py", line 1664, in __del__
    self._shutdown_workers()
  File "/workspace/reseach1/.venv-server/lib/python3.12/site-packages/torch/utils/data/dataloader.py", line 1647, in _shutdown_workers
    if w.is_alive():
       ^^^^^^^^^^^^
  File "/usr/lib/python3.12/multiprocessing/process.py", line 160, in is_alive
    assert self._parent_pid == os.getpid(), 'can only test a child process'
           ^^^^^^^^^^^^^^^^^^^^^^^^^^^^^^^
AssertionError: can only test a child process
Exception ignored in: <function _MultiProcessingDataLoaderIter.__del__ at 0x7fc7e4013ce0>
Traceback (most recent call last):
  File "/workspace/reseach1/.venv-server/lib/python3.12/site-packages/torch/utils/data/dataloader.py", line 1664, in __del__
    self._shutdown_workers()
  File "/workspace/reseach1/.venv-server/lib/python3.12/site-packages/torch/utils/data/dataloader.py", line 1647, in _shutdown_workers
    if w.is_alive():
       ^^^^^^^^^^^^
  File "/usr/lib/python3.12/multiprocessing/process.py", line 160, in is_alive
    assert self._parent_pid == os.getpid(), 'can only test a child process'
           ^^^^^^^^^^^^^^^^^^^^^^^^^^^^^^^
AssertionError: can only test a child process
Exception ignored in: <function _MultiProcessingDataLoaderIter.__del__ at 0x7fc7e4013ce0>
Traceback (most recent call last):
  File "/workspace/reseach1/.venv-server/lib/python3.12/site-packages/torch/utils/data/dataloader.py", line 1664, in __del__
    self._shutdown_workers()
  File "/workspace/reseach1/.venv-server/lib/python3.12/site-packages/torch/utils/data/dataloader.py", line 1647, in _shutdown_workers
    if w.is_alive():
       ^^^^^^^^^^^^
  File "/usr/lib/python3.12/multiprocessing/process.py", line 160, in is_alive
    assert self._parent_pid == os.getpid(), 'can only test a child process'
           ^^^^^^^^^^^^^^^^^^^^^^^^^^^^^^^
AssertionError: can only test a child process
Exception ignored in: <function _MultiProcessingDataLoaderIter.__del__ at 0x7fc7e4013ce0>
Traceback (most recent call last):
  File "/workspace/reseach1/.venv-server/lib/python3.12/site-packages/torch/utils/data/dataloader.py", line 1664, in __del__
    self._shutdown_workers()
  File "/workspace/reseach1/.venv-server/lib/python3.12/site-packages/torch/utils/data/dataloader.py", line 1647, in _shutdown_workers
    if w.is_alive():
       ^^^^^^^^^^^^
  File "/usr/lib/python3.12/multiprocessing/process.py", line 160, in is_alive
    assert self._parent_pid == os.getpid(), 'can only test a child process'
           ^^^^^^^^^^^^^^^^^^^^^^^^^^^^^^^
AssertionError: can only test a child process
Exception ignored in: <function _MultiProcessingDataLoaderIter.__del__ at 0x7fc7e4013ce0>
Traceback (most recent call last):
  File "/workspace/reseach1/.venv-server/lib/python3.12/site-packages/torch/utils/data/dataloader.py", line 1664, in __del__
    self._shutdown_workers()
  File "/workspace/reseach1/.venv-server/lib/python3.12/site-packages/torch/utils/data/dataloader.py", line 1647, in _shutdown_workers
    if w.is_alive():
       ^^^^^^^^^^^^
  File "/usr/lib/python3.12/multiprocessing/process.py", line 160, in is_alive
    assert self._parent_pid == os.getpid(), 'can only test a child process'
           ^^^^^^^^^^^^^^^^^^^^^^^^^^^^^^^
AssertionError: can only test a child process
Exception ignored in: <function _MultiProcessingDataLoaderIter.__del__ at 0x7fc7e4013ce0>
Traceback (most recent call last):
  File "/workspace/reseach1/.venv-server/lib/python3.12/site-packages/torch/utils/data/dataloader.py", line 1664, in __del__
    self._shutdown_workers()
  File "/workspace/reseach1/.venv-server/lib/python3.12/site-packages/torch/utils/data/dataloader.py", line 1647, in _shutdown_workers
    if w.is_alive():
       ^^^^^^^^^^^^
  File "/usr/lib/python3.12/multiprocessing/process.py", line 160, in is_alive
    assert self._parent_pid == os.getpid(), 'can only test a child process'
           ^^^^^^^^^^^^^^^^^^^^^^^^^^^^^^^
AssertionError: can only test a child process
Exception ignored in: <function _MultiProcessingDataLoaderIter.__del__ at 0x7fc7e4013ce0>
Traceback (most recent call last):
  File "/workspace/reseach1/.venv-server/lib/python3.12/site-packages/torch/utils/data/dataloader.py", line 1664, in __del__
    self._shutdown_workers()
  File "/workspace/reseach1/.venv-server/lib/python3.12/site-packages/torch/utils/data/dataloader.py", line 1647, in _shutdown_workers
    if w.is_alive():
       ^^^^^^^^^^^^
  File "/usr/lib/python3.12/multiprocessing/process.py", line 160, in is_alive
    assert self._parent_pid == os.getpid(), 'can only test a child process'
           ^^^^^^^^^^^^^^^^^^^^^^^^^^^^^^^
AssertionError: can only test a child process
Exception ignored in: <function _MultiProcessingDataLoaderIter.__del__ at 0x7fc7e4013ce0>
Traceback (most recent call last):
  File "/workspace/reseach1/.venv-server/lib/python3.12/site-packages/torch/utils/data/dataloader.py", line 1664, in __del__
    self._shutdown_workers()
  File "/workspace/reseach1/.venv-server/lib/python3.12/site-packages/torch/utils/data/dataloader.py", line 1647, in _shutdown_workers
    if w.is_alive():
       ^^^^^^^^^^^^
  File "/usr/lib/python3.12/multiprocessing/process.py", line 160, in is_alive
    assert self._parent_pid == os.getpid(), 'can only test a child process'
           ^^^^^^^^^^^^^^^^^^^^^^^^^^^^^^^
AssertionError: can only test a child process
sage seed=33 step=409 epoch=1 loss=1.2271 val_macro_f1=0.4779
sage seed=33 step=909 epoch=3 loss=0.9471 val_macro_f1=0.4684
sage seed=33 step=1409 epoch=4 loss=0.8891 val_macro_f1=0.4758
sage seed=33 step=1500 epoch=4 loss=0.8485 val_macro_f1=0.4803
DONE NF-UNSW-NB15-v2__multiclass__sage__seed33 test_macro_f1=0.4778 seconds=40.7
START NF-UNSW-NB15-v2__multiclass__sage_edge__seed11
sage_edge seed=11 step=409 epoch=1 loss=1.2108 val_macro_f1=0.4603
sage_edge seed=11 step=909 epoch=3 loss=0.9534 val_macro_f1=0.4769
sage_edge seed=11 step=1409 epoch=4 loss=0.8734 val_macro_f1=0.4827
sage_edge seed=11 step=1500 epoch=4 loss=0.8615 val_macro_f1=0.4829
DONE NF-UNSW-NB15-v2__multiclass__sage_edge__seed11 test_macro_f1=0.4889 seconds=39.2
START NF-UNSW-NB15-v2__multiclass__sage_edge__seed22
sage_edge seed=22 step=409 epoch=1 loss=1.2197 val_macro_f1=0.4683
sage_edge seed=22 step=909 epoch=3 loss=0.9476 val_macro_f1=0.4855
sage_edge seed=22 step=1409 epoch=4 loss=0.8823 val_macro_f1=0.4833
sage_edge seed=22 step=1500 epoch=4 loss=0.8492 val_macro_f1=0.4504
DONE NF-UNSW-NB15-v2__multiclass__sage_edge__seed22 test_macro_f1=0.4808 seconds=37.5
START NF-UNSW-NB15-v2__multiclass__sage_edge__seed33
sage_edge seed=33 step=409 epoch=1 loss=1.2200 val_macro_f1=0.4699
sage_edge seed=33 step=909 epoch=3 loss=0.9488 val_macro_f1=0.4735
sage_edge seed=33 step=1409 epoch=4 loss=0.8780 val_macro_f1=0.4817
sage_edge seed=33 step=1500 epoch=4 loss=0.8413 val_macro_f1=0.4866
DONE NF-UNSW-NB15-v2__multiclass__sage_edge__seed33 test_macro_f1=0.4879 seconds=39.1
START NF-UNSW-NB15-v2__binary__edge_mlp__seed11
Exception ignored in: <function _MultiProcessingDataLoaderIter.__del__ at 0x7fc7e4013ce0>
Traceback (most recent call last):
  File "/workspace/reseach1/.venv-server/lib/python3.12/site-packages/torch/utils/data/dataloader.py", line 1664, in __del__
    self._shutdown_workers()
  File "/workspace/reseach1/.venv-server/lib/python3.12/site-packages/torch/utils/data/dataloader.py", line 1647, in _shutdown_workers
    if w.is_alive():
       ^^^^^^^^^^^^
  File "/usr/lib/python3.12/multiprocessing/process.py", line 160, in is_alive
    assert self._parent_pid == os.getpid(), 'can only test a child process'
           ^^^^^^^^^^^^^^^^^^^^^^^^^^^^^^^
AssertionError: can only test a child process
Exception ignored in: <function _MultiProcessingDataLoaderIter.__del__ at 0x7fc7e4013ce0>
Traceback (most recent call last):
  File "/workspace/reseach1/.venv-server/lib/python3.12/site-packages/torch/utils/data/dataloader.py", line 1664, in __del__
    self._shutdown_workers()
  File "/workspace/reseach1/.venv-server/lib/python3.12/site-packages/torch/utils/data/dataloader.py", line 1647, in _shutdown_workers
    if w.is_alive():
       ^^^^^^^^^^^^
  File "/usr/lib/python3.12/multiprocessing/process.py", line 160, in is_alive
    assert self._parent_pid == os.getpid(), 'can only test a child process'
           ^^^^^^^^^^^^^^^^^^^^^^^^^^^^^^^
AssertionError: can only test a child process
Exception ignored in: <function _MultiProcessingDataLoaderIter.__del__ at 0x7fc7e4013ce0>
Traceback (most recent call last):
  File "/workspace/reseach1/.venv-server/lib/python3.12/site-packages/torch/utils/data/dataloader.py", line 1664, in __del__
    self._shutdown_workers()
  File "/workspace/reseach1/.venv-server/lib/python3.12/site-packages/torch/utils/data/dataloader.py", line 1647, in _shutdown_workers
    if w.is_alive():
       ^^^^^^^^^^^^
  File "/usr/lib/python3.12/multiprocessing/process.py", line 160, in is_alive
    assert self._parent_pid == os.getpid(), 'can only test a child process'
           ^^^^^^^^^^^^^^^^^^^^^^^^^^^^^^^
AssertionError: can only test a child process
Exception ignored in: <function _MultiProcessingDataLoaderIter.__del__ at 0x7fc7e4013ce0>
Traceback (most recent call last):
  File "/workspace/reseach1/.venv-server/lib/python3.12/site-packages/torch/utils/data/dataloader.py", line 1664, in __del__
    self._shutdown_workers()
  File "/workspace/reseach1/.venv-server/lib/python3.12/site-packages/torch/utils/data/dataloader.py", line 1647, in _shutdown_workers
    if w.is_alive():
       ^^^^^^^^^^^^
  File "/usr/lib/python3.12/multiprocessing/process.py", line 160, in is_alive
    assert self._parent_pid == os.getpid(), 'can only test a child process'
           ^^^^^^^^^^^^^^^^^^^^^^^^^^^^^^^
AssertionError: can only test a child process
Exception ignored in: <function _MultiProcessingDataLoaderIter.__del__ at 0x7fc7e4013ce0>
Traceback (most recent call last):
  File "/workspace/reseach1/.venv-server/lib/python3.12/site-packages/torch/utils/data/dataloader.py", line 1664, in __del__
    self._shutdown_workers()
  File "/workspace/reseach1/.venv-server/lib/python3.12/site-packages/torch/utils/data/dataloader.py", line 1647, in _shutdown_workers
    if w.is_alive():
       ^^^^^^^^^^^^
  File "/usr/lib/python3.12/multiprocessing/process.py", line 160, in is_alive
    assert self._parent_pid == os.getpid(), 'can only test a child process'
           ^^^^^^^^^^^^^^^^^^^^^^^^^^^^^^^
AssertionError: can only test a child process
Exception ignored in: <function _MultiProcessingDataLoaderIter.__del__ at 0x7fc7e4013ce0>
Traceback (most recent call last):
  File "/workspace/reseach1/.venv-server/lib/python3.12/site-packages/torch/utils/data/dataloader.py", line 1664, in __del__
    self._shutdown_workers()
  File "/workspace/reseach1/.venv-server/lib/python3.12/site-packages/torch/utils/data/dataloader.py", line 1647, in _shutdown_workers
    if w.is_alive():
       ^^^^^^^^^^^^
  File "/usr/lib/python3.12/multiprocessing/process.py", line 160, in is_alive
    assert self._parent_pid == os.getpid(), 'can only test a child process'
           ^^^^^^^^^^^^^^^^^^^^^^^^^^^^^^^
AssertionError: can only test a child process
Exception ignored in: <function _MultiProcessingDataLoaderIter.__del__ at 0x7fc7e4013ce0>
Traceback (most recent call last):
  File "/workspace/reseach1/.venv-server/lib/python3.12/site-packages/torch/utils/data/dataloader.py", line 1664, in __del__
    self._shutdown_workers()
  File "/workspace/reseach1/.venv-server/lib/python3.12/site-packages/torch/utils/data/dataloader.py", line 1647, in _shutdown_workers
    if w.is_alive():
       ^^^^^^^^^^^^
  File "/usr/lib/python3.12/multiprocessing/process.py", line 160, in is_alive
    assert self._parent_pid == os.getpid(), 'can only test a child process'
           ^^^^^^^^^^^^^^^^^^^^^^^^^^^^^^^
AssertionError: can only test a child process
Exception ignored in: <function _MultiProcessingDataLoaderIter.__del__ at 0x7fc7e4013ce0>
Traceback (most recent call last):
  File "/workspace/reseach1/.venv-server/lib/python3.12/site-packages/torch/utils/data/dataloader.py", line 1664, in __del__
    self._shutdown_workers()
  File "/workspace/reseach1/.venv-server/lib/python3.12/site-packages/torch/utils/data/dataloader.py", line 1647, in _shutdown_workers
    if w.is_alive():
       ^^^^^^^^^^^^
  File "/usr/lib/python3.12/multiprocessing/process.py", line 160, in is_alive
    assert self._parent_pid == os.getpid(), 'can only test a child process'
           ^^^^^^^^^^^^^^^^^^^^^^^^^^^^^^^
AssertionError: can only test a child process
Exception ignored in: <function _MultiProcessingDataLoaderIter.__del__ at 0x7fc7e4013ce0>
Traceback (most recent call last):
  File "/workspace/reseach1/.venv-server/lib/python3.12/site-packages/torch/utils/data/dataloader.py", line 1664, in __del__
    self._shutdown_workers()
  File "/workspace/reseach1/.venv-server/lib/python3.12/site-packages/torch/utils/data/dataloader.py", line 1647, in _shutdown_workers
    if w.is_alive():
       ^^^^^^^^^^^^
  File "/usr/lib/python3.12/multiprocessing/process.py", line 160, in is_alive
Exception ignored in:     assert self._parent_pid == os.getpid(), 'can only test a child process'
<function _MultiProcessingDataLoaderIter.__del__ at 0x7fc7e4013ce0>
 Traceback (most recent call last):
    File "/workspace/reseach1/.venv-server/lib/python3.12/site-packages/torch/utils/data/dataloader.py", line 1664, in __del__
        ^^^^^^^^^^^^^^^^^^^^^^^^^^^^^^^
AssertionError: can only test a child process
    self._shutdown_workers()
  File "/workspace/reseach1/.venv-server/lib/python3.12/site-packages/torch/utils/data/dataloader.py", line 1647, in _shutdown_workers
    if w.is_alive():
       ^^^^^^^^^^^^
  File "/usr/lib/python3.12/multiprocessing/process.py", line 160, in is_alive
    assert self._parent_pid == os.getpid(), 'can only test a child process'
           ^^^^^^^^^^^^^^^^^^^^^^^^^^^^^^^
AssertionError: can only test a child process
Exception ignored in: <function _MultiProcessingDataLoaderIter.__del__ at 0x7fc7e4013ce0>
Traceback (most recent call last):
  File "/workspace/reseach1/.venv-server/lib/python3.12/site-packages/torch/utils/data/dataloader.py", line 1664, in __del__
    self._shutdown_workers()
  File "/workspace/reseach1/.venv-server/lib/python3.12/site-packages/torch/utils/data/dataloader.py", line 1647, in _shutdown_workers
    if w.is_alive():
       ^^^^^^^^^^^^
  File "/usr/lib/python3.12/multiprocessing/process.py", line 160, in is_alive
    assert self._parent_pid == os.getpid(), 'can only test a child process'
           ^^^^^^^^^^^^^^^^^^^^^^^^^^^^^^^
AssertionError: can only test a child process
Exception ignored in: <function _MultiProcessingDataLoaderIter.__del__ at 0x7fc7e4013ce0>
Traceback (most recent call last):
  File "/workspace/reseach1/.venv-server/lib/python3.12/site-packages/torch/utils/data/dataloader.py", line 1664, in __del__
    self._shutdown_workers()
  File "/workspace/reseach1/.venv-server/lib/python3.12/site-packages/torch/utils/data/dataloader.py", line 1647, in _shutdown_workers
    if w.is_alive():
       ^^^^^^^^^^^^
  File "/usr/lib/python3.12/multiprocessing/process.py", line 160, in is_alive
    assert self._parent_pid == os.getpid(), 'can only test a child process'
           ^^^^^^^^^^^^^^^^^^^^^^^^^^^^^^^
AssertionError: can only test a child process
Exception ignored in: <function _MultiProcessingDataLoaderIter.__del__ at 0x7fc7e4013ce0>
Traceback (most recent call last):
  File "/workspace/reseach1/.venv-server/lib/python3.12/site-packages/torch/utils/data/dataloader.py", line 1664, in __del__
    self._shutdown_workers()
  File "/workspace/reseach1/.venv-server/lib/python3.12/site-packages/torch/utils/data/dataloader.py", line 1647, in _shutdown_workers
    if w.is_alive():
       ^^^^^^^^^^^^
  File "/usr/lib/python3.12/multiprocessing/process.py", line 160, in is_alive
    assert self._parent_pid == os.getpid(), 'can only test a child process'
           ^^^^^^^^^^^^^^^^^^^^^^^^^^^^^^^
AssertionError: can only test a child process
Exception ignored in: <function _MultiProcessingDataLoaderIter.__del__ at 0x7fc7e4013ce0>
Traceback (most recent call last):
  File "/workspace/reseach1/.venv-server/lib/python3.12/site-packages/torch/utils/data/dataloader.py", line 1664, in __del__
    self._shutdown_workers()
  File "/workspace/reseach1/.venv-server/lib/python3.12/site-packages/torch/utils/data/dataloader.py", line 1647, in _shutdown_workers
    if w.is_alive():
       ^^^^^^^^^^^^
  File "/usr/lib/python3.12/multiprocessing/process.py", line 160, in is_alive
    assert self._parent_pid == os.getpid(), 'can only test a child process'
           ^^^^^^^^^^^^^^^^^^^^^^^^^^^^^^^
AssertionError: can only test a child process
Exception ignored in: <function _MultiProcessingDataLoaderIter.__del__ at 0x7fc7e4013ce0>
Traceback (most recent call last):
  File "/workspace/reseach1/.venv-server/lib/python3.12/site-packages/torch/utils/data/dataloader.py", line 1664, in __del__
    self._shutdown_workers()
  File "/workspace/reseach1/.venv-server/lib/python3.12/site-packages/torch/utils/data/dataloader.py", line 1647, in _shutdown_workers
    if w.is_alive():
       ^^^^^^^^^^^^
  File "/usr/lib/python3.12/multiprocessing/process.py", line 160, in is_alive
    assert self._parent_pid == os.getpid(), 'can only test a child process'
           ^^^^^^^^^^^^^^^^^^^^^^^^^^^^^^^
AssertionError: can only test a child process
Exception ignored in: <function _MultiProcessingDataLoaderIter.__del__ at 0x7fc7e4013ce0>
Traceback (most recent call last):
  File "/workspace/reseach1/.venv-server/lib/python3.12/site-packages/torch/utils/data/dataloader.py", line 1664, in __del__
    self._shutdown_workers()
  File "/workspace/reseach1/.venv-server/lib/python3.12/site-packages/torch/utils/data/dataloader.py", line 1647, in _shutdown_workers
    if w.is_alive():
       ^^^^^^^^^^^^
  File "/usr/lib/python3.12/multiprocessing/process.py", line 160, in is_alive
    assert self._parent_pid == os.getpid(), 'can only test a child process'
           ^^^^^^^^^^^^^^^^^^^^^^^^^^^^^^^
AssertionError: can only test a child process
edge_mlp seed=11 step=409 epoch=1 loss=0.1043 val_macro_f1=0.9566
edge_mlp seed=11 step=909 epoch=3 loss=0.0259 val_macro_f1=0.9618
edge_mlp seed=11 step=1409 epoch=4 loss=0.0203 val_macro_f1=0.9660
edge_mlp seed=11 step=1500 epoch=4 loss=0.0192 val_macro_f1=0.9666
DONE NF-UNSW-NB15-v2__binary__edge_mlp__seed11 test_macro_f1=0.9646 seconds=36.5
START NF-UNSW-NB15-v2__binary__edge_mlp__seed22
Exception ignored in: <function _MultiProcessingDataLoaderIter.__del__ at 0x7fc7e4013ce0>
Traceback (most recent call last):
  File "/workspace/reseach1/.venv-server/lib/python3.12/site-packages/torch/utils/data/dataloader.py", line 1664, in __del__
    self._shutdown_workers()
  File "/workspace/reseach1/.venv-server/lib/python3.12/site-packages/torch/utils/data/dataloader.py", line 1647, in _shutdown_workers
    if w.is_alive():
       ^^^^^^^^^^^^
  File "/usr/lib/python3.12/multiprocessing/process.py", line 160, in is_alive
    assert self._parent_pid == os.getpid(), 'can only test a child process'
           ^^^^^^^^^^^^^^^^^^^^^^^^^^^^^^^
AssertionError: can only test a child process
Exception ignored in: <function _MultiProcessingDataLoaderIter.__del__ at 0x7fc7e4013ce0>
Traceback (most recent call last):
  File "/workspace/reseach1/.venv-server/lib/python3.12/site-packages/torch/utils/data/dataloader.py", line 1664, in __del__
Exception ignored in: <function _MultiProcessingDataLoaderIter.__del__ at 0x7fc7e4013ce0>
Traceback (most recent call last):
  File "/workspace/reseach1/.venv-server/lib/python3.12/site-packages/torch/utils/data/dataloader.py", line 1664, in __del__
    self._shutdown_workers()
    self._shutdown_workers()
  File "/workspace/reseach1/.venv-server/lib/python3.12/site-packages/torch/utils/data/dataloader.py", line 1647, in _shutdown_workers
  File "/workspace/reseach1/.venv-server/lib/python3.12/site-packages/torch/utils/data/dataloader.py", line 1647, in _shutdown_workers
    if w.is_alive():
       ^^^^^^^^^^^^
  File "/usr/lib/python3.12/multiprocessing/process.py", line 160, in is_alive
    assert self._parent_pid == os.getpid(), 'can only test a child process'
           ^^^^^^^^^^^^^^^^^^^^^^^^^^^^^^^
AssertionError: can only test a child process
    if w.is_alive():
       ^^^^^^^^^^^^
  File "/usr/lib/python3.12/multiprocessing/process.py", line 160, in is_alive
    assert self._parent_pid == os.getpid(), 'can only test a child process'
           ^^^^^^^^^^^^^^^^^^^^^^^^^^^^^^^
AssertionError: can only test a child process
Exception ignored in: <function _MultiProcessingDataLoaderIter.__del__ at 0x7fc7e4013ce0>
Traceback (most recent call last):
  File "/workspace/reseach1/.venv-server/lib/python3.12/site-packages/torch/utils/data/dataloader.py", line 1664, in __del__
    self._shutdown_workers()
  File "/workspace/reseach1/.venv-server/lib/python3.12/site-packages/torch/utils/data/dataloader.py", line 1647, in _shutdown_workers
    if w.is_alive():
       ^^^^^^^^^^^^
  File "/usr/lib/python3.12/multiprocessing/process.py", line 160, in is_alive
    assert self._parent_pid == os.getpid(), 'can only test a child process'
           ^^^^^^^^^^^^^^^^^^^^^^^^^^^^^^^
AssertionError: can only test a child process
Exception ignored in: <function _MultiProcessingDataLoaderIter.__del__ at 0x7fc7e4013ce0>
Traceback (most recent call last):
  File "/workspace/reseach1/.venv-server/lib/python3.12/site-packages/torch/utils/data/dataloader.py", line 1664, in __del__
    self._shutdown_workers()
  File "/workspace/reseach1/.venv-server/lib/python3.12/site-packages/torch/utils/data/dataloader.py", line 1647, in _shutdown_workers
    if w.is_alive():
       ^^^^^^^^^^^^
  File "/usr/lib/python3.12/multiprocessing/process.py", line 160, in is_alive
    assert self._parent_pid == os.getpid(), 'can only test a child process'
           ^^^^^^^^^^^^^^^^^^^^^^^^^^^^^^^
AssertionError: can only test a child process
Exception ignored in: <function _MultiProcessingDataLoaderIter.__del__ at 0x7fc7e4013ce0>
Traceback (most recent call last):
  File "/workspace/reseach1/.venv-server/lib/python3.12/site-packages/torch/utils/data/dataloader.py", line 1664, in __del__
    self._shutdown_workers()
  File "/workspace/reseach1/.venv-server/lib/python3.12/site-packages/torch/utils/data/dataloader.py", line 1647, in _shutdown_workers
    if w.is_alive():
       ^^^^^^^^^^^^
  File "/usr/lib/python3.12/multiprocessing/process.py", line 160, in is_alive
    assert self._parent_pid == os.getpid(), 'can only test a child process'
           ^^^^^^^^^^^^^^^^^^^^^^^^^^^^^^^
AssertionError: can only test a child process
Exception ignored in: <function _MultiProcessingDataLoaderIter.__del__ at 0x7fc7e4013ce0>
Traceback (most recent call last):
  File "/workspace/reseach1/.venv-server/lib/python3.12/site-packages/torch/utils/data/dataloader.py", line 1664, in __del__
    self._shutdown_workers()
  File "/workspace/reseach1/.venv-server/lib/python3.12/site-packages/torch/utils/data/dataloader.py", line 1647, in _shutdown_workers
    if w.is_alive():
       ^^^^^^^^^^^^
  File "/usr/lib/python3.12/multiprocessing/process.py", line 160, in is_alive
    assert self._parent_pid == os.getpid(), 'can only test a child process'
           ^^^^^^^^^^^^^^^^^^^^^^^^^^^^^^^
AssertionError: can only test a child process
Exception ignored in: <function _MultiProcessingDataLoaderIter.__del__ at 0x7fc7e4013ce0>
Traceback (most recent call last):
  File "/workspace/reseach1/.venv-server/lib/python3.12/site-packages/torch/utils/data/dataloader.py", line 1664, in __del__
    self._shutdown_workers()
  File "/workspace/reseach1/.venv-server/lib/python3.12/site-packages/torch/utils/data/dataloader.py", line 1647, in _shutdown_workers
    if w.is_alive():
       ^^^^^^^^^^^^
  File "/usr/lib/python3.12/multiprocessing/process.py", line 160, in is_alive
    assert self._parent_pid == os.getpid(), 'can only test a child process'
           ^^^^^^^^^^^^^^^^^^^^^^^^^^^^^^^
AssertionError: can only test a child process
Exception ignored in: <function _MultiProcessingDataLoaderIter.__del__ at 0x7fc7e4013ce0>
Traceback (most recent call last):
  File "/workspace/reseach1/.venv-server/lib/python3.12/site-packages/torch/utils/data/dataloader.py", line 1664, in __del__
    self._shutdown_workers()
  File "/workspace/reseach1/.venv-server/lib/python3.12/site-packages/torch/utils/data/dataloader.py", line 1647, in _shutdown_workers
    if w.is_alive():
       ^^^^^^^^^^^^
  File "/usr/lib/python3.12/multiprocessing/process.py", line 160, in is_alive
    assert self._parent_pid == os.getpid(), 'can only test a child process'
           ^^^^^^^^^^^^^^^^^^^^^^^^^^^^^^^
AssertionError: can only test a child process
Exception ignored in: <function _MultiProcessingDataLoaderIter.__del__ at 0x7fc7e4013ce0>
Traceback (most recent call last):
  File "/workspace/reseach1/.venv-server/lib/python3.12/site-packages/torch/utils/data/dataloader.py", line 1664, in __del__
    self._shutdown_workers()
  File "/workspace/reseach1/.venv-server/lib/python3.12/site-packages/torch/utils/data/dataloader.py", line 1647, in _shutdown_workers
    if w.is_alive():
       ^^^^^^^^^^^^
  File "/usr/lib/python3.12/multiprocessing/process.py", line 160, in is_alive
    assert self._parent_pid == os.getpid(), 'can only test a child process'
           ^^^^^^^^^^^^^^^^^^^^^^^^^^^^^^^
AssertionError: can only test a child process
Exception ignored in: <function _MultiProcessingDataLoaderIter.__del__ at 0x7fc7e4013ce0>
Traceback (most recent call last):
  File "/workspace/reseach1/.venv-server/lib/python3.12/site-packages/torch/utils/data/dataloader.py", line 1664, in __del__
    self._shutdown_workers()
  File "/workspace/reseach1/.venv-server/lib/python3.12/site-packages/torch/utils/data/dataloader.py", line 1647, in _shutdown_workers
    if w.is_alive():
       ^^^^^^^^^^^^
  File "/usr/lib/python3.12/multiprocessing/process.py", line 160, in is_alive
    assert self._parent_pid == os.getpid(), 'can only test a child process'
           ^^^^^^^^^^^^^^^^^^^^^^^^^^^^^^^
AssertionError: can only test a child process
Exception ignored in: <function _MultiProcessingDataLoaderIter.__del__ at 0x7fc7e4013ce0>
Traceback (most recent call last):
  File "/workspace/reseach1/.venv-server/lib/python3.12/site-packages/torch/utils/data/dataloader.py", line 1664, in __del__
    self._shutdown_workers()
  File "/workspace/reseach1/.venv-server/lib/python3.12/site-packages/torch/utils/data/dataloader.py", line 1647, in _shutdown_workers
    if w.is_alive():
       ^^^^^^^^^^^^
  File "/usr/lib/python3.12/multiprocessing/process.py", line 160, in is_alive
    assert self._parent_pid == os.getpid(), 'can only test a child process'
           ^^^^^^^^^^^^^^^^^^^^^^^^^^^^^^^
AssertionError: can only test a child process
Exception ignored in: <function _MultiProcessingDataLoaderIter.__del__ at 0x7fc7e4013ce0>
Traceback (most recent call last):
  File "/workspace/reseach1/.venv-server/lib/python3.12/site-packages/torch/utils/data/dataloader.py", line 1664, in __del__
    self._shutdown_workers()
  File "/workspace/reseach1/.venv-server/lib/python3.12/site-packages/torch/utils/data/dataloader.py", line 1647, in _shutdown_workers
    if w.is_alive():
       ^^^^^^^^^^^^
  File "/usr/lib/python3.12/multiprocessing/process.py", line 160, in is_alive
    assert self._parent_pid == os.getpid(), 'can only test a child process'
           ^^^^^^^^^^^^^^^^^^^^^^^^^^^^^^^
AssertionError: can only test a child process
Exception ignored in: <function _MultiProcessingDataLoaderIter.__del__ at 0x7fc7e4013ce0>
Traceback (most recent call last):
  File "/workspace/reseach1/.venv-server/lib/python3.12/site-packages/torch/utils/data/dataloader.py", line 1664, in __del__
    self._shutdown_workers()
  File "/workspace/reseach1/.venv-server/lib/python3.12/site-packages/torch/utils/data/dataloader.py", line 1647, in _shutdown_workers
    if w.is_alive():
       ^^^^^^^^^^^^
  File "/usr/lib/python3.12/multiprocessing/process.py", line 160, in is_alive
    assert self._parent_pid == os.getpid(), 'can only test a child process'
           ^^^^^^^^^^^^^^^^^^^^^^^^^^^^^^^
AssertionError: can only test a child process
Exception ignored in: <function _MultiProcessingDataLoaderIter.__del__ at 0x7fc7e4013ce0>
Traceback (most recent call last):
  File "/workspace/reseach1/.venv-server/lib/python3.12/site-packages/torch/utils/data/dataloader.py", line 1664, in __del__
    self._shutdown_workers()
  File "/workspace/reseach1/.venv-server/lib/python3.12/site-packages/torch/utils/data/dataloader.py", line 1647, in _shutdown_workers
    if w.is_alive():
       ^^^^^^^^^^^^
  File "/usr/lib/python3.12/multiprocessing/process.py", line 160, in is_alive
    assert self._parent_pid == os.getpid(), 'can only test a child process'
           ^^^^^^^^^^^^^^^^^^^^^^^^^^^^^^^
AssertionError: can only test a child process
Exception ignored in: <function _MultiProcessingDataLoaderIter.__del__ at 0x7fc7e4013ce0>
Traceback (most recent call last):
  File "/workspace/reseach1/.venv-server/lib/python3.12/site-packages/torch/utils/data/dataloader.py", line 1664, in __del__
    self._shutdown_workers()
  File "/workspace/reseach1/.venv-server/lib/python3.12/site-packages/torch/utils/data/dataloader.py", line 1647, in _shutdown_workers
    if w.is_alive():
       ^^^^^^^^^^^^
  File "/usr/lib/python3.12/multiprocessing/process.py", line 160, in is_alive
    assert self._parent_pid == os.getpid(), 'can only test a child process'
           ^^^^^^^^^^^^^^^^^^^^^^^^^^^^^^^
AssertionError: can only test a child process
edge_mlp seed=22 step=409 epoch=1 loss=0.0965 val_macro_f1=0.9562
edge_mlp seed=22 step=909 epoch=3 loss=0.0257 val_macro_f1=0.9645
edge_mlp seed=22 step=1409 epoch=4 loss=0.0206 val_macro_f1=0.9661
edge_mlp seed=22 step=1500 epoch=4 loss=0.0182 val_macro_f1=0.9670
DONE NF-UNSW-NB15-v2__binary__edge_mlp__seed22 test_macro_f1=0.9647 seconds=37.7
START NF-UNSW-NB15-v2__binary__edge_mlp__seed33
Exception ignored in: <function _MultiProcessingDataLoaderIter.__del__ at 0x7fc7e4013ce0>
Traceback (most recent call last):
  File "/workspace/reseach1/.venv-server/lib/python3.12/site-packages/torch/utils/data/dataloader.py", line 1664, in __del__
    self._shutdown_workers()
  File "/workspace/reseach1/.venv-server/lib/python3.12/site-packages/torch/utils/data/dataloader.py", line 1647, in _shutdown_workers
    if w.is_alive():
       ^^^^^^^^^^^^
  File "/usr/lib/python3.12/multiprocessing/process.py", line 160, in is_alive
    assert self._parent_pid == os.getpid(), 'can only test a child process'
           ^^^^^^^^^^^^^^^^^^^^^^^^^^^^^^^
AssertionError: can only test a child process
Exception ignored in: <function _MultiProcessingDataLoaderIter.__del__ at 0x7fc7e4013ce0>
Traceback (most recent call last):
  File "/workspace/reseach1/.venv-server/lib/python3.12/site-packages/torch/utils/data/dataloader.py", line 1664, in __del__
    self._shutdown_workers()
  File "/workspace/reseach1/.venv-server/lib/python3.12/site-packages/torch/utils/data/dataloader.py", line 1647, in _shutdown_workers
    if w.is_alive():
       ^^^^^^^^^^^^
  File "/usr/lib/python3.12/multiprocessing/process.py", line 160, in is_alive
    assert self._parent_pid == os.getpid(), 'can only test a child process'
           ^^^^^^^^^^^^^^^^^^^^^^^^^^^^^^^
AssertionError: can only test a child process
Exception ignored in: <function _MultiProcessingDataLoaderIter.__del__ at 0x7fc7e4013ce0>
Traceback (most recent call last):
  File "/workspace/reseach1/.venv-server/lib/python3.12/site-packages/torch/utils/data/dataloader.py", line 1664, in __del__
    self._shutdown_workers()
  File "/workspace/reseach1/.venv-server/lib/python3.12/site-packages/torch/utils/data/dataloader.py", line 1647, in _shutdown_workers
    if w.is_alive():
       ^^Exception ignored in: ^^^^^^<function _MultiProcessingDataLoaderIter.__del__ at 0x7fc7e4013ce0>^
^^Traceback (most recent call last):
^
  File "/usr/lib/python3.12/multiprocessing/process.py", line 160, in is_alive
  File "/workspace/reseach1/.venv-server/lib/python3.12/site-packages/torch/utils/data/dataloader.py", line 1664, in __del__
    assert self._parent_pid == os.getpid(), 'can only test a child process'
           ^^^^^^^^^^^^^^^^^^^^^^^^^^^^^^^
AssertionError: can only test a child process
    self._shutdown_workers()
  File "/workspace/reseach1/.venv-server/lib/python3.12/site-packages/torch/utils/data/dataloader.py", line 1647, in _shutdown_workers
    if w.is_alive():
       ^^^^^^^^^^^^
  File "/usr/lib/python3.12/multiprocessing/process.py", line 160, in is_alive
    assert self._parent_pid == os.getpid(), 'can only test a child process'
           ^^^^^^^^^^^^^^^^^^^^^^^^^^^^^^^
AssertionError: can only test a child process
Exception ignored in: <function _MultiProcessingDataLoaderIter.__del__ at 0x7fc7e4013ce0>
Traceback (most recent call last):
  File "/workspace/reseach1/.venv-server/lib/python3.12/site-packages/torch/utils/data/dataloader.py", line 1664, in __del__
    self._shutdown_workers()
  File "/workspace/reseach1/.venv-server/lib/python3.12/site-packages/torch/utils/data/dataloader.py", line 1647, in _shutdown_workers
    if w.is_alive():
       ^^^^^^^^^^^^
  File "/usr/lib/python3.12/multiprocessing/process.py", line 160, in is_alive
    assert self._parent_pid == os.getpid(), 'can only test a child process'
           ^^^^^^^^^^^^^^^^^^^^^^^^^^^^^^^
AssertionError: can only test a child process
Exception ignored in: <function _MultiProcessingDataLoaderIter.__del__ at 0x7fc7e4013ce0>
Traceback (most recent call last):
  File "/workspace/reseach1/.venv-server/lib/python3.12/site-packages/torch/utils/data/dataloader.py", line 1664, in __del__
    self._shutdown_workers()
  File "/workspace/reseach1/.venv-server/lib/python3.12/site-packages/torch/utils/data/dataloader.py", line 1647, in _shutdown_workers
    if w.is_alive():
       ^^^^^^^^^^^^
  File "/usr/lib/python3.12/multiprocessing/process.py", line 160, in is_alive
    assert self._parent_pid == os.getpid(), 'can only test a child process'
           ^^^^^^^^^^^^^^^^^^^^^^^^^^^^^^^
AssertionError: can only test a child process
Exception ignored in: <function _MultiProcessingDataLoaderIter.__del__ at 0x7fc7e4013ce0>
Traceback (most recent call last):
  File "/workspace/reseach1/.venv-server/lib/python3.12/site-packages/torch/utils/data/dataloader.py", line 1664, in __del__
    self._shutdown_workers()
  File "/workspace/reseach1/.venv-server/lib/python3.12/site-packages/torch/utils/data/dataloader.py", line 1647, in _shutdown_workers
    if w.is_alive():
       ^^^^^^^^^^^^
  File "/usr/lib/python3.12/multiprocessing/process.py", line 160, in is_alive
    assert self._parent_pid == os.getpid(), 'can only test a child process'
           ^^^^^^^^^^^^^^^^^^^^^^^^^^^^^^^
AssertionError: can only test a child process
Exception ignored in: <function _MultiProcessingDataLoaderIter.__del__ at 0x7fc7e4013ce0>
Traceback (most recent call last):
  File "/workspace/reseach1/.venv-server/lib/python3.12/site-packages/torch/utils/data/dataloader.py", line 1664, in __del__
    self._shutdown_workers()
  File "/workspace/reseach1/.venv-server/lib/python3.12/site-packages/torch/utils/data/dataloader.py", line 1647, in _shutdown_workers
    if w.is_alive():
       ^^^^^^^^^^^^
  File "/usr/lib/python3.12/multiprocessing/process.py", line 160, in is_alive
    assert self._parent_pid == os.getpid(), 'can only test a child process'
           ^^^^^^^^^^^^^^^^^^^^^^^^^^^^^^^
AssertionError: can only test a child process
Exception ignored in: <function _MultiProcessingDataLoaderIter.__del__ at 0x7fc7e4013ce0>
Traceback (most recent call last):
  File "/workspace/reseach1/.venv-server/lib/python3.12/site-packages/torch/utils/data/dataloader.py", line 1664, in __del__
    self._shutdown_workers()
  File "/workspace/reseach1/.venv-server/lib/python3.12/site-packages/torch/utils/data/dataloader.py", line 1647, in _shutdown_workers
Exception ignored in: <function _MultiProcessingDataLoaderIter.__del__ at 0x7fc7e4013ce0>
Traceback (most recent call last):
  File "/workspace/reseach1/.venv-server/lib/python3.12/site-packages/torch/utils/data/dataloader.py", line 1664, in __del__
    if w.is_alive():
       ^^^^^^^^^^^^
  File "/usr/lib/python3.12/multiprocessing/process.py", line 160, in is_alive
    self._shutdown_workers()
  File "/workspace/reseach1/.venv-server/lib/python3.12/site-packages/torch/utils/data/dataloader.py", line 1647, in _shutdown_workers
    assert self._parent_pid == os.getpid(), 'can only test a child process'
           ^^^^^^^^^^^^^^^^^^^^^^^^^^^    ^if w.is_alive():
^^^
      AssertionError ^^: ^^^^can only test a child process^^^
^^^
  File "/usr/lib/python3.12/multiprocessing/process.py", line 160, in is_alive
    assert self._parent_pid == os.getpid(), 'can only test a child process'
           ^^^^^^^^^^^^^^^^^^^^^^^^^^^^^^^
AssertionError: can only test a child process
Exception ignored in: <function _MultiProcessingDataLoaderIter.__del__ at 0x7fc7e4013ce0>
Traceback (most recent call last):
  File "/workspace/reseach1/.venv-server/lib/python3.12/site-packages/torch/utils/data/dataloader.py", line 1664, in __del__
Exception ignored in: <function _MultiProcessingDataLoaderIter.__del__ at 0x7fc7e4013ce0>
Traceback (most recent call last):
    self._shutdown_workers()
  File "/workspace/reseach1/.venv-server/lib/python3.12/site-packages/torch/utils/data/dataloader.py", line 1647, in _shutdown_workers
  File "/workspace/reseach1/.venv-server/lib/python3.12/site-packages/torch/utils/data/dataloader.py", line 1664, in __del__
    if w.is_alive():
       ^^^^^^^^^^^^
  File "/usr/lib/python3.12/multiprocessing/process.py", line 160, in is_alive
    assert self._parent_pid == os.getpid(), 'can only test a child process'
            self._shutdown_workers() 
  ^^^^^^^^^^^^^^^^^^^^^^^^  File "/workspace/reseach1/.venv-server/lib/python3.12/site-packages/torch/utils/data/dataloader.py", line 1647, in _shutdown_workers
^^^^^^^
AssertionError: can only test a child process
    if w.is_alive():
       ^^^^^^^^^^^^
  File "/usr/lib/python3.12/multiprocessing/process.py", line 160, in is_alive
    assert self._parent_pid == os.getpid(), 'can only test a child process'
           ^^^^^^^^^^^^^^^^^^^^^^^^^^^^^^^
AssertionError: can only test a child process
Exception ignored in: <function _MultiProcessingDataLoaderIter.__del__ at 0x7fc7e4013ce0>
Traceback (most recent call last):
  File "/workspace/reseach1/.venv-server/lib/python3.12/site-packages/torch/utils/data/dataloader.py", line 1664, in __del__
    self._shutdown_workers()
  File "/workspace/reseach1/.venv-server/lib/python3.12/site-packages/torch/utils/data/dataloader.py", line 1647, in _shutdown_workers
    if w.is_alive():
       ^^^^^^^^^^^^
  File "/usr/lib/python3.12/multiprocessing/process.py", line 160, in is_alive
    assert self._parent_pid == os.getpid(), 'can only test a child process'
           ^^^^^^^^^^^^^^^^^^^^^^^^^^^^^^^
AssertionError: can only test a child process
Exception ignored in: <function _MultiProcessingDataLoaderIter.__del__ at 0x7fc7e4013ce0>
Traceback (most recent call last):
  File "/workspace/reseach1/.venv-server/lib/python3.12/site-packages/torch/utils/data/dataloader.py", line 1664, in __del__
    self._shutdown_workers()
  File "/workspace/reseach1/.venv-server/lib/python3.12/site-packages/torch/utils/data/dataloader.py", line 1647, in _shutdown_workers
    if w.is_alive():
       ^^^^^^^^^^^^
  File "/usr/lib/python3.12/multiprocessing/process.py", line 160, in is_alive
    assert self._parent_pid == os.getpid(), 'can only test a child process'
           ^^^^^^^^^^^^^^^^^^^^^^^^^^^^^^^
AssertionError: can only test a child process
Exception ignored in: <function _MultiProcessingDataLoaderIter.__del__ at 0x7fc7e4013ce0>
Traceback (most recent call last):
  File "/workspace/reseach1/.venv-server/lib/python3.12/site-packages/torch/utils/data/dataloader.py", line 1664, in __del__
    self._shutdown_workers()
  File "/workspace/reseach1/.venv-server/lib/python3.12/site-packages/torch/utils/data/dataloader.py", line 1647, in _shutdown_workers
    if w.is_alive():
       ^^^^^^^^^^^^
  File "/usr/lib/python3.12/multiprocessing/process.py", line 160, in is_alive
    assert self._parent_pid == os.getpid(), 'can only test a child process'
           ^^^^^^^^^^^^^^^^^^^^^^^^^^^^^^^
AssertionError: can only test a child process
Exception ignored in: <function _MultiProcessingDataLoaderIter.__del__ at 0x7fc7e4013ce0>
Traceback (most recent call last):
  File "/workspace/reseach1/.venv-server/lib/python3.12/site-packages/torch/utils/data/dataloader.py", line 1664, in __del__
    self._shutdown_workers()
  File "/workspace/reseach1/.venv-server/lib/python3.12/site-packages/torch/utils/data/dataloader.py", line 1647, in _shutdown_workers
    if w.is_alive():
       ^^^^^^^^^^^^
  File "/usr/lib/python3.12/multiprocessing/process.py", line 160, in is_alive
    assert self._parent_pid == os.getpid(), 'can only test a child process'
           ^^^^^^^^^^^^^^^^^^^^^^^^^^^^^^^
AssertionError: can only test a child process
edge_mlp seed=33 step=409 epoch=1 loss=0.1020 val_macro_f1=0.9562
edge_mlp seed=33 step=909 epoch=3 loss=0.0259 val_macro_f1=0.9632
edge_mlp seed=33 step=1409 epoch=4 loss=0.0210 val_macro_f1=0.9658
edge_mlp seed=33 step=1500 epoch=4 loss=0.0197 val_macro_f1=0.9661
DONE NF-UNSW-NB15-v2__binary__edge_mlp__seed33 test_macro_f1=0.9640 seconds=36.0
START NF-UNSW-NB15-v2__binary__sage__seed11
sage seed=11 step=409 epoch=1 loss=0.0322 val_macro_f1=0.9687
sage seed=11 step=909 epoch=3 loss=0.0151 val_macro_f1=0.9707
sage seed=11 step=1409 epoch=4 loss=0.0138 val_macro_f1=0.9731
sage seed=11 step=1500 epoch=4 loss=0.0134 val_macro_f1=0.9732
DONE NF-UNSW-NB15-v2__binary__sage__seed11 test_macro_f1=0.9702 seconds=38.3
START NF-UNSW-NB15-v2__binary__sage__seed22
sage seed=22 step=409 epoch=1 loss=0.0306 val_macro_f1=0.9696
sage seed=22 step=909 epoch=3 loss=0.0150 val_macro_f1=0.9702
sage seed=22 step=1409 epoch=4 loss=0.0140 val_macro_f1=0.9723
sage seed=22 step=1500 epoch=4 loss=0.0127 val_macro_f1=0.9724
DONE NF-UNSW-NB15-v2__binary__sage__seed22 test_macro_f1=0.9699 seconds=38.7
START NF-UNSW-NB15-v2__binary__sage__seed33
sage seed=33 step=409 epoch=1 loss=0.0302 val_macro_f1=0.9700
sage seed=33 step=909 epoch=3 loss=0.0149 val_macro_f1=0.9724
sage seed=33 step=1409 epoch=4 loss=0.0137 val_macro_f1=0.9715
sage seed=33 step=1500 epoch=4 loss=0.0136 val_macro_f1=0.9647
DONE NF-UNSW-NB15-v2__binary__sage__seed33 test_macro_f1=0.9698 seconds=39.9
START NF-UNSW-NB15-v2__binary__sage_edge__seed11
sage_edge seed=11 step=409 epoch=1 loss=0.0328 val_macro_f1=0.9704
sage_edge seed=11 step=909 epoch=3 loss=0.0148 val_macro_f1=0.9728
sage_edge seed=11 step=1409 epoch=4 loss=0.0149 val_macro_f1=0.9725
sage_edge seed=11 step=1500 epoch=4 loss=0.0132 val_macro_f1=0.9733
DONE NF-UNSW-NB15-v2__binary__sage_edge__seed11 test_macro_f1=0.9706 seconds=39.9
START NF-UNSW-NB15-v2__binary__sage_edge__seed22
sage_edge seed=22 step=409 epoch=1 loss=0.0322 val_macro_f1=0.9694
sage_edge seed=22 step=909 epoch=3 loss=0.0154 val_macro_f1=0.9704
sage_edge seed=22 step=1409 epoch=4 loss=0.0143 val_macro_f1=0.9726
sage_edge seed=22 step=1500 epoch=4 loss=0.0136 val_macro_f1=0.9717
DONE NF-UNSW-NB15-v2__binary__sage_edge__seed22 test_macro_f1=0.9698 seconds=39.2
START NF-UNSW-NB15-v2__binary__sage_edge__seed33
sage_edge seed=33 step=409 epoch=1 loss=0.0316 val_macro_f1=0.9703
sage_edge seed=33 step=909 epoch=3 loss=0.0155 val_macro_f1=0.9726
sage_edge seed=33 step=1409 epoch=4 loss=0.0136 val_macro_f1=0.9714
sage_edge seed=33 step=1500 epoch=4 loss=0.0134 val_macro_f1=0.9624
DONE NF-UNSW-NB15-v2__binary__sage_edge__seed33 test_macro_f1=0.9700 seconds=39.6
START NF-BoT-IoT-v2__multiclass__edge_mlp__seed11
Exception ignored in: <function _MultiProcessingDataLoaderIter.__del__ at 0x7fc7e4013ce0>
Traceback (most recent call last):
  File "/workspace/reseach1/.venv-server/lib/python3.12/site-packages/torch/utils/data/dataloader.py", line 1664, in __del__
    self._shutdown_workers()
  File "/workspace/reseach1/.venv-server/lib/python3.12/site-packages/torch/utils/data/dataloader.py", line 1647, in _shutdown_workers
    if w.is_alive():
       ^^^^^^^^^^^^
  File "/usr/lib/python3.12/multiprocessing/process.py", line 160, in is_alive
    assert self._parent_pid == os.getpid(), 'can only test a child process'
           ^^^^^^^^^^^^^^^^^^^^^^^^^^^^^^^
AssertionError: can only test a child process
Exception ignored in: <function _MultiProcessingDataLoaderIter.__del__ at 0x7fc7e4013ce0>
Traceback (most recent call last):
  File "/workspace/reseach1/.venv-server/lib/python3.12/site-packages/torch/utils/data/dataloader.py", line 1664, in __del__
    self._shutdown_workers()
  File "/workspace/reseach1/.venv-server/lib/python3.12/site-packages/torch/utils/data/dataloader.py", line 1647, in _shutdown_workers
Exception ignored in: <function _MultiProcessingDataLoaderIter.__del__ at 0x7fc7e4013ce0>
Traceback (most recent call last):
    if w.is_alive():
       ^^^^^^^^^^^^
  File "/workspace/reseach1/.venv-server/lib/python3.12/site-packages/torch/utils/data/dataloader.py", line 1664, in __del__
  File "/usr/lib/python3.12/multiprocessing/process.py", line 160, in is_alive
    assert self._parent_pid == os.getpid(), 'can only test a child process'
           ^^^^^^^^^^^^^^^^^^^^^^^^^^^^^^^
AssertionError: can only test a child process
    self._shutdown_workers()
  File "/workspace/reseach1/.venv-server/lib/python3.12/site-packages/torch/utils/data/dataloader.py", line 1647, in _shutdown_workers
    if w.is_alive():
       ^^^^^^^^^^^^
  File "/usr/lib/python3.12/multiprocessing/process.py", line 160, in is_alive
    assert self._parent_pid == os.getpid(), 'can only test a child process'
           ^^^^^^^^^^^^^^^^^^^^^^^^^^^^^^^
AssertionError: can only test a child process
Exception ignored in: <function _MultiProcessingDataLoaderIter.__del__ at 0x7fc7e4013ce0>
Traceback (most recent call last):
  File "/workspace/reseach1/.venv-server/lib/python3.12/site-packages/torch/utils/data/dataloader.py", line 1664, in __del__
    self._shutdown_workers()
  File "/workspace/reseach1/.venv-server/lib/python3.12/site-packages/torch/utils/data/dataloader.py", line 1647, in _shutdown_workers
    if w.is_alive():
       ^^^^^^^^^^^^
  File "/usr/lib/python3.12/multiprocessing/process.py", line 160, in is_alive
    assert self._parent_pid == os.getpid(), 'can only test a child process'
           ^^^^^^^^^^^^^^^^^^^^^^^^^^^^^^^
AssertionError: can only test a child process
Exception ignored in: <function _MultiProcessingDataLoaderIter.__del__ at 0x7fc7e4013ce0>
Traceback (most recent call last):
  File "/workspace/reseach1/.venv-server/lib/python3.12/site-packages/torch/utils/data/dataloader.py", line 1664, in __del__
    self._shutdown_workers()
  File "/workspace/reseach1/.venv-server/lib/python3.12/site-packages/torch/utils/data/dataloader.py", line 1647, in _shutdown_workers
    if w.is_alive():
       ^^^^^^^^^^^^
  File "/usr/lib/python3.12/multiprocessing/process.py", line 160, in is_alive
    assert self._parent_pid == os.getpid(), 'can only test a child process'
           ^^^^^^^^^^^^^^^^^^^^^^^^^^^^^^^
AssertionError: can only test a child process
Exception ignored in: <function _MultiProcessingDataLoaderIter.__del__ at 0x7fc7e4013ce0>
Traceback (most recent call last):
  File "/workspace/reseach1/.venv-server/lib/python3.12/site-packages/torch/utils/data/dataloader.py", line 1664, in __del__
    self._shutdown_workers()
  File "/workspace/reseach1/.venv-server/lib/python3.12/site-packages/torch/utils/data/dataloader.py", line 1647, in _shutdown_workers
    if w.is_alive():
       ^^^^^^^^^^^^
  File "/usr/lib/python3.12/multiprocessing/process.py", line 160, in is_alive
    assert self._parent_pid == os.getpid(), 'can only test a child process'
           ^^^^^^^^^^^^^^^^^^^^^^^^^^^^^^^
AssertionError: can only test a child process
Exception ignored in: <function _MultiProcessingDataLoaderIter.__del__ at 0x7fc7e4013ce0>
Traceback (most recent call last):
  File "/workspace/reseach1/.venv-server/lib/python3.12/site-packages/torch/utils/data/dataloader.py", line 1664, in __del__
    self._shutdown_workers()
  File "/workspace/reseach1/.venv-server/lib/python3.12/site-packages/torch/utils/data/dataloader.py", line 1647, in _shutdown_workers
    if w.is_alive():
       ^^^^^^^^^^^^
  File "/usr/lib/python3.12/multiprocessing/process.py", line 160, in is_alive
    assert self._parent_pid == os.getpid(), 'can only test a child process'
           ^^^^^^^^^^^^^^^^^^^^^^^^^^^^^^^
AssertionError: can only test a child process
Exception ignored in: <function _MultiProcessingDataLoaderIter.__del__ at 0x7fc7e4013ce0>
Traceback (most recent call last):
  File "/workspace/reseach1/.venv-server/lib/python3.12/site-packages/torch/utils/data/dataloader.py", line 1664, in __del__
    self._shutdown_workers()
  File "/workspace/reseach1/.venv-server/lib/python3.12/site-packages/torch/utils/data/dataloader.py", line 1647, in _shutdown_workers
    if w.is_alive():
       ^^^^^^^^^^^^
  File "/usr/lib/python3.12/multiprocessing/process.py", line 160, in is_alive
    assert self._parent_pid == os.getpid(), 'can only test a child process'
           ^^^^^^^^^^^^^^^^^^^^^^^^^^^^^^^
AssertionError: can only test a child process
Exception ignored in: <function _MultiProcessingDataLoaderIter.__del__ at 0x7fc7e4013ce0>
Traceback (most recent call last):
  File "/workspace/reseach1/.venv-server/lib/python3.12/site-packages/torch/utils/data/dataloader.py", line 1664, in __del__
    self._shutdown_workers()
  File "/workspace/reseach1/.venv-server/lib/python3.12/site-packages/torch/utils/data/dataloader.py", line 1647, in _shutdown_workers
    if w.is_alive():
       ^^^^^^^^^^^^
  File "/usr/lib/python3.12/multiprocessing/process.py", line 160, in is_alive
    assert self._parent_pid == os.getpid(), 'can only test a child process'
           ^^^^^^^^^^^^^^^^^^^^^^^^^^^^^^^
AssertionError: can only test a child process
Exception ignored in: <function _MultiProcessingDataLoaderIter.__del__ at 0x7fc7e4013ce0>
Traceback (most recent call last):
  File "/workspace/reseach1/.venv-server/lib/python3.12/site-packages/torch/utils/data/dataloader.py", line 1664, in __del__
    self._shutdown_workers()
  File "/workspace/reseach1/.venv-server/lib/python3.12/site-packages/torch/utils/data/dataloader.py", line 1647, in _shutdown_workers
    if w.is_alive():
       ^^^^^^^^^^^^
  File "/usr/lib/python3.12/multiprocessing/process.py", line 160, in is_alive
    assert self._parent_pid == os.getpid(), 'can only test a child process'
           ^^^^^^^^^^^^^^^^^^^^^^^^^^^^^^^
AssertionError: can only test a child process
Exception ignored in: <function _MultiProcessingDataLoaderIter.__del__ at 0x7fc7e4013ce0>
Traceback (most recent call last):
  File "/workspace/reseach1/.venv-server/lib/python3.12/site-packages/torch/utils/data/dataloader.py", line 1664, in __del__
    self._shutdown_workers()
  File "/workspace/reseach1/.venv-server/lib/python3.12/site-packages/torch/utils/data/dataloader.py", line 1647, in _shutdown_workers
    if w.is_alive():
       ^^^^^^^^^^^^
  File "/usr/lib/python3.12/multiprocessing/process.py", line 160, in is_alive
    assert self._parent_pid == os.getpid(), 'can only test a child process'
           ^^^^^^^^^^^^^^^^^^^^^^^^^^^^^^^
AssertionError: can only test a child process
Exception ignored in: <function _MultiProcessingDataLoaderIter.__del__ at 0x7fc7e4013ce0>
Traceback (most recent call last):
  File "/workspace/reseach1/.venv-server/lib/python3.12/site-packages/torch/utils/data/dataloader.py", line 1664, in __del__
    self._shutdown_workers()
  File "/workspace/reseach1/.venv-server/lib/python3.12/site-packages/torch/utils/data/dataloader.py", line 1647, in _shutdown_workers
    if w.is_alive():
       ^^^^^^^^^^^^
  File "/usr/lib/python3.12/multiprocessing/process.py", line 160, in is_alive
    assert self._parent_pid == os.getpid(), 'can only test a child process'
           ^^^^^^^^^^^^^^^^^^^^^^^^^^^^^^^
AssertionError: can only test a child process
Exception ignored in: <function _MultiProcessingDataLoaderIter.__del__ at 0x7fc7e4013ce0>
Traceback (most recent call last):
  File "/workspace/reseach1/.venv-server/lib/python3.12/site-packages/torch/utils/data/dataloader.py", line 1664, in __del__
    self._shutdown_workers()
  File "/workspace/reseach1/.venv-server/lib/python3.12/site-packages/torch/utils/data/dataloader.py", line 1647, in _shutdown_workers
    if w.is_alive():
       ^^^^^^^^^^^^
  File "/usr/lib/python3.12/multiprocessing/process.py", line 160, in is_alive
    assert self._parent_pid == os.getpid(), 'can only test a child process'
           ^^^^^^^^^^^^^^^^^^^^^^^^^^^^^^^
AssertionError: can only test a child process
Exception ignored in: <function _MultiProcessingDataLoaderIter.__del__ at 0x7fc7e4013ce0>
Traceback (most recent call last):
  File "/workspace/reseach1/.venv-server/lib/python3.12/site-packages/torch/utils/data/dataloader.py", line 1664, in __del__
    self._shutdown_workers()
  File "/workspace/reseach1/.venv-server/lib/python3.12/site-packages/torch/utils/data/dataloader.py", line 1647, in _shutdown_workers
    if w.is_alive():
       ^^^^^^^^^^^^
  File "/usr/lib/python3.12/multiprocessing/process.py", line 160, in is_alive
    assert self._parent_pid == os.getpid(), 'can only test a child process'
           ^^^^^^^^^^^^^^^^^^^^^^^^^^^^^^^
AssertionError: can only test a child process
Exception ignored in: <function _MultiProcessingDataLoaderIter.__del__ at 0x7fc7e4013ce0>
Traceback (most recent call last):
  File "/workspace/reseach1/.venv-server/lib/python3.12/site-packages/torch/utils/data/dataloader.py", line 1664, in __del__
    self._shutdown_workers()
  File "/workspace/reseach1/.venv-server/lib/python3.12/site-packages/torch/utils/data/dataloader.py", line 1647, in _shutdown_workers
    if w.is_alive():
       ^^^^^^^^^^^^
  File "/usr/lib/python3.12/multiprocessing/process.py", line 160, in is_alive
    assert self._parent_pid == os.getpid(), 'can only test a child process'
           ^^^^^^^^^^^^^^^^^^^^^^^^^^^^^^^
AssertionError: can only test a child process
Exception ignored in: <function _MultiProcessingDataLoaderIter.__del__ at 0x7fc7e4013ce0>
Traceback (most recent call last):
  File "/workspace/reseach1/.venv-server/lib/python3.12/site-packages/torch/utils/data/dataloader.py", line 1664, in __del__
    self._shutdown_workers()
  File "/workspace/reseach1/.venv-server/lib/python3.12/site-packages/torch/utils/data/dataloader.py", line 1647, in _shutdown_workers
    if w.is_alive():
       ^^^^^^^^^^^^
  File "/usr/lib/python3.12/multiprocessing/process.py", line 160, in is_alive
    assert self._parent_pid == os.getpid(), 'can only test a child process'
           ^^^^^^^^^^^^^^^^^^^^^^^^^^^^^^^
AssertionError: can only test a child process
Exception ignored in: <function _MultiProcessingDataLoaderIter.__del__ at 0x7fc7e4013ce0>
Traceback (most recent call last):
  File "/workspace/reseach1/.venv-server/lib/python3.12/site-packages/torch/utils/data/dataloader.py", line 1664, in __del__
    self._shutdown_workers()
  File "/workspace/reseach1/.venv-server/lib/python3.12/site-packages/torch/utils/data/dataloader.py", line 1647, in _shutdown_workers
    if w.is_alive():
       ^^^^^^^^^^^^
  File "/usr/lib/python3.12/multiprocessing/process.py", line 160, in is_alive
    assert self._parent_pid == os.getpid(), 'can only test a child process'
           ^^^^^^^^^^^^^^^^^^^^^^^^^^^^^^^
AssertionError: can only test a child process
Exception ignored in: <function _MultiProcessingDataLoaderIter.__del__ at 0x7fc7e4013ce0>
Traceback (most recent call last):
  File "/workspace/reseach1/.venv-server/lib/python3.12/site-packages/torch/utils/data/dataloader.py", line 1664, in __del__
    self._shutdown_workers()
  File "/workspace/reseach1/.venv-server/lib/python3.12/site-packages/torch/utils/data/dataloader.py", line 1647, in _shutdown_workers
    if w.is_alive():
       ^^^^^^^^^^^^
  File "/usr/lib/python3.12/multiprocessing/process.py", line 160, in is_alive
    assert self._parent_pid == os.getpid(), 'can only test a child process'
           ^^^^^^^^^^^^^^^^^^^^^^^^^^^^^^^
AssertionError: can only test a child process
Exception ignored in: <function _MultiProcessingDataLoaderIter.__del__ at 0x7fc7e4013ce0>
Traceback (most recent call last):
  File "/workspace/reseach1/.venv-server/lib/python3.12/site-packages/torch/utils/data/dataloader.py", line 1664, in __del__
    self._shutdown_workers()
  File "/workspace/reseach1/.venv-server/lib/python3.12/site-packages/torch/utils/data/dataloader.py", line 1647, in _shutdown_workers
    if w.is_alive():
       ^^^^^^^^^^^^
  File "/usr/lib/python3.12/multiprocessing/process.py", line 160, in is_alive
    assert self._parent_pid == os.getpid(), 'can only test a child process'
           ^^^^^^^^^^^^^^^^^^^^^^^^^^^^^^^
AssertionError: can only test a child process
Exception ignored in: <function _MultiProcessingDataLoaderIter.__del__ at 0x7fc7e4013ce0>
Traceback (most recent call last):
  File "/workspace/reseach1/.venv-server/lib/python3.12/site-packages/torch/utils/data/dataloader.py", line 1664, in __del__
    self._shutdown_workers()
  File "/workspace/reseach1/.venv-server/lib/python3.12/site-packages/torch/utils/data/dataloader.py", line 1647, in _shutdown_workers
    if w.is_alive():
       ^^^^^^^^^^^^
  File "/usr/lib/python3.12/multiprocessing/process.py", line 160, in is_alive
    assert self._parent_pid == os.getpid(), 'can only test a child process'
           ^^^^^^^^^^^^^^^^^^^^^^^^^^^^^^^
AssertionError: can only test a child process
Exception ignored in: <function _MultiProcessingDataLoaderIter.__del__ at 0x7fc7e4013ce0>
Traceback (most recent call last):
  File "/workspace/reseach1/.venv-server/lib/python3.12/site-packages/torch/utils/data/dataloader.py", line 1664, in __del__
    self._shutdown_workers()
  File "/workspace/reseach1/.venv-server/lib/python3.12/site-packages/torch/utils/data/dataloader.py", line 1647, in _shutdown_workers
    if w.is_alive():
       ^^^^^^^^^^^^
  File "/usr/lib/python3.12/multiprocessing/process.py", line 160, in is_alive
    assert self._parent_pid == os.getpid(), 'can only test a child process'
           ^^^^^^^^^^^^^^^^^^^^^^^^^^^^^^^
AssertionError: can only test a child process
Exception ignored in: <function _MultiProcessingDataLoaderIter.__del__ at 0x7fc7e4013ce0>
Traceback (most recent call last):
  File "/workspace/reseach1/.venv-server/lib/python3.12/site-packages/torch/utils/data/dataloader.py", line 1664, in __del__
    self._shutdown_workers()
  File "/workspace/reseach1/.venv-server/lib/python3.12/site-packages/torch/utils/data/dataloader.py", line 1647, in _shutdown_workers
    if w.is_alive():
       ^^^^^^^^^^^^
  File "/usr/lib/python3.12/multiprocessing/process.py", line 160, in is_alive
    assert self._parent_pid == os.getpid(), 'can only test a child process'
           ^^^^^^^^^^^^^^^^^^^^^^^^^^^^^^^
AssertionError: can only test a child process
Exception ignored in: <function _MultiProcessingDataLoaderIter.__del__ at 0x7fc7e4013ce0>
Traceback (most recent call last):
  File "/workspace/reseach1/.venv-server/lib/python3.12/site-packages/torch/utils/data/dataloader.py", line 1664, in __del__
    self._shutdown_workers()
  File "/workspace/reseach1/.venv-server/lib/python3.12/site-packages/torch/utils/data/dataloader.py", line 1647, in _shutdown_workers
    if w.is_alive():
       ^^^^^^^^^^^^
  File "/usr/lib/python3.12/multiprocessing/process.py", line 160, in is_alive
    assert self._parent_pid == os.getpid(), 'can only test a child process'
           ^^^^^^^^^^^^^^^^^^^^^^^^^^^^^^^
AssertionError: can only test a child process
Exception ignored in: <function _MultiProcessingDataLoaderIter.__del__ at 0x7fc7e4013ce0>
Traceback (most recent call last):
  File "/workspace/reseach1/.venv-server/lib/python3.12/site-packages/torch/utils/data/dataloader.py", line 1664, in __del__
    self._shutdown_workers()
  File "/workspace/reseach1/.venv-server/lib/python3.12/site-packages/torch/utils/data/dataloader.py", line 1647, in _shutdown_workers
    if w.is_alive():
       ^^^^^^^^^^^^
  File "/usr/lib/python3.12/multiprocessing/process.py", line 160, in is_alive
    assert self._parent_pid == os.getpid(), 'can only test a child process'
           ^^^^^^^^^^^^^^^^^^^^^^^^^^^^^^^
AssertionError: can only test a child process
edge_mlp seed=11 step=6455 epoch=1 loss=0.2998 val_macro_f1=0.8151
edge_mlp seed=11 step=8069 epoch=2 loss=0.1283 val_macro_f1=0.8186
edge_mlp seed=11 step=9683 epoch=2 loss=0.1116 val_macro_f1=0.8099
edge_mlp seed=11 step=11297 epoch=2 loss=0.1230 val_macro_f1=0.7875
edge_mlp seed=11 step=12910 epoch=2 loss=0.1139 val_macro_f1=0.8113
DONE NF-BoT-IoT-v2__multiclass__edge_mlp__seed11 test_macro_f1=0.8153 seconds=355.1
START NF-BoT-IoT-v2__multiclass__edge_mlp__seed22
Exception ignored in: <function _MultiProcessingDataLoaderIter.__del__ at 0x7fc7e4013ce0>
Traceback (most recent call last):
  File "/workspace/reseach1/.venv-server/lib/python3.12/site-packages/torch/utils/data/dataloader.py", line 1664, in __del__
    self._shutdown_workers()
  File "/workspace/reseach1/.venv-server/lib/python3.12/site-packages/torch/utils/data/dataloader.py", line 1647, in _shutdown_workers
    if w.is_alive():
       ^^^^^^^^^^^^
  File "/usr/lib/python3.12/multiprocessing/process.py", line 160, in is_alive
    assert self._parent_pid == os.getpid(), 'can only test a child process'
           ^^^^^^^^^^^^^^^^^^^^^^^^^^^^^^^
AssertionError: can only test a child process
Exception ignored in: <function _MultiProcessingDataLoaderIter.__del__ at 0x7fc7e4013ce0>
Traceback (most recent call last):
  File "/workspace/reseach1/.venv-server/lib/python3.12/site-packages/torch/utils/data/dataloader.py", line 1664, in __del__
Exception ignored in: <function _MultiProcessingDataLoaderIter.__del__ at 0x7fc7e4013ce0>
Traceback (most recent call last):
  File "/workspace/reseach1/.venv-server/lib/python3.12/site-packages/torch/utils/data/dataloader.py", line 1664, in __del__
    self._shutdown_workers()
  File "/workspace/reseach1/.venv-server/lib/python3.12/site-packages/torch/utils/data/dataloader.py", line 1647, in _shutdown_workers
    self._shutdown_workers()
  File "/workspace/reseach1/.venv-server/lib/python3.12/site-packages/torch/utils/data/dataloader.py", line 1647, in _shutdown_workers
    if w.is_alive():
    if w.is_alive():
           ^ ^^ ^^ ^^^^^^^^^^
^  File "/usr/lib/python3.12/multiprocessing/process.py", line 160, in is_alive
^^^^^^^^
  File "/usr/lib/python3.12/multiprocessing/process.py", line 160, in is_alive
    assert self._parent_pid == os.getpid(), 'can only test a child process'
           ^^^^^^^^^^^^^^^^^^^^^^^^^^^^^^^
AssertionError: can only test a child process
    assert self._parent_pid == os.getpid(), 'can only test a child process'
           ^^^^^^^^^^^^^^^^^^^^^^^^^^^^^^^
AssertionError: can only test a child process
Exception ignored in: <function _MultiProcessingDataLoaderIter.__del__ at 0x7fc7e4013ce0>
Traceback (most recent call last):
  File "/workspace/reseach1/.venv-server/lib/python3.12/site-packages/torch/utils/data/dataloader.py", line 1664, in __del__
    self._shutdown_workers()
  File "/workspace/reseach1/.venv-server/lib/python3.12/site-packages/torch/utils/data/dataloader.py", line 1647, in _shutdown_workers
    if w.is_alive():
       ^^^^^^^^^^^^
  File "/usr/lib/python3.12/multiprocessing/process.py", line 160, in is_alive
    assert self._parent_pid == os.getpid(), 'can only test a child process'
           ^^^^^^^^^^^^^^^^^^^^^^^^^^^^^^^
AssertionError: can only test a child process
Exception ignored in: <function _MultiProcessingDataLoaderIter.__del__ at 0x7fc7e4013ce0>
Traceback (most recent call last):
  File "/workspace/reseach1/.venv-server/lib/python3.12/site-packages/torch/utils/data/dataloader.py", line 1664, in __del__
    self._shutdown_workers()
  File "/workspace/reseach1/.venv-server/lib/python3.12/site-packages/torch/utils/data/dataloader.py", line 1647, in _shutdown_workers
    if w.is_alive():
       ^^^^^^^^^^^^
  File "/usr/lib/python3.12/multiprocessing/process.py", line 160, in is_alive
    assert self._parent_pid == os.getpid(), 'can only test a child process'
           ^^^^^^^^^^^^^^^^^^^^^^^^^^^^^^^
AssertionError: can only test a child process
Exception ignored in: <function _MultiProcessingDataLoaderIter.__del__ at 0x7fc7e4013ce0>
Traceback (most recent call last):
  File "/workspace/reseach1/.venv-server/lib/python3.12/site-packages/torch/utils/data/dataloader.py", line 1664, in __del__
    self._shutdown_workers()
  File "/workspace/reseach1/.venv-server/lib/python3.12/site-packages/torch/utils/data/dataloader.py", line 1647, in _shutdown_workers
    if w.is_alive():
       ^^^^^^^^^^^^
  File "/usr/lib/python3.12/multiprocessing/process.py", line 160, in is_alive
    assert self._parent_pid == os.getpid(), 'can only test a child process'
           ^^^^^^^^^^^^^^^^^^^^^^^^^^^^^^^
AssertionError: can only test a child process
Exception ignored in: <function _MultiProcessingDataLoaderIter.__del__ at 0x7fc7e4013ce0>
Traceback (most recent call last):
  File "/workspace/reseach1/.venv-server/lib/python3.12/site-packages/torch/utils/data/dataloader.py", line 1664, in __del__
    self._shutdown_workers()
  File "/workspace/reseach1/.venv-server/lib/python3.12/site-packages/torch/utils/data/dataloader.py", line 1647, in _shutdown_workers
    if w.is_alive():
       ^^^^^^^^^^^^
  File "/usr/lib/python3.12/multiprocessing/process.py", line 160, in is_alive
    assert self._parent_pid == os.getpid(), 'can only test a child process'
           ^^^^^^^^^^^^^^^^^^^^^^^^^^^^^^^
AssertionError: can only test a child process
Exception ignored in: <function _MultiProcessingDataLoaderIter.__del__ at 0x7fc7e4013ce0>
Traceback (most recent call last):
  File "/workspace/reseach1/.venv-server/lib/python3.12/site-packages/torch/utils/data/dataloader.py", line 1664, in __del__
    self._shutdown_workers()
  File "/workspace/reseach1/.venv-server/lib/python3.12/site-packages/torch/utils/data/dataloader.py", line 1647, in _shutdown_workers
    if w.is_alive():
       ^^^^^^^^^^^^
  File "/usr/lib/python3.12/multiprocessing/process.py", line 160, in is_alive
    assert self._parent_pid == os.getpid(), 'can only test a child process'
           ^^^^^^^^^^^^^^^^^^^^^^^^^^^^^^^
AssertionError: can only test a child process
Exception ignored in: <function _MultiProcessingDataLoaderIter.__del__ at 0x7fc7e4013ce0>
Traceback (most recent call last):
  File "/workspace/reseach1/.venv-server/lib/python3.12/site-packages/torch/utils/data/dataloader.py", line 1664, in __del__
    self._shutdown_workers()
  File "/workspace/reseach1/.venv-server/lib/python3.12/site-packages/torch/utils/data/dataloader.py", line 1647, in _shutdown_workers
    if w.is_alive():
       ^^^^^^^^^^^^
  File "/usr/lib/python3.12/multiprocessing/process.py", line 160, in is_alive
    assert self._parent_pid == os.getpid(), 'can only test a child process'
           ^^^^^^^^^^^^^^^^^^^^^^^^^^^^^^^
AssertionError: can only test a child process
Exception ignored in: <function _MultiProcessingDataLoaderIter.__del__ at 0x7fc7e4013ce0>
Traceback (most recent call last):
  File "/workspace/reseach1/.venv-server/lib/python3.12/site-packages/torch/utils/data/dataloader.py", line 1664, in __del__
    self._shutdown_workers()
  File "/workspace/reseach1/.venv-server/lib/python3.12/site-packages/torch/utils/data/dataloader.py", line 1647, in _shutdown_workers
    if w.is_alive():
       ^^^^^^^^^^^^
  File "/usr/lib/python3.12/multiprocessing/process.py", line 160, in is_alive
    assert self._parent_pid == os.getpid(), 'can only test a child process'
           ^^^^^^^^^^^^^^^^^^^^^^^^^^^^^^^
AssertionError: can only test a child process
Exception ignored in: <function _MultiProcessingDataLoaderIter.__del__ at 0x7fc7e4013ce0>
Traceback (most recent call last):
  File "/workspace/reseach1/.venv-server/lib/python3.12/site-packages/torch/utils/data/dataloader.py", line 1664, in __del__
    self._shutdown_workers()
  File "/workspace/reseach1/.venv-server/lib/python3.12/site-packages/torch/utils/data/dataloader.py", line 1647, in _shutdown_workers
    if w.is_alive():
       ^^^^^^^^^^^^
  File "/usr/lib/python3.12/multiprocessing/process.py", line 160, in is_alive
    assert self._parent_pid == os.getpid(), 'can only test a child process'
           ^^^^^^^^^^^^^^^^^^^^^^^^^^^^^^^
AssertionError: can only test a child process
Exception ignored in: <function _MultiProcessingDataLoaderIter.__del__ at 0x7fc7e4013ce0>
Traceback (most recent call last):
  File "/workspace/reseach1/.venv-server/lib/python3.12/site-packages/torch/utils/data/dataloader.py", line 1664, in __del__
    self._shutdown_workers()
  File "/workspace/reseach1/.venv-server/lib/python3.12/site-packages/torch/utils/data/dataloader.py", line 1647, in _shutdown_workers
    if w.is_alive():
       ^^^^^^^^^^^^
  File "/usr/lib/python3.12/multiprocessing/process.py", line 160, in is_alive
    assert self._parent_pid == os.getpid(), 'can only test a child process'
           ^^^^^^^^^^^^^^^^^^^^^^^^^^^^^^^
AssertionError: can only test a child process
Exception ignored in: <function _MultiProcessingDataLoaderIter.__del__ at 0x7fc7e4013ce0>
Traceback (most recent call last):
  File "/workspace/reseach1/.venv-server/lib/python3.12/site-packages/torch/utils/data/dataloader.py", line 1664, in __del__
    self._shutdown_workers()
  File "/workspace/reseach1/.venv-server/lib/python3.12/site-packages/torch/utils/data/dataloader.py", line 1647, in _shutdown_workers
    if w.is_alive():
       ^^^^^^^^^^^^
  File "/usr/lib/python3.12/multiprocessing/process.py", line 160, in is_alive
    assert self._parent_pid == os.getpid(), 'can only test a child process'
           ^^^^^^^^^^^^^^^^^^^^^^^^^^^^^^^
AssertionError: can only test a child process
Exception ignored in: <function _MultiProcessingDataLoaderIter.__del__ at 0x7fc7e4013ce0>
Traceback (most recent call last):
  File "/workspace/reseach1/.venv-server/lib/python3.12/site-packages/torch/utils/data/dataloader.py", line 1664, in __del__
    self._shutdown_workers()
  File "/workspace/reseach1/.venv-server/lib/python3.12/site-packages/torch/utils/data/dataloader.py", line 1647, in _shutdown_workers
    if w.is_alive():
       ^^^^^^^^^^^^
  File "/usr/lib/python3.12/multiprocessing/process.py", line 160, in is_alive
    assert self._parent_pid == os.getpid(), 'can only test a child process'
           ^^^^^^^^^^^^^^^^^^^^^^^^^^^^^^^
AssertionError: can only test a child process
Exception ignored in: <function _MultiProcessingDataLoaderIter.__del__ at 0x7fc7e4013ce0>
Traceback (most recent call last):
  File "/workspace/reseach1/.venv-server/lib/python3.12/site-packages/torch/utils/data/dataloader.py", line 1664, in __del__
    self._shutdown_workers()
  File "/workspace/reseach1/.venv-server/lib/python3.12/site-packages/torch/utils/data/dataloader.py", line 1647, in _shutdown_workers
    if w.is_alive():
       ^^^^^^^^^^^^
  File "/usr/lib/python3.12/multiprocessing/process.py", line 160, in is_alive
    assert self._parent_pid == os.getpid(), 'can only test a child process'
           ^^^^^^^^^^^^^^^^^^^^^^^^^^^^^^^
AssertionError: can only test a child process
Exception ignored in: <function _MultiProcessingDataLoaderIter.__del__ at 0x7fc7e4013ce0>
Traceback (most recent call last):
  File "/workspace/reseach1/.venv-server/lib/python3.12/site-packages/torch/utils/data/dataloader.py", line 1664, in __del__
    self._shutdown_workers()
  File "/workspace/reseach1/.venv-server/lib/python3.12/site-packages/torch/utils/data/dataloader.py", line 1647, in _shutdown_workers
    if w.is_alive():
       ^^^^^^^^^^^^
  File "/usr/lib/python3.12/multiprocessing/process.py", line 160, in is_alive
    assert self._parent_pid == os.getpid(), 'can only test a child process'
           ^^^^^^^^^^^^^^^^^^^^^^^^^^^^^^^
AssertionError: can only test a child process
Exception ignored in: <function _MultiProcessingDataLoaderIter.__del__ at 0x7fc7e4013ce0>
Traceback (most recent call last):
  File "/workspace/reseach1/.venv-server/lib/python3.12/site-packages/torch/utils/data/dataloader.py", line 1664, in __del__
    self._shutdown_workers()
  File "/workspace/reseach1/.venv-server/lib/python3.12/site-packages/torch/utils/data/dataloader.py", line 1647, in _shutdown_workers
    if w.is_alive():
       ^^^^^^^^^^^^
  File "/usr/lib/python3.12/multiprocessing/process.py", line 160, in is_alive
    assert self._parent_pid == os.getpid(), 'can only test a child process'
           ^^^^^^^^^^^^^^^^^^^^^^^^^^^^^^^
AssertionError: can only test a child process
Exception ignored in: <function _MultiProcessingDataLoaderIter.__del__ at 0x7fc7e4013ce0>
Traceback (most recent call last):
  File "/workspace/reseach1/.venv-server/lib/python3.12/site-packages/torch/utils/data/dataloader.py", line 1664, in __del__
    self._shutdown_workers()
  File "/workspace/reseach1/.venv-server/lib/python3.12/site-packages/torch/utils/data/dataloader.py", line 1647, in _shutdown_workers
    if w.is_alive():
       ^^^^^^^^^^^^
  File "/usr/lib/python3.12/multiprocessing/process.py", line 160, in is_alive
    assert self._parent_pid == os.getpid(), 'can only test a child process'
           ^^^^^^^^^^^^^^^^^^^^^^^^^^^^^^^
AssertionError: can only test a child process
Exception ignored in: <function _MultiProcessingDataLoaderIter.__del__ at 0x7fc7e4013ce0>
Traceback (most recent call last):
  File "/workspace/reseach1/.venv-server/lib/python3.12/site-packages/torch/utils/data/dataloader.py", line 1664, in __del__
    self._shutdown_workers()
  File "/workspace/reseach1/.venv-server/lib/python3.12/site-packages/torch/utils/data/dataloader.py", line 1647, in _shutdown_workers
    if w.is_alive():
       ^^^^^^^^^^^^
  File "/usr/lib/python3.12/multiprocessing/process.py", line 160, in is_alive
    assert self._parent_pid == os.getpid(), 'can only test a child process'
           ^^^^^^^^^^^^^^^^^^^^^^^^^^^^^^^
AssertionError: can only test a child process
Exception ignored in: <function _MultiProcessingDataLoaderIter.__del__ at 0x7fc7e4013ce0>
Traceback (most recent call last):
  File "/workspace/reseach1/.venv-server/lib/python3.12/site-packages/torch/utils/data/dataloader.py", line 1664, in __del__
    self._shutdown_workers()
  File "/workspace/reseach1/.venv-server/lib/python3.12/site-packages/torch/utils/data/dataloader.py", line 1647, in _shutdown_workers
    if w.is_alive():
       ^^^^^^^^^^^^
  File "/usr/lib/python3.12/multiprocessing/process.py", line 160, in is_alive
    assert self._parent_pid == os.getpid(), 'can only test a child process'
           ^^^^^^^^^^^^^^^^^^^^^^^^^^^^^^^
AssertionError: can only test a child process
Exception ignored in: <function _MultiProcessingDataLoaderIter.__del__ at 0x7fc7e4013ce0>
Traceback (most recent call last):
  File "/workspace/reseach1/.venv-server/lib/python3.12/site-packages/torch/utils/data/dataloader.py", line 1664, in __del__
    self._shutdown_workers()
  File "/workspace/reseach1/.venv-server/lib/python3.12/site-packages/torch/utils/data/dataloader.py", line 1647, in _shutdown_workers
    if w.is_alive():
       ^^^^^^^^^^^^
  File "/usr/lib/python3.12/multiprocessing/process.py", line 160, in is_alive
    assert self._parent_pid == os.getpid(), 'can only test a child process'
           ^^^^^^^^^^^^^^^^^^^^^^^^^^^^^^^
AssertionError: can only test a child process
Exception ignored in: <function _MultiProcessingDataLoaderIter.__del__ at 0x7fc7e4013ce0>
Traceback (most recent call last):
  File "/workspace/reseach1/.venv-server/lib/python3.12/site-packages/torch/utils/data/dataloader.py", line 1664, in __del__
    self._shutdown_workers()
  File "/workspace/reseach1/.venv-server/lib/python3.12/site-packages/torch/utils/data/dataloader.py", line 1647, in _shutdown_workers
    if w.is_alive():
       ^^^^^^^^^^^^
  File "/usr/lib/python3.12/multiprocessing/process.py", line 160, in is_alive
    assert self._parent_pid == os.getpid(), 'can only test a child process'
           ^^^^^^^^^^^^^^^^^^^^^^^^^^^^^^^
AssertionError: can only test a child process
Exception ignored in: <function _MultiProcessingDataLoaderIter.__del__ at 0x7fc7e4013ce0>
Traceback (most recent call last):
  File "/workspace/reseach1/.venv-server/lib/python3.12/site-packages/torch/utils/data/dataloader.py", line 1664, in __del__
    self._shutdown_workers()
  File "/workspace/reseach1/.venv-server/lib/python3.12/site-packages/torch/utils/data/dataloader.py", line 1647, in _shutdown_workers
    if w.is_alive():
       ^^^^^^^^^^^^
  File "/usr/lib/python3.12/multiprocessing/process.py", line 160, in is_alive
    assert self._parent_pid == os.getpid(), 'can only test a child process'
           ^^^^^^^^^^^^^^^^^^^^^^^^^^^^^^^
AssertionError: can only test a child process
Exception ignored in: <function _MultiProcessingDataLoaderIter.__del__ at 0x7fc7e4013ce0>
Traceback (most recent call last):
  File "/workspace/reseach1/.venv-server/lib/python3.12/site-packages/torch/utils/data/dataloader.py", line 1664, in __del__
    self._shutdown_workers()
  File "/workspace/reseach1/.venv-server/lib/python3.12/site-packages/torch/utils/data/dataloader.py", line 1647, in _shutdown_workers
    if w.is_alive():
       ^^^^^^^^^^^^
  File "/usr/lib/python3.12/multiprocessing/process.py", line 160, in is_alive
    assert self._parent_pid == os.getpid(), 'can only test a child process'
           ^^^^^^^^^^^^^^^^^^^^^^^^^^^^^^^
AssertionError: can only test a child process
edge_mlp seed=22 step=6455 epoch=1 loss=0.2201 val_macro_f1=0.8111
edge_mlp seed=22 step=8069 epoch=2 loss=0.1697 val_macro_f1=0.7866
edge_mlp seed=22 step=9683 epoch=2 loss=0.1654 val_macro_f1=0.8063
edge_mlp seed=22 step=11297 epoch=2 loss=0.1119 val_macro_f1=0.8131
edge_mlp seed=22 step=12910 epoch=2 loss=0.1051 val_macro_f1=0.8198
DONE NF-BoT-IoT-v2__multiclass__edge_mlp__seed22 test_macro_f1=0.8162 seconds=351.8
START NF-BoT-IoT-v2__multiclass__edge_mlp__seed33
Exception ignored in: <function _MultiProcessingDataLoaderIter.__del__ at 0x7fc7e4013ce0>
Traceback (most recent call last):
  File "/workspace/reseach1/.venv-server/lib/python3.12/site-packages/torch/utils/data/dataloader.py", line 1664, in __del__
    self._shutdown_workers()
  File "/workspace/reseach1/.venv-server/lib/python3.12/site-packages/torch/utils/data/dataloader.py", line 1647, in _shutdown_workers
    if w.is_alive():
       ^^^^^^^^^^^^
  File "/usr/lib/python3.12/multiprocessing/process.py", line 160, in is_alive
    assert self._parent_pid == os.getpid(), 'can only test a child process'
           ^^^^^^^^^^^^^^^^^^^^^^^^^^^^^^^
AssertionError: can only test a child process
Exception ignored in: <function _MultiProcessingDataLoaderIter.__del__ at 0x7fc7e4013ce0>
Traceback (most recent call last):
  File "/workspace/reseach1/.venv-server/lib/python3.12/site-packages/torch/utils/data/dataloader.py", line 1664, in __del__
    self._shutdown_workers()
  File "/workspace/reseach1/.venv-server/lib/python3.12/site-packages/torch/utils/data/dataloader.py", line 1647, in _shutdown_workers
    if w.is_alive():
       ^^^^^^^^^^^^
  File "/usr/lib/python3.12/multiprocessing/process.py", line 160, in is_alive
    assert self._parent_pid == os.getpid(), 'can only test a child process'
           ^^^^^^^^^^^^^^^^^^^^^^^^^^^^^^^
AssertionError: can only test a child process
Exception ignored in: Exception ignored in: <function _MultiProcessingDataLoaderIter.__del__ at 0x7fc7e4013ce0>
Traceback (most recent call last):
  File "/workspace/reseach1/.venv-server/lib/python3.12/site-packages/torch/utils/data/dataloader.py", line 1664, in __del__
<function _MultiProcessingDataLoaderIter.__del__ at 0x7fc7e4013ce0>
Traceback (most recent call last):
  File "/workspace/reseach1/.venv-server/lib/python3.12/site-packages/torch/utils/data/dataloader.py", line 1664, in __del__
    self._shutdown_workers()
  File "/workspace/reseach1/.venv-server/lib/python3.12/site-packages/torch/utils/data/dataloader.py", line 1647, in _shutdown_workers
    if w.is_alive():
       ^^^^^^^^^^^^
  File "/usr/lib/python3.12/multiprocessing/process.py", line 160, in is_alive
    assert self._parent_pid == os.getpid(), 'can only test a child process'
           ^^^^^^^^^^^^^^^^^^^^^^^^^^^^^^^
AssertionError: can only test a child process
    self._shutdown_workers()
  File "/workspace/reseach1/.venv-server/lib/python3.12/site-packages/torch/utils/data/dataloader.py", line 1647, in _shutdown_workers
    if w.is_alive():
       ^^^^^^^^^^^^
  File "/usr/lib/python3.12/multiprocessing/process.py", line 160, in is_alive
    assert self._parent_pid == os.getpid(), 'can only test a child process'
           ^^^^^^^^^^^^^^^^^^^^^^^^^^^^^^^
AssertionError: can only test a child process
edge_mlp seed=33 step=6455 epoch=1 loss=0.2581 val_macro_f1=0.8082
edge_mlp seed=33 step=8069 epoch=2 loss=0.1228 val_macro_f1=0.8127
edge_mlp seed=33 step=9683 epoch=2 loss=0.2763 val_macro_f1=0.8041
edge_mlp seed=33 step=11297 epoch=2 loss=0.1401 val_macro_f1=0.7937
edge_mlp seed=33 step=12910 epoch=2 loss=0.1154 val_macro_f1=0.8158
DONE NF-BoT-IoT-v2__multiclass__edge_mlp__seed33 test_macro_f1=0.8126 seconds=343.1
START NF-BoT-IoT-v2__multiclass__sage__seed11
sage seed=11 step=6455 epoch=1 loss=0.6902 val_macro_f1=0.4861
sage seed=11 step=8069 epoch=2 loss=0.6741 val_macro_f1=0.4659
sage seed=11 step=9683 epoch=2 loss=0.6769 val_macro_f1=0.4683
sage seed=11 step=11297 epoch=2 loss=0.6861 val_macro_f1=0.3856
sage seed=11 step=12910 epoch=2 loss=0.8220 val_macro_f1=0.3601
DONE NF-BoT-IoT-v2__multiclass__sage__seed11 test_macro_f1=0.5454 seconds=546.1
START NF-BoT-IoT-v2__multiclass__sage__seed22
sage seed=22 step=6455 epoch=1 loss=0.7009 val_macro_f1=0.5104
sage seed=22 step=8069 epoch=2 loss=0.6711 val_macro_f1=0.4577
sage seed=22 step=9683 epoch=2 loss=0.8641 val_macro_f1=0.4472
sage seed=22 step=11297 epoch=2 loss=1.1247 val_macro_f1=0.4838
sage seed=22 step=12910 epoch=2 loss=1.0679 val_macro_f1=0.5056
DONE NF-BoT-IoT-v2__multiclass__sage__seed22 test_macro_f1=0.5802 seconds=548.5
START NF-BoT-IoT-v2__multiclass__sage__seed33
sage seed=33 step=6455 epoch=1 loss=0.7008 val_macro_f1=0.5475
sage seed=33 step=8069 epoch=2 loss=0.8291 val_macro_f1=0.4110
sage seed=33 step=9683 epoch=2 loss=1.9244 val_macro_f1=0.4080
sage seed=33 step=11297 epoch=2 loss=3.7718 val_macro_f1=0.4295
sage seed=33 step=12910 epoch=2 loss=5.2908 val_macro_f1=0.2946
DONE NF-BoT-IoT-v2__multiclass__sage__seed33 test_macro_f1=0.5766 seconds=548.0
START NF-BoT-IoT-v2__multiclass__sage_edge__seed11
sage_edge seed=11 step=6455 epoch=1 loss=0.1758 val_macro_f1=0.8307
sage_edge seed=11 step=8069 epoch=2 loss=0.1039 val_macro_f1=0.7971
sage_edge seed=11 step=9683 epoch=2 loss=0.1068 val_macro_f1=0.7981
sage_edge seed=11 step=11297 epoch=2 loss=0.1072 val_macro_f1=0.7625
sage_edge seed=11 step=12910 epoch=2 loss=0.1489 val_macro_f1=0.8158
DONE NF-BoT-IoT-v2__multiclass__sage_edge__seed11 test_macro_f1=0.8300 seconds=544.6
START NF-BoT-IoT-v2__multiclass__sage_edge__seed22
sage_edge seed=22 step=6455 epoch=1 loss=0.1681 val_macro_f1=0.7807
sage_edge seed=22 step=8069 epoch=2 loss=0.1009 val_macro_f1=0.7950
sage_edge seed=22 step=9683 epoch=2 loss=0.1126 val_macro_f1=0.8120
sage_edge seed=22 step=11297 epoch=2 loss=0.0828 val_macro_f1=0.7623
sage_edge seed=22 step=12910 epoch=2 loss=0.0850 val_macro_f1=0.8138
DONE NF-BoT-IoT-v2__multiclass__sage_edge__seed22 test_macro_f1=0.8142 seconds=545.0
START NF-BoT-IoT-v2__multiclass__sage_edge__seed33
sage_edge seed=33 step=6455 epoch=1 loss=0.1760 val_macro_f1=0.8006
sage_edge seed=33 step=8069 epoch=2 loss=0.0982 val_macro_f1=0.7679
sage_edge seed=33 step=9683 epoch=2 loss=0.1055 val_macro_f1=0.7930
sage_edge seed=33 step=11297 epoch=2 loss=0.1016 val_macro_f1=0.8099
sage_edge seed=33 step=12910 epoch=2 loss=0.0911 val_macro_f1=0.8081
DONE NF-BoT-IoT-v2__multiclass__sage_edge__seed33 test_macro_f1=0.8083 seconds=546.5
START NF-BoT-IoT-v2__binary__edge_mlp__seed11
Exception ignored in: <function _MultiProcessingDataLoaderIter.__del__ at 0x7fc7e4013ce0>
Traceback (most recent call last):
  File "/workspace/reseach1/.venv-server/lib/python3.12/site-packages/torch/utils/data/dataloader.py", line 1664, in __del__
Exception ignored in: <function _MultiProcessingDataLoaderIter.__del__ at 0x7fc7e4013ce0>
Traceback (most recent call last):
  File "/workspace/reseach1/.venv-server/lib/python3.12/site-packages/torch/utils/data/dataloader.py", line 1664, in __del__
Exception ignored in:     self._shutdown_workers()
<function _MultiProcessingDataLoaderIter.__del__ at 0x7fc7e4013ce0>
Traceback (most recent call last):
  File "/workspace/reseach1/.venv-server/lib/python3.12/site-packages/torch/utils/data/dataloader.py", line 1664, in __del__
  File "/workspace/reseach1/.venv-server/lib/python3.12/site-packages/torch/utils/data/dataloader.py", line 1647, in _shutdown_workers
    self._shutdown_workers()
  File "/workspace/reseach1/.venv-server/lib/python3.12/site-packages/torch/utils/data/dataloader.py", line 1647, in _shutdown_workers
    if w.is_alive():
       ^^^^^^^^^^^^
  File "/usr/lib/python3.12/multiprocessing/process.py", line 160, in is_alive
    assert self._parent_pid == os.getpid(), 'can only test a child process'
           ^    ^self._shutdown_workers()^
^^^^^^^^^^^^^^^^^^^^^^^^^^^    ^if w.is_alive():

AssertionError: can only test a child process
  File "/workspace/reseach1/.venv-server/lib/python3.12/site-packages/torch/utils/data/dataloader.py", line 1647, in _shutdown_workers
       ^^^^^^^^^^^^
  File "/usr/lib/python3.12/multiprocessing/process.py", line 160, in is_alive
    assert self._parent_pid == os.getpid(), 'can only test a child process'
           ^^^^^^^^^^^^^^^^^^^^^^^^^^^^^^^
AssertionError: can only test a child process
    if w.is_alive():
       ^^^^^^^^^^^^
  File "/usr/lib/python3.12/multiprocessing/process.py", line 160, in is_alive
    assert self._parent_pid == os.getpid(), 'can only test a child process'
           ^^^^^^^^^^^^^^^^^^^^^^^^^^^^^^^
AssertionError: can only test a child process
Exception ignored in: <function _MultiProcessingDataLoaderIter.__del__ at 0x7fc7e4013ce0>
Traceback (most recent call last):
  File "/workspace/reseach1/.venv-server/lib/python3.12/site-packages/torch/utils/data/dataloader.py", line 1664, in __del__
    self._shutdown_workers()
  File "/workspace/reseach1/.venv-server/lib/python3.12/site-packages/torch/utils/data/dataloader.py", line 1647, in _shutdown_workers
    if w.is_alive():
       ^^^^^^^^^^^^
  File "/usr/lib/python3.12/multiprocessing/process.py", line 160, in is_alive
    assert self._parent_pid == os.getpid(), 'can only test a child process'
           ^^^^^^^^^^^^^^^^^^^^^^^^^^^^^^^
AssertionError: can only test a child process
Exception ignored in: <function _MultiProcessingDataLoaderIter.__del__ at 0x7fc7e4013ce0>
Traceback (most recent call last):
  File "/workspace/reseach1/.venv-server/lib/python3.12/site-packages/torch/utils/data/dataloader.py", line 1664, in __del__
Exception ignored in: Exception ignored in: <function _MultiProcessingDataLoaderIter.__del__ at 0x7fc7e4013ce0>
Traceback (most recent call last):
  File "/workspace/reseach1/.venv-server/lib/python3.12/site-packages/torch/utils/data/dataloader.py", line 1664, in __del__
<function _MultiProcessingDataLoaderIter.__del__ at 0x7fc7e4013ce0>
Traceback (most recent call last):
  File "/workspace/reseach1/.venv-server/lib/python3.12/site-packages/torch/utils/data/dataloader.py", line 1664, in __del__
    self._shutdown_workers()
  File "/workspace/reseach1/.venv-server/lib/python3.12/site-packages/torch/utils/data/dataloader.py", line 1647, in _shutdown_workers
    if w.is_alive():
       ^^^^^^^^^^^^
  File "/usr/lib/python3.12/multiprocessing/process.py", line 160, in is_alive
    assert self._parent_pid == os.getpid(), 'can only test a child process'
           ^^^^^^^^^^^^^^^^^^^^^^^^^^^^^^^
AssertionError: can only test a child process
    self._shutdown_workers()
  File "/workspace/reseach1/.venv-server/lib/python3.12/site-packages/torch/utils/data/dataloader.py", line 1647, in _shutdown_workers
    if w.is_alive():
       ^^^^^^^^^^^^
  File "/usr/lib/python3.12/multiprocessing/process.py", line 160, in is_alive
    assert self._parent_pid == os.getpid(), 'can only test a child process'
           ^^^^^^^^^^^^^^^^^^^^^^^^^^^^^^^
AssertionError: can only test a child process
    self._shutdown_workers()
  File "/workspace/reseach1/.venv-server/lib/python3.12/site-packages/torch/utils/data/dataloader.py", line 1647, in _shutdown_workers
    if w.is_alive():
       ^^^^^^^^^^^^
  File "/usr/lib/python3.12/multiprocessing/process.py", line 160, in is_alive
    assert self._parent_pid == os.getpid(), 'can only test a child process'
           ^^^^^^^^^^^^^^^^^^^^^^^^^^^^^^^
AssertionError: can only test a child process
Exception ignored in: <function _MultiProcessingDataLoaderIter.__del__ at 0x7fc7e4013ce0>
Traceback (most recent call last):
  File "/workspace/reseach1/.venv-server/lib/python3.12/site-packages/torch/utils/data/dataloader.py", line 1664, in __del__
Exception ignored in:     self._shutdown_workers()
  File "/workspace/reseach1/.venv-server/lib/python3.12/site-packages/torch/utils/data/dataloader.py", line 1647, in _shutdown_workers
    if w.is_alive():
       ^^^^^^^^^^^^
  File "/usr/lib/python3.12/multiprocessing/process.py", line 160, in is_alive
    assert self._parent_pid == os.getpid(), 'can only test a child process'
           ^^^^^^^^^^^^^^^^^^^^^^^^^^^^^^^
AssertionError: can only test a child process
<function _MultiProcessingDataLoaderIter.__del__ at 0x7fc7e4013ce0>
Traceback (most recent call last):
  File "/workspace/reseach1/.venv-server/lib/python3.12/site-packages/torch/utils/data/dataloader.py", line 1664, in __del__
Exception ignored in: Exception ignored in:     self._shutdown_workers()
  File "/workspace/reseach1/.venv-server/lib/python3.12/site-packages/torch/utils/data/dataloader.py", line 1647, in _shutdown_workers
    if w.is_alive():
       ^^^^^^^^^^^^
  File "/usr/lib/python3.12/multiprocessing/process.py", line 160, in is_alive
    assert self._parent_pid == os.getpid(), 'can only test a child process'
           ^^^^^^^^^^^^^^^^^^^^^^^^^^^^^^^
AssertionError: can only test a child process
<function _MultiProcessingDataLoaderIter.__del__ at 0x7fc7e4013ce0>
Traceback (most recent call last):
  File "/workspace/reseach1/.venv-server/lib/python3.12/site-packages/torch/utils/data/dataloader.py", line 1664, in __del__
<function _MultiProcessingDataLoaderIter.__del__ at 0x7fc7e4013ce0>
Traceback (most recent call last):
  File "/workspace/reseach1/.venv-server/lib/python3.12/site-packages/torch/utils/data/dataloader.py", line 1664, in __del__
    self._shutdown_workers()
  File "/workspace/reseach1/.venv-server/lib/python3.12/site-packages/torch/utils/data/dataloader.py", line 1647, in _shutdown_workers
    self._shutdown_workers()
  File "/workspace/reseach1/.venv-server/lib/python3.12/site-packages/torch/utils/data/dataloader.py", line 1647, in _shutdown_workers
    if w.is_alive():
       ^^^^^^^^^^^^
  File "/usr/lib/python3.12/multiprocessing/process.py", line 160, in is_alive
    assert self._parent_pid == os.getpid(), 'can only test a child process'
           ^^^^^^^^^^^^^^^^^^^^^^^^^^^^^^^
AssertionError: can only test a child process
    if w.is_alive():
       ^^^^^^^^^^^^
  File "/usr/lib/python3.12/multiprocessing/process.py", line 160, in is_alive
    assert self._parent_pid == os.getpid(), 'can only test a child process'
           ^^^^^^^^^^^^^^^^^^^^^^^^^^^^^^^
AssertionError: can only test a child process
Exception ignored in: <function _MultiProcessingDataLoaderIter.__del__ at 0x7fc7e4013ce0>
Traceback (most recent call last):
  File "/workspace/reseach1/.venv-server/lib/python3.12/site-packages/torch/utils/data/dataloader.py", line 1664, in __del__
    self._shutdown_workers()
  File "/workspace/reseach1/.venv-server/lib/python3.12/site-packages/torch/utils/data/dataloader.py", line 1647, in _shutdown_workers
    if w.is_alive():
       ^^^^^^^^^^^^
  File "/usr/lib/python3.12/multiprocessing/process.py", line 160, in is_alive
    assert self._parent_pid == os.getpid(), 'can only test a child process'
           ^^^^^^^^^^^^^^^^^^^^^^^^^^^^^^^
AssertionError: can only test a child process
Exception ignored in: Exception ignored in: <function _MultiProcessingDataLoaderIter.__del__ at 0x7fc7e4013ce0>
Traceback (most recent call last):
  File "/workspace/reseach1/.venv-server/lib/python3.12/site-packages/torch/utils/data/dataloader.py", line 1664, in __del__
<function _MultiProcessingDataLoaderIter.__del__ at 0x7fc7e4013ce0>
Traceback (most recent call last):
  File "/workspace/reseach1/.venv-server/lib/python3.12/site-packages/torch/utils/data/dataloader.py", line 1664, in __del__
    self._shutdown_workers()
  File "/workspace/reseach1/.venv-server/lib/python3.12/site-packages/torch/utils/data/dataloader.py", line 1647, in _shutdown_workers
    if w.is_alive():
       ^^^^^^^^^^^^
  File "/usr/lib/python3.12/multiprocessing/process.py", line 160, in is_alive
    assert self._parent_pid == os.getpid(), 'can only test a child process'
           ^^^^^^^^^^^^^^^^^^^^^^^^^^^^^^^
AssertionError: can only test a child process
    self._shutdown_workers()
  File "/workspace/reseach1/.venv-server/lib/python3.12/site-packages/torch/utils/data/dataloader.py", line 1647, in _shutdown_workers
    if w.is_alive():
       ^^^^^^^^^^^^
  File "/usr/lib/python3.12/multiprocessing/process.py", line 160, in is_alive
    assert self._parent_pid == os.getpid(), 'can only test a child process'
           ^^^^^^^^^^^^^^^^^^^^^^^^^^^^^^^
AssertionError: can only test a child process
Exception ignored in: <function _MultiProcessingDataLoaderIter.__del__ at 0x7fc7e4013ce0>
Traceback (most recent call last):
  File "/workspace/reseach1/.venv-server/lib/python3.12/site-packages/torch/utils/data/dataloader.py", line 1664, in __del__
    self._shutdown_workers()
  File "/workspace/reseach1/.venv-server/lib/python3.12/site-packages/torch/utils/data/dataloader.py", line 1647, in _shutdown_workers
    if w.is_alive():
       ^^^^^^^^^^^^
  File "/usr/lib/python3.12/multiprocessing/process.py", line 160, in is_alive
    assert self._parent_pid == os.getpid(), 'can only test a child process'
           ^^^^^^^^^^^^^^^^^^^^^^^^^^^^^^^
AssertionError: can only test a child process
Exception ignored in: Exception ignored in: <function _MultiProcessingDataLoaderIter.__del__ at 0x7fc7e4013ce0>
Traceback (most recent call last):
  File "/workspace/reseach1/.venv-server/lib/python3.12/site-packages/torch/utils/data/dataloader.py", line 1664, in __del__
Exception ignored in: <function _MultiProcessingDataLoaderIter.__del__ at 0x7fc7e4013ce0>
Traceback (most recent call last):
  File "/workspace/reseach1/.venv-server/lib/python3.12/site-packages/torch/utils/data/dataloader.py", line 1664, in __del__
    self._shutdown_workers()
  File "/workspace/reseach1/.venv-server/lib/python3.12/site-packages/torch/utils/data/dataloader.py", line 1647, in _shutdown_workers
<function _MultiProcessingDataLoaderIter.__del__ at 0x7fc7e4013ce0>
Traceback (most recent call last):
  File "/workspace/reseach1/.venv-server/lib/python3.12/site-packages/torch/utils/data/dataloader.py", line 1664, in __del__
    self._shutdown_workers()
    if w.is_alive():
   File "/workspace/reseach1/.venv-server/lib/python3.12/site-packages/torch/utils/data/dataloader.py", line 1647, in _shutdown_workers
      ^^^^^^^^^^^^
  File "/usr/lib/python3.12/multiprocessing/process.py", line 160, in is_alive
    assert self._parent_pid == os.getpid(), 'can only test a child process'
           ^^^^^^^^^^^^^^^^^^^^^^^^^^^^^^^
AssertionError: can only test a child process
    self._shutdown_workers()
  File "/workspace/reseach1/.venv-server/lib/python3.12/site-packages/torch/utils/data/dataloader.py", line 1647, in _shutdown_workers
    if w.is_alive():
       ^^^^^^^^^^^^
  File "/usr/lib/python3.12/multiprocessing/process.py", line 160, in is_alive
    assert self._parent_pid == os.getpid(), 'can only test a child process'
           ^^^^^^^^^^^^^^^^^^^^^^^^^^^^^^^
AssertionError: can only test a child process
    if w.is_alive():
       ^^^^^^^^^^^^
  File "/usr/lib/python3.12/multiprocessing/process.py", line 160, in is_alive
    assert self._parent_pid == os.getpid(), 'can only test a child process'
           ^^^^^^^^^^^^^^^^^^^^^^^^^^^^^^^
AssertionError: can only test a child process
Exception ignored in: <function _MultiProcessingDataLoaderIter.__del__ at 0x7fc7e4013ce0>
Traceback (most recent call last):
  File "/workspace/reseach1/.venv-server/lib/python3.12/site-packages/torch/utils/data/dataloader.py", line 1664, in __del__
Exception ignored in: <function _MultiProcessingDataLoaderIter.__del__ at 0x7fc7e4013ce0>
Traceback (most recent call last):
  File "/workspace/reseach1/.venv-server/lib/python3.12/site-packages/torch/utils/data/dataloader.py", line 1664, in __del__
    self._shutdown_workers()
  File "/workspace/reseach1/.venv-server/lib/python3.12/site-packages/torch/utils/data/dataloader.py", line 1647, in _shutdown_workers
    self._shutdown_workers()
  File "/workspace/reseach1/.venv-server/lib/python3.12/site-packages/torch/utils/data/dataloader.py", line 1647, in _shutdown_workers
    if w.is_alive():
       ^^^^^^^^^^^^
  File "/usr/lib/python3.12/multiprocessing/process.py", line 160, in is_alive
    assert self._parent_pid == os.getpid(), 'can only test a child process'
           ^^^^^^^^^^^^^^^^^^^^^^^^^^^^^^^
AssertionError: can only test a child process
    if w.is_alive():
       ^^^^^^^^^^^^
  File "/usr/lib/python3.12/multiprocessing/process.py", line 160, in is_alive
Exception ignored in: <function _MultiProcessingDataLoaderIter.__del__ at 0x7fc7e4013ce0>
Traceback (most recent call last):
  File "/workspace/reseach1/.venv-server/lib/python3.12/site-packages/torch/utils/data/dataloader.py", line 1664, in __del__
    assert self._parent_pid == os.getpid(), 'can only test a child process'
           ^^^^^^^^^^^^^^^^^^^^^^^^^^^^^^^
AssertionError: can only test a child process
    self._shutdown_workers()
  File "/workspace/reseach1/.venv-server/lib/python3.12/site-packages/torch/utils/data/dataloader.py", line 1647, in _shutdown_workers
    if w.is_alive():
       ^^^^^^^^^^^^
  File "/usr/lib/python3.12/multiprocessing/process.py", line 160, in is_alive
    assert self._parent_pid == os.getpid(), 'can only test a child process'
           ^^^^^^^^^^^^^^^^^^^^^^^^^^^^^^^
AssertionError: can only test a child process
Exception ignored in: <function _MultiProcessingDataLoaderIter.__del__ at 0x7fc7e4013ce0>
Traceback (most recent call last):
  File "/workspace/reseach1/.venv-server/lib/python3.12/site-packages/torch/utils/data/dataloader.py", line 1664, in __del__
    self._shutdown_workers()
  File "/workspace/reseach1/.venv-server/lib/python3.12/site-packages/torch/utils/data/dataloader.py", line 1647, in _shutdown_workers
    if w.is_alive():
       ^^^^^^^^^^^^
  File "/usr/lib/python3.12/multiprocessing/process.py", line 160, in is_alive
    assert self._parent_pid == os.getpid(), 'can only test a child process'
           ^^^^^^^^^^^^^^^^^^^^^^^^^^^^^^^
AssertionError: can only test a child process
Exception ignored in: <function _MultiProcessingDataLoaderIter.__del__ at 0x7fc7e4013ce0>
Traceback (most recent call last):
  File "/workspace/reseach1/.venv-server/lib/python3.12/site-packages/torch/utils/data/dataloader.py", line 1664, in __del__
    self._shutdown_workers()
  File "/workspace/reseach1/.venv-server/lib/python3.12/site-packages/torch/utils/data/dataloader.py", line 1647, in _shutdown_workers
    if w.is_alive():
       ^^^^^^^^^^^^
  File "/usr/lib/python3.12/multiprocessing/process.py", line 160, in is_alive
    assert self._parent_pid == os.getpid(), 'can only test a child process'
           ^^^^^^^^^^^^^^^^^^^^^^^^^^^^^^^
AssertionError: can only test a child process
Exception ignored in: <function _MultiProcessingDataLoaderIter.__del__ at 0x7fc7e4013ce0>
Traceback (most recent call last):
  File "/workspace/reseach1/.venv-server/lib/python3.12/site-packages/torch/utils/data/dataloader.py", line 1664, in __del__
    self._shutdown_workers()
  File "/workspace/reseach1/.venv-server/lib/python3.12/site-packages/torch/utils/data/dataloader.py", line 1647, in _shutdown_workers
    if w.is_alive():
       ^^^^^^^^^^^^
  File "/usr/lib/python3.12/multiprocessing/process.py", line 160, in is_alive
    assert self._parent_pid == os.getpid(), 'can only test a child process'
           ^^^^^^^^^^^^^^^^^^^^^^^^^^^^^^^
AssertionError: can only test a child process
Exception ignored in: <function _MultiProcessingDataLoaderIter.__del__ at 0x7fc7e4013ce0>
Traceback (most recent call last):
  File "/workspace/reseach1/.venv-server/lib/python3.12/site-packages/torch/utils/data/dataloader.py", line 1664, in __del__
    self._shutdown_workers()
  File "/workspace/reseach1/.venv-server/lib/python3.12/site-packages/torch/utils/data/dataloader.py", line 1647, in _shutdown_workers
    if w.is_alive():
       ^^^^^^^^^^^^
  File "/usr/lib/python3.12/multiprocessing/process.py", line 160, in is_alive
    assert self._parent_pid == os.getpid(), 'can only test a child process'
           ^^^^^^^^^^^^^^^^^^^^^^^^^^^^^^^
AssertionError: can only test a child process
Exception ignored in: <function _MultiProcessingDataLoaderIter.__del__ at 0x7fc7e4013ce0>
Traceback (most recent call last):
  File "/workspace/reseach1/.venv-server/lib/python3.12/site-packages/torch/utils/data/dataloader.py", line 1664, in __del__
    self._shutdown_workers()
  File "/workspace/reseach1/.venv-server/lib/python3.12/site-packages/torch/utils/data/dataloader.py", line 1647, in _shutdown_workers
    if w.is_alive():
       ^^^^^^^^^^^^
  File "/usr/lib/python3.12/multiprocessing/process.py", line 160, in is_alive
    assert self._parent_pid == os.getpid(), 'can only test a child process'
           ^^^^^^^^^^^^^^^^^^^^^^^^^^^^^^^
AssertionError: can only test a child process
Exception ignored in: <function _MultiProcessingDataLoaderIter.__del__ at 0x7fc7e4013ce0>
Traceback (most recent call last):
  File "/workspace/reseach1/.venv-server/lib/python3.12/site-packages/torch/utils/data/dataloader.py", line 1664, in __del__
    self._shutdown_workers()
  File "/workspace/reseach1/.venv-server/lib/python3.12/site-packages/torch/utils/data/dataloader.py", line 1647, in _shutdown_workers
    if w.is_alive():
       ^^^^^^^^^^^^
  File "/usr/lib/python3.12/multiprocessing/process.py", line 160, in is_alive
    assert self._parent_pid == os.getpid(), 'can only test a child process'
           ^^^^^^^^^^^^^^^^^^^^^^^^^^^^^^^
AssertionError: can only test a child process
Exception ignored in: <function _MultiProcessingDataLoaderIter.__del__ at 0x7fc7e4013ce0>
Traceback (most recent call last):
  File "/workspace/reseach1/.venv-server/lib/python3.12/site-packages/torch/utils/data/dataloader.py", line 1664, in __del__
    self._shutdown_workers()
  File "/workspace/reseach1/.venv-server/lib/python3.12/site-packages/torch/utils/data/dataloader.py", line 1647, in _shutdown_workers
    if w.is_alive():
       ^^^^^^^^^^^^
  File "/usr/lib/python3.12/multiprocessing/process.py", line 160, in is_alive
    assert self._parent_pid == os.getpid(), 'can only test a child process'
           ^^^^^^^^^^^^^^^^^^^^^^^^^^^^^^^
AssertionError: can only test a child process
edge_mlp seed=11 step=6455 epoch=1 loss=0.0410 val_macro_f1=0.8983
edge_mlp seed=11 step=8069 epoch=2 loss=0.0109 val_macro_f1=0.9107
edge_mlp seed=11 step=9683 epoch=2 loss=0.0103 val_macro_f1=0.9119
edge_mlp seed=11 step=11297 epoch=2 loss=0.0092 val_macro_f1=0.8843
edge_mlp seed=11 step=12910 epoch=2 loss=0.0080 val_macro_f1=0.9116
DONE NF-BoT-IoT-v2__binary__edge_mlp__seed11 test_macro_f1=0.9126 seconds=343.3
START NF-BoT-IoT-v2__binary__edge_mlp__seed22
Exception ignored in: <function _MultiProcessingDataLoaderIter.__del__ at 0x7fc7e4013ce0>
Traceback (most recent call last):
  File "/workspace/reseach1/.venv-server/lib/python3.12/site-packages/torch/utils/data/dataloader.py", line 1664, in __del__
    self._shutdown_workers()
  File "/workspace/reseach1/.venv-server/lib/python3.12/site-packages/torch/utils/data/dataloader.py", line 1647, in _shutdown_workers
Exception ignored in: <function _MultiProcessingDataLoaderIter.__del__ at 0x7fc7e4013ce0>
Traceback (most recent call last):
  File "/workspace/reseach1/.venv-server/lib/python3.12/site-packages/torch/utils/data/dataloader.py", line 1664, in __del__
    if w.is_alive():
       ^^^^^^^^^^^^
  File "/usr/lib/python3.12/multiprocessing/process.py", line 160, in is_alive
    assert self._parent_pid == os.getpid(), 'can only test a child process'
           ^^^^^^^^^^^^^^^^^^^^^^^^^^^^^^^
AssertionError: can only test a child process
    self._shutdown_workers()
  File "/workspace/reseach1/.venv-server/lib/python3.12/site-packages/torch/utils/data/dataloader.py", line 1647, in _shutdown_workers
Exception ignored in: <function _MultiProcessingDataLoaderIter.__del__ at 0x7fc7e4013ce0>
Traceback (most recent call last):
  File "/workspace/reseach1/.venv-server/lib/python3.12/site-packages/torch/utils/data/dataloader.py", line 1664, in __del__
    if w.is_alive():
       ^^^^^^^^^^^^
  File "/usr/lib/python3.12/multiprocessing/process.py", line 160, in is_alive
Exception ignored in:     assert self._parent_pid == os.getpid(), 'can only test a child process'
<function _MultiProcessingDataLoaderIter.__del__ at 0x7fc7e4013ce0>
Traceback (most recent call last):
           ^^^^^^^^^^^^^^^^^^^^^^^^^^^^^^^
AssertionError: can only test a child process
  File "/workspace/reseach1/.venv-server/lib/python3.12/site-packages/torch/utils/data/dataloader.py", line 1664, in __del__
    self._shutdown_workers()
  File "/workspace/reseach1/.venv-server/lib/python3.12/site-packages/torch/utils/data/dataloader.py", line 1647, in _shutdown_workers
    if w.is_alive():
       ^^^^^^^^^^^^
  File "/usr/lib/python3.12/multiprocessing/process.py", line 160, in is_alive
    assert self._parent_pid == os.getpid(), 'can only test a child process'
    self._shutdown_workers()
           ^^^^^^^^^^^^^^^^^^^^^^^^^^^^^  File "/workspace/reseach1/.venv-server/lib/python3.12/site-packages/torch/utils/data/dataloader.py", line 1647, in _shutdown_workers
^^
AssertionError: can only test a child process
    if w.is_alive():
       ^^^^^^^^^^^^
  File "/usr/lib/python3.12/multiprocessing/process.py", line 160, in is_alive
    assert self._parent_pid == os.getpid(), 'can only test a child process'
           ^^^^^^^^^^^^^^^^^^^^^^^^^^^^^^^
AssertionError: can only test a child process
Exception ignored in: <function _MultiProcessingDataLoaderIter.__del__ at 0x7fc7e4013ce0>
Traceback (most recent call last):
  File "/workspace/reseach1/.venv-server/lib/python3.12/site-packages/torch/utils/data/dataloader.py", line 1664, in __del__
Exception ignored in: <function _MultiProcessingDataLoaderIter.__del__ at 0x7fc7e4013ce0>
Traceback (most recent call last):
  File "/workspace/reseach1/.venv-server/lib/python3.12/site-packages/torch/utils/data/dataloader.py", line 1664, in __del__
Exception ignored in: <function _MultiProcessingDataLoaderIter.__del__ at 0x7fc7e4013ce0>
Traceback (most recent call last):
  File "/workspace/reseach1/.venv-server/lib/python3.12/site-packages/torch/utils/data/dataloader.py", line 1664, in __del__
Exception ignored in: <function _MultiProcessingDataLoaderIter.__del__ at 0x7fc7e4013ce0>
Traceback (most recent call last):
    self._shutdown_workers()
  File "/workspace/reseach1/.venv-server/lib/python3.12/site-packages/torch/utils/data/dataloader.py", line 1647, in _shutdown_workers
    self._shutdown_workers()
  File "/workspace/reseach1/.venv-server/lib/python3.12/site-packages/torch/utils/data/dataloader.py", line 1647, in _shutdown_workers
    if w.is_alive():
       ^^^^^^^^^^^^
  File "/usr/lib/python3.12/multiprocessing/process.py", line 160, in is_alive
    if w.is_alive():
       ^^^^^^^^^^^^
  File "/usr/lib/python3.12/multiprocessing/process.py", line 160, in is_alive
    assert self._parent_pid == os.getpid(), 'can only test a child process'
           ^^^^^^^    ^assert self._parent_pid == os.getpid(), 'can only test a child process'^^
^^^^^^^^^^^^ ^ ^ ^ ^ ^ ^ ^ ^ ^ 
 ^AssertionError^: ^can only test a child process^
^^^^^^^^^^^^^^^^^^^  File "/workspace/reseach1/.venv-server/lib/python3.12/site-packages/torch/utils/data/dataloader.py", line 1664, in __del__
^^^^^^^^
AssertionError: can only test a child process
    self._shutdown_workers()
  File "/workspace/reseach1/.venv-server/lib/python3.12/site-packages/torch/utils/data/dataloader.py", line 1647, in _shutdown_workers
    self._shutdown_workers()
  File "/workspace/reseach1/.venv-server/lib/python3.12/site-packages/torch/utils/data/dataloader.py", line 1647, in _shutdown_workers
    if w.is_alive():
       ^^^^^^^^^^^^
  File "/usr/lib/python3.12/multiprocessing/process.py", line 160, in is_alive
    if w.is_alive():
       ^^^^^    ^assert self._parent_pid == os.getpid(), 'can only test a child process'^
^^^^^
  File "/usr/lib/python3.12/multiprocessing/process.py", line 160, in is_alive
           ^^^^^^^^^^^^^^^^^^^^^^^    ^assert self._parent_pid == os.getpid(), 'can only test a child process'^
^^^^^^
AssertionError: can only test a child process
           ^^^^^^^^^^^^^^^^^^^^^^^^^^^^^^^
AssertionError: can only test a child process
Exception ignored in: Exception ignored in: <function _MultiProcessingDataLoaderIter.__del__ at 0x7fc7e4013ce0>Exception ignored in: <function _MultiProcessingDataLoaderIter.__del__ at 0x7fc7e4013ce0>
Traceback (most recent call last):
  File "/workspace/reseach1/.venv-server/lib/python3.12/site-packages/torch/utils/data/dataloader.py", line 1664, in __del__
<function _MultiProcessingDataLoaderIter.__del__ at 0x7fc7e4013ce0>
Traceback (most recent call last):
  File "/workspace/reseach1/.venv-server/lib/python3.12/site-packages/torch/utils/data/dataloader.py", line 1664, in __del__
    self._shutdown_workers()
  File "/workspace/reseach1/.venv-server/lib/python3.12/site-packages/torch/utils/data/dataloader.py", line 1647, in _shutdown_workers
Exception ignored in: <function _MultiProcessingDataLoaderIter.__del__ at 0x7fc7e4013ce0>
    self._shutdown_workers()
  File "/workspace/reseach1/.venv-server/lib/python3.12/site-packages/torch/utils/data/dataloader.py", line 1647, in _shutdown_workers
    if w.is_alive():
       ^^^^^^^^^^^^
  File "/usr/lib/python3.12/multiprocessing/process.py", line 160, in is_alive

Traceback (most recent call last):
  File "/workspace/reseach1/.venv-server/lib/python3.12/site-packages/torch/utils/data/dataloader.py", line 1664, in __del__
    assert self._parent_pid == os.getpid(), 'can only test a child process'
           ^^^^^^^^^^^^^^^^^^^^^^^^^^^^^^^
AssertionError: can only test a child process
    self._shutdown_workers()
  File "/workspace/reseach1/.venv-server/lib/python3.12/site-packages/torch/utils/data/dataloader.py", line 1647, in _shutdown_workers
    if w.is_alive():
       ^^^^^^^^^^^^
  File "/usr/lib/python3.12/multiprocessing/process.py", line 160, in is_alive
    if w.is_alive():
       ^^^^^^^^^^^^
  File "/usr/lib/python3.12/multiprocessing/process.py", line 160, in is_alive
    assert self._parent_pid == os.getpid(), 'can only test a child process'
    assert self._parent_pid == os.getpid(), 'can only test a child process'
           ^^^^^^^ ^^^^ ^^^ ^^^ ^^^ ^^^ ^^^ ^^^ ^^
 AssertionError:  can only test a child process
 ^^^^^^^^^^^^^^^^^Traceback (most recent call last):
^^  File "/workspace/reseach1/.venv-server/lib/python3.12/site-packages/torch/utils/data/dataloader.py", line 1664, in __del__
^^^^^^^^^^^^
AssertionError: can only test a child process
    self._shutdown_workers()
  File "/workspace/reseach1/.venv-server/lib/python3.12/site-packages/torch/utils/data/dataloader.py", line 1647, in _shutdown_workers
    if w.is_alive():
       ^^^^^^^^^^^^
  File "/usr/lib/python3.12/multiprocessing/process.py", line 160, in is_alive
    assert self._parent_pid == os.getpid(), 'can only test a child process'
           ^^^^^^^^^^^^^^^^^^^^^^^^^^^^^^^
AssertionError: can only test a child process
Exception ignored in: <function _MultiProcessingDataLoaderIter.__del__ at 0x7fc7e4013ce0>
Traceback (most recent call last):
Exception ignored in: <function _MultiProcessingDataLoaderIter.__del__ at 0x7fc7e4013ce0>  File "/workspace/reseach1/.venv-server/lib/python3.12/site-packages/torch/utils/data/dataloader.py", line 1664, in __del__

Exception ignored in: <function _MultiProcessingDataLoaderIter.__del__ at 0x7fc7e4013ce0>Exception ignored in:     self._shutdown_workers()
  File "/workspace/reseach1/.venv-server/lib/python3.12/site-packages/torch/utils/data/dataloader.py", line 1647, in _shutdown_workers

Traceback (most recent call last):
  File "/workspace/reseach1/.venv-server/lib/python3.12/site-packages/torch/utils/data/dataloader.py", line 1664, in __del__
    if w.is_alive():
       ^^^^^^^^^^^^
  File "/usr/lib/python3.12/multiprocessing/process.py", line 160, in is_alive
    assert self._parent_pid == os.getpid(), 'can only test a child process'
           ^^^^^^^^^^^^^^^^^^^^^^^^^^^^^^^
AssertionError: can only test a child process<function _MultiProcessingDataLoaderIter.__del__ at 0x7fc7e4013ce0>

Traceback (most recent call last):
  File "/workspace/reseach1/.venv-server/lib/python3.12/site-packages/torch/utils/data/dataloader.py", line 1664, in __del__
    self._shutdown_workers()
  File "/workspace/reseach1/.venv-server/lib/python3.12/site-packages/torch/utils/data/dataloader.py", line 1647, in _shutdown_workers
    if w.is_alive():
       ^^^^^^^^^^^^
  File "/usr/lib/python3.12/multiprocessing/process.py", line 160, in is_alive
    assert self._parent_pid == os.getpid(), 'can only test a child process'
           ^^^^^^^^^^^^^^^^^^^    ^^self._shutdown_workers()^^
^^^^^^^^
AssertionError: can only test a child process
  File "/workspace/reseach1/.venv-server/lib/python3.12/site-packages/torch/utils/data/dataloader.py", line 1647, in _shutdown_workers
    if w.is_alive():
       ^^^^^^^^^^^^
  File "/usr/lib/python3.12/multiprocessing/process.py", line 160, in is_alive
    assert self._parent_pid == os.getpid(), 'can only test a child process'
           ^^^^^^^^^^^^^^^^^^^^^^^^^^^^^^^
AssertionError: can only test a child process
Traceback (most recent call last):
  File "/workspace/reseach1/.venv-server/lib/python3.12/site-packages/torch/utils/data/dataloader.py", line 1664, in __del__
    self._shutdown_workers()
  File "/workspace/reseach1/.venv-server/lib/python3.12/site-packages/torch/utils/data/dataloader.py", line 1647, in _shutdown_workers
    if w.is_alive():
       ^^^^^^^^^^^^
  File "/usr/lib/python3.12/multiprocessing/process.py", line 160, in is_alive
    assert self._parent_pid == os.getpid(), 'can only test a child process'
           ^^^^^^^^^^^^^^^^^^^^^^^^^^^^^^^
AssertionError: can only test a child process
Exception ignored in: <function _MultiProcessingDataLoaderIter.__del__ at 0x7fc7e4013ce0>
Traceback (most recent call last):
  File "/workspace/reseach1/.venv-server/lib/python3.12/site-packages/torch/utils/data/dataloader.py", line 1664, in __del__
    self._shutdown_workers()
  File "/workspace/reseach1/.venv-server/lib/python3.12/site-packages/torch/utils/data/dataloader.py", line 1647, in _shutdown_workers
    if w.is_alive():
       ^^^^^^^^^^^^
  File "/usr/lib/python3.12/multiprocessing/process.py", line 160, in is_alive
    assert self._parent_pid == os.getpid(), 'can only test a child process'
           ^^^^^^^^^^^^^^^^^^^^^^^^^^^^^^^
AssertionError: can only test a child process
Exception ignored in: <function _MultiProcessingDataLoaderIter.__del__ at 0x7fc7e4013ce0>
Traceback (most recent call last):
  File "/workspace/reseach1/.venv-server/lib/python3.12/site-packages/torch/utils/data/dataloader.py", line 1664, in __del__
    self._shutdown_workers()
  File "/workspace/reseach1/.venv-server/lib/python3.12/site-packages/torch/utils/data/dataloader.py", line 1647, in _shutdown_workers
Exception ignored in: <function _MultiProcessingDataLoaderIter.__del__ at 0x7fc7e4013ce0>
Traceback (most recent call last):
  File "/workspace/reseach1/.venv-server/lib/python3.12/site-packages/torch/utils/data/dataloader.py", line 1664, in __del__
    if w.is_alive():
       ^^^^^^^^^^^^
  File "/usr/lib/python3.12/multiprocessing/process.py", line 160, in is_alive
    assert self._parent_pid == os.getpid(), 'can only test a child process'
           ^^^^^^^^^^^^^^^^^^^^^^^^^^^^^^^
AssertionError: can only test a child process
Exception ignored in: <function _MultiProcessingDataLoaderIter.__del__ at 0x7fc7e4013ce0>
Traceback (most recent call last):
  File "/workspace/reseach1/.venv-server/lib/python3.12/site-packages/torch/utils/data/dataloader.py", line 1664, in __del__
    self._shutdown_workers()
  File "/workspace/reseach1/.venv-server/lib/python3.12/site-packages/torch/utils/data/dataloader.py", line 1647, in _shutdown_workers
    self._shutdown_workers()
  File "/workspace/reseach1/.venv-server/lib/python3.12/site-packages/torch/utils/data/dataloader.py", line 1647, in _shutdown_workers
    if w.is_alive():
       ^^^^^^^^^^^^
  File "/usr/lib/python3.12/multiprocessing/process.py", line 160, in is_alive
    assert self._parent_pid == os.getpid(), 'can only test a child process'
           ^^^^^^^^^^^^^^^^^^Exception ignored in: ^^^^^^^^^^^^^
AssertionError: can only test a child process
<function _MultiProcessingDataLoaderIter.__del__ at 0x7fc7e4013ce0>
Traceback (most recent call last):
  File "/workspace/reseach1/.venv-server/lib/python3.12/site-packages/torch/utils/data/dataloader.py", line 1664, in __del__
    if w.is_alive():
       ^^^^^^^^^^^^
  File "/usr/lib/python3.12/multiprocessing/process.py", line 160, in is_alive
    assert self._parent_pid == os.getpid(), 'can only test a child process'
           ^^^^^^^^^^^^^    self._shutdown_workers()^^^^^^^^
^^^^^^  File "/workspace/reseach1/.venv-server/lib/python3.12/site-packages/torch/utils/data/dataloader.py", line 1647, in _shutdown_workers
^^^^
AssertionError: can only test a child process
    if w.is_alive():
       ^^^^^^^^^^^^
  File "/usr/lib/python3.12/multiprocessing/process.py", line 160, in is_alive
    assert self._parent_pid == os.getpid(), 'can only test a child process'
           ^^^^^^^^^^^^^^^^^^^^^^^^^^^^^^^
AssertionError: can only test a child process
Exception ignored in: <function _MultiProcessingDataLoaderIter.__del__ at 0x7fc7e4013ce0>
Traceback (most recent call last):
  File "/workspace/reseach1/.venv-server/lib/python3.12/site-packages/torch/utils/data/dataloader.py", line 1664, in __del__
    self._shutdown_workers()
  File "/workspace/reseach1/.venv-server/lib/python3.12/site-packages/torch/utils/data/dataloader.py", line 1647, in _shutdown_workers
Exception ignored in: <function _MultiProcessingDataLoaderIter.__del__ at 0x7fc7e4013ce0>
Traceback (most recent call last):
  File "/workspace/reseach1/.venv-server/lib/python3.12/site-packages/torch/utils/data/dataloader.py", line 1664, in __del__
    if w.is_alive():
       ^^^^^^^^^^^^
  File "/usr/lib/python3.12/multiprocessing/process.py", line 160, in is_alive
    assert self._parent_pid == os.getpid(), 'can only test a child process'
           ^^^^^^^^^^^^^^^^^^^^^^^^^^^^^^^
AssertionError: can only test a child process
    self._shutdown_workers()
  File "/workspace/reseach1/.venv-server/lib/python3.12/site-packages/torch/utils/data/dataloader.py", line 1647, in _shutdown_workers
    if w.is_alive():
       ^^^^^^^^^^^^
  File "/usr/lib/python3.12/multiprocessing/process.py", line 160, in is_alive
    assert self._parent_pid == os.getpid(), 'can only test a child process'
           ^^^^^^^^^^^^^^^^^^^^^^^^^^^^^^^
AssertionError: can only test a child process
Exception ignored in: <function _MultiProcessingDataLoaderIter.__del__ at 0x7fc7e4013ce0>
Traceback (most recent call last):
  File "/workspace/reseach1/.venv-server/lib/python3.12/site-packages/torch/utils/data/dataloader.py", line 1664, in __del__
    self._shutdown_workers()
  File "/workspace/reseach1/.venv-server/lib/python3.12/site-packages/torch/utils/data/dataloader.py", line 1647, in _shutdown_workers
    if w.is_alive():
       ^^^^^^^^^^^^
  File "/usr/lib/python3.12/multiprocessing/process.py", line 160, in is_alive
    assert self._parent_pid == os.getpid(), 'can only test a child process'
           ^^^^^^^^^^^^^^^^^^^^^^^^^^^^^^^
AssertionError: can only test a child process
Exception ignored in: <function _MultiProcessingDataLoaderIter.__del__ at 0x7fc7e4013ce0>
Traceback (most recent call last):
  File "/workspace/reseach1/.venv-server/lib/python3.12/site-packages/torch/utils/data/dataloader.py", line 1664, in __del__
    self._shutdown_workers()
  File "/workspace/reseach1/.venv-server/lib/python3.12/site-packages/torch/utils/data/dataloader.py", line 1647, in _shutdown_workers
    if w.is_alive():
       ^^^^^^^^^^^^
  File "/usr/lib/python3.12/multiprocessing/process.py", line 160, in is_alive
    assert self._parent_pid == os.getpid(), 'can only test a child process'
           ^^^^^^^^^^^^^^^^^^^^^^^^^^^^^^^
AssertionError: can only test a child process
Exception ignored in: <function _MultiProcessingDataLoaderIter.__del__ at 0x7fc7e4013ce0>
Traceback (most recent call last):
  File "/workspace/reseach1/.venv-server/lib/python3.12/site-packages/torch/utils/data/dataloader.py", line 1664, in __del__
    self._shutdown_workers()
  File "/workspace/reseach1/.venv-server/lib/python3.12/site-packages/torch/utils/data/dataloader.py", line 1647, in _shutdown_workers
    if w.is_alive():
       ^^^^^^^^^^^^
  File "/usr/lib/python3.12/multiprocessing/process.py", line 160, in is_alive
    assert self._parent_pid == os.getpid(), 'can only test a child process'
           ^^^^^^^^^^^^^^^^^^^^^^^^^^^^^^^
AssertionError: can only test a child process
Exception ignored in: <function _MultiProcessingDataLoaderIter.__del__ at 0x7fc7e4013ce0>
Traceback (most recent call last):
  File "/workspace/reseach1/.venv-server/lib/python3.12/site-packages/torch/utils/data/dataloader.py", line 1664, in __del__
    self._shutdown_workers()
  File "/workspace/reseach1/.venv-server/lib/python3.12/site-packages/torch/utils/data/dataloader.py", line 1647, in _shutdown_workers
    if w.is_alive():
       ^^^^^^^^^^^^
  File "/usr/lib/python3.12/multiprocessing/process.py", line 160, in is_alive
    assert self._parent_pid == os.getpid(), 'can only test a child process'
           ^^^^^^^^^^^^^^^^^^^^^^^^^^^^^^^
AssertionError: can only test a child process
Exception ignored in: <function _MultiProcessingDataLoaderIter.__del__ at 0x7fc7e4013ce0>
Traceback (most recent call last):
  File "/workspace/reseach1/.venv-server/lib/python3.12/site-packages/torch/utils/data/dataloader.py", line 1664, in __del__
    self._shutdown_workers()
  File "/workspace/reseach1/.venv-server/lib/python3.12/site-packages/torch/utils/data/dataloader.py", line 1647, in _shutdown_workers
    if w.is_alive():
       ^^^^^^^^^^^^
  File "/usr/lib/python3.12/multiprocessing/process.py", line 160, in is_alive
    assert self._parent_pid == os.getpid(), 'can only test a child process'
           ^^^^^^^^^^^^^^^^^^^^^^^^^^^^^^^
AssertionError: can only test a child process
edge_mlp seed=22 step=6455 epoch=1 loss=0.0386 val_macro_f1=0.8508
edge_mlp seed=22 step=8069 epoch=2 loss=0.0112 val_macro_f1=0.8497
edge_mlp seed=22 step=9683 epoch=2 loss=0.0101 val_macro_f1=0.8574
edge_mlp seed=22 step=11297 epoch=2 loss=0.0090 val_macro_f1=0.9067
edge_mlp seed=22 step=12910 epoch=2 loss=0.0088 val_macro_f1=0.9138
DONE NF-BoT-IoT-v2__binary__edge_mlp__seed22 test_macro_f1=0.9145 seconds=356.4
START NF-BoT-IoT-v2__binary__edge_mlp__seed33
Exception ignored in: <function _MultiProcessingDataLoaderIter.__del__ at 0x7fc7e4013ce0>
Traceback (most recent call last):
  File "/workspace/reseach1/.venv-server/lib/python3.12/site-packages/torch/utils/data/dataloader.py", line 1664, in __del__
    self._shutdown_workers()
  File "/workspace/reseach1/.venv-server/lib/python3.12/site-packages/torch/utils/data/dataloader.py", line 1647, in _shutdown_workers
    if w.is_alive():
       ^^^^^^^^^^^^
  File "/usr/lib/python3.12/multiprocessing/process.py", line 160, in is_alive
    assert self._parent_pid == os.getpid(), 'can only test a child process'
           ^^^^^^^^^^^^^^^^^^^^^^^^^^^^^^^
AssertionError: can only test a child process
Exception ignored in: <function _MultiProcessingDataLoaderIter.__del__ at 0x7fc7e4013ce0>
Traceback (most recent call last):
  File "/workspace/reseach1/.venv-server/lib/python3.12/site-packages/torch/utils/data/dataloader.py", line 1664, in __del__
    self._shutdown_workers()
  File "/workspace/reseach1/.venv-server/lib/python3.12/site-packages/torch/utils/data/dataloader.py", line 1647, in _shutdown_workers
    if w.is_alive():
       ^^^^^^^^^^^^
  File "/usr/lib/python3.12/multiprocessing/process.py", line 160, in is_alive
    assert self._parent_pid == os.getpid(), 'can only test a child process'
           ^^^^^^^^^^^^^^^^^^^^^^^^^^^^^^^
AssertionError: can only test a child process
Exception ignored in: <function _MultiProcessingDataLoaderIter.__del__ at 0x7fc7e4013ce0>
Traceback (most recent call last):
  File "/workspace/reseach1/.venv-server/lib/python3.12/site-packages/torch/utils/data/dataloader.py", line 1664, in __del__
    self._shutdown_workers()
  File "/workspace/reseach1/.venv-server/lib/python3.12/site-packages/torch/utils/data/dataloader.py", line 1647, in _shutdown_workers
    if w.is_alive():
       ^^^^^^^^^^^^
  File "/usr/lib/python3.12/multiprocessing/process.py", line 160, in is_alive
    assert self._parent_pid == os.getpid(), 'can only test a child process'
           ^^^^^^^^^^^^^^^^^^^^^^^^^^^^^^^
AssertionError: can only test a child process
Exception ignored in: <function _MultiProcessingDataLoaderIter.__del__ at 0x7fc7e4013ce0>
Traceback (most recent call last):
  File "/workspace/reseach1/.venv-server/lib/python3.12/site-packages/torch/utils/data/dataloader.py", line 1664, in __del__
    self._shutdown_workers()
  File "/workspace/reseach1/.venv-server/lib/python3.12/site-packages/torch/utils/data/dataloader.py", line 1647, in _shutdown_workers
    if w.is_alive():
       ^^^^^^^^^^^^
  File "/usr/lib/python3.12/multiprocessing/process.py", line 160, in is_alive
    assert self._parent_pid == os.getpid(), 'can only test a child process'
           ^^^^^^^^^^^^^^^^^^^^^^^^^^^^^^^
AssertionError: can only test a child process
Exception ignored in: <function _MultiProcessingDataLoaderIter.__del__ at 0x7fc7e4013ce0>
Traceback (most recent call last):
  File "/workspace/reseach1/.venv-server/lib/python3.12/site-packages/torch/utils/data/dataloader.py", line 1664, in __del__
    self._shutdown_workers()
  File "/workspace/reseach1/.venv-server/lib/python3.12/site-packages/torch/utils/data/dataloader.py", line 1647, in _shutdown_workers
    if w.is_alive():
       ^^^^^^^^^^^^
  File "/usr/lib/python3.12/multiprocessing/process.py", line 160, in is_alive
    assert self._parent_pid == os.getpid(), 'can only test a child process'
           ^^^^^^^^^^^^^^^^^^^^^^^^^^^^^^^
AssertionError: can only test a child process
Exception ignored in: <function _MultiProcessingDataLoaderIter.__del__ at 0x7fc7e4013ce0>
Traceback (most recent call last):
  File "/workspace/reseach1/.venv-server/lib/python3.12/site-packages/torch/utils/data/dataloader.py", line 1664, in __del__
    self._shutdown_workers()
  File "/workspace/reseach1/.venv-server/lib/python3.12/site-packages/torch/utils/data/dataloader.py", line 1647, in _shutdown_workers
    if w.is_alive():
       ^^^^^^^^^^^^
  File "/usr/lib/python3.12/multiprocessing/process.py", line 160, in is_alive
    assert self._parent_pid == os.getpid(), 'can only test a child process'
           ^^^^^^^^^^^^^^^^^^^^^^^^^^^^^^^
AssertionError: can only test a child process
Exception ignored in: <function _MultiProcessingDataLoaderIter.__del__ at 0x7fc7e4013ce0>
Traceback (most recent call last):
  File "/workspace/reseach1/.venv-server/lib/python3.12/site-packages/torch/utils/data/dataloader.py", line 1664, in __del__
    self._shutdown_workers()
  File "/workspace/reseach1/.venv-server/lib/python3.12/site-packages/torch/utils/data/dataloader.py", line 1647, in _shutdown_workers
    if w.is_alive():
       ^^^^^^^^^^^^
  File "/usr/lib/python3.12/multiprocessing/process.py", line 160, in is_alive
    assert self._parent_pid == os.getpid(), 'can only test a child process'
           ^^^^^^^^^^^^^^^^^^^^^^^^^^^^^^^
AssertionError: can only test a child process
Exception ignored in: <function _MultiProcessingDataLoaderIter.__del__ at 0x7fc7e4013ce0>
Traceback (most recent call last):
  File "/workspace/reseach1/.venv-server/lib/python3.12/site-packages/torch/utils/data/dataloader.py", line 1664, in __del__
    self._shutdown_workers()
  File "/workspace/reseach1/.venv-server/lib/python3.12/site-packages/torch/utils/data/dataloader.py", line 1647, in _shutdown_workers
    if w.is_alive():
       ^^^^^^^^^^^^
  File "/usr/lib/python3.12/multiprocessing/process.py", line 160, in is_alive
    assert self._parent_pid == os.getpid(), 'can only test a child process'
           ^^^^^^^^^^^^^^^^^^^^^^^^^^^^^^^
AssertionError: can only test a child process
Exception ignored in: <function _MultiProcessingDataLoaderIter.__del__ at 0x7fc7e4013ce0>
Traceback (most recent call last):
  File "/workspace/reseach1/.venv-server/lib/python3.12/site-packages/torch/utils/data/dataloader.py", line 1664, in __del__
    self._shutdown_workers()
  File "/workspace/reseach1/.venv-server/lib/python3.12/site-packages/torch/utils/data/dataloader.py", line 1647, in _shutdown_workers
    if w.is_alive():
       ^^^^^^^^^^^^
  File "/usr/lib/python3.12/multiprocessing/process.py", line 160, in is_alive
    assert self._parent_pid == os.getpid(), 'can only test a child process'
           ^^^^^^^^^^^^^^^^^^^^^^^^^^^^^^^
AssertionError: can only test a child process
Exception ignored in: <function _MultiProcessingDataLoaderIter.__del__ at 0x7fc7e4013ce0>
Traceback (most recent call last):
  File "/workspace/reseach1/.venv-server/lib/python3.12/site-packages/torch/utils/data/dataloader.py", line 1664, in __del__
    self._shutdown_workers()
  File "/workspace/reseach1/.venv-server/lib/python3.12/site-packages/torch/utils/data/dataloader.py", line 1647, in _shutdown_workers
    if w.is_alive():
       ^^^^^^^^^^^^
  File "/usr/lib/python3.12/multiprocessing/process.py", line 160, in is_alive
    assert self._parent_pid == os.getpid(), 'can only test a child process'
           ^^^^^^^^^^^^^^^^^^^^^^^^^^^^^^^
AssertionError: can only test a child process
Exception ignored in: <function _MultiProcessingDataLoaderIter.__del__ at 0x7fc7e4013ce0>
Traceback (most recent call last):
  File "/workspace/reseach1/.venv-server/lib/python3.12/site-packages/torch/utils/data/dataloader.py", line 1664, in __del__
    self._shutdown_workers()
  File "/workspace/reseach1/.venv-server/lib/python3.12/site-packages/torch/utils/data/dataloader.py", line 1647, in _shutdown_workers
    if w.is_alive():
       ^^^^^^^^^^^^
  File "/usr/lib/python3.12/multiprocessing/process.py", line 160, in is_alive
    assert self._parent_pid == os.getpid(), 'can only test a child process'
           ^^^^^^^^^^^^^^^^^^^^^^^^^^^^^^^
AssertionError: can only test a child process
Exception ignored in: <function _MultiProcessingDataLoaderIter.__del__ at 0x7fc7e4013ce0>
Traceback (most recent call last):
  File "/workspace/reseach1/.venv-server/lib/python3.12/site-packages/torch/utils/data/dataloader.py", line 1664, in __del__
    self._shutdown_workers()
  File "/workspace/reseach1/.venv-server/lib/python3.12/site-packages/torch/utils/data/dataloader.py", line 1647, in _shutdown_workers
    if w.is_alive():
       ^^^^^^^^^^^^
  File "/usr/lib/python3.12/multiprocessing/process.py", line 160, in is_alive
    assert self._parent_pid == os.getpid(), 'can only test a child process'
           ^^^^^^^^^^^^^^^^^^^^^^^^^^^^^^^
AssertionError: can only test a child process
Exception ignored in: <function _MultiProcessingDataLoaderIter.__del__ at 0x7fc7e4013ce0>
Traceback (most recent call last):
  File "/workspace/reseach1/.venv-server/lib/python3.12/site-packages/torch/utils/data/dataloader.py", line 1664, in __del__
    self._shutdown_workers()
  File "/workspace/reseach1/.venv-server/lib/python3.12/site-packages/torch/utils/data/dataloader.py", line 1647, in _shutdown_workers
    if w.is_alive():
       ^^^^^^^^^^^^
  File "/usr/lib/python3.12/multiprocessing/process.py", line 160, in is_alive
    assert self._parent_pid == os.getpid(), 'can only test a child process'
           ^^^^^^^^^^^^^^^^^^^^^^^^^^^^^^^
AssertionError: can only test a child process
Exception ignored in: <function _MultiProcessingDataLoaderIter.__del__ at 0x7fc7e4013ce0>
Traceback (most recent call last):
  File "/workspace/reseach1/.venv-server/lib/python3.12/site-packages/torch/utils/data/dataloader.py", line 1664, in __del__
    self._shutdown_workers()
  File "/workspace/reseach1/.venv-server/lib/python3.12/site-packages/torch/utils/data/dataloader.py", line 1647, in _shutdown_workers
    if w.is_alive():
       ^^^^^^^^^^^^
  File "/usr/lib/python3.12/multiprocessing/process.py", line 160, in is_alive
    assert self._parent_pid == os.getpid(), 'can only test a child process'
           ^^^^^^^^^^^^^^^^^^^^^^^^^^^^^^^
AssertionError: can only test a child process
Exception ignored in: <function _MultiProcessingDataLoaderIter.__del__ at 0x7fc7e4013ce0>
Traceback (most recent call last):
  File "/workspace/reseach1/.venv-server/lib/python3.12/site-packages/torch/utils/data/dataloader.py", line 1664, in __del__
Exception ignored in: <function _MultiProcessingDataLoaderIter.__del__ at 0x7fc7e4013ce0>
Traceback (most recent call last):
  File "/workspace/reseach1/.venv-server/lib/python3.12/site-packages/torch/utils/data/dataloader.py", line 1664, in __del__
    self._shutdown_workers()
  File "/workspace/reseach1/.venv-server/lib/python3.12/site-packages/torch/utils/data/dataloader.py", line 1647, in _shutdown_workers
    if w.is_alive():
       ^^^^^^^^^^^^
  File "/usr/lib/python3.12/multiprocessing/process.py", line 160, in is_alive
    self._shutdown_workers()
    assert self._parent_pid == os.getpid(), 'can only test a child process'
  File "/workspace/reseach1/.venv-server/lib/python3.12/site-packages/torch/utils/data/dataloader.py", line 1647, in _shutdown_workers
           ^^^^^^^^^^^^^^^^^^^^^^^^^^^^^^^
AssertionError: can only test a child process
    if w.is_alive():
       ^^^^^^^^^^^^
  File "/usr/lib/python3.12/multiprocessing/process.py", line 160, in is_alive
    assert self._parent_pid == os.getpid(), 'can only test a child process'
           ^^^^^^^^^^^^^^^^^^^^^^^^^^^^^^^
AssertionError: can only test a child process
Exception ignored in: <function _MultiProcessingDataLoaderIter.__del__ at 0x7fc7e4013ce0>
Traceback (most recent call last):
  File "/workspace/reseach1/.venv-server/lib/python3.12/site-packages/torch/utils/data/dataloader.py", line 1664, in __del__
    self._shutdown_workers()
  File "/workspace/reseach1/.venv-server/lib/python3.12/site-packages/torch/utils/data/dataloader.py", line 1647, in _shutdown_workers
    if w.is_alive():
       ^^^^^^^^^^^^
  File "/usr/lib/python3.12/multiprocessing/process.py", line 160, in is_alive
    assert self._parent_pid == os.getpid(), 'can only test a child process'
           ^^^^^^^^^^^^^^^^^^^^^^^^^^^^^^^
AssertionError: can only test a child process
Exception ignored in: <function _MultiProcessingDataLoaderIter.__del__ at 0x7fc7e4013ce0>
Traceback (most recent call last):
  File "/workspace/reseach1/.venv-server/lib/python3.12/site-packages/torch/utils/data/dataloader.py", line 1664, in __del__
    self._shutdown_workers()
  File "/workspace/reseach1/.venv-server/lib/python3.12/site-packages/torch/utils/data/dataloader.py", line 1647, in _shutdown_workers
    if w.is_alive():
       ^^^^^^^^^^^^
  File "/usr/lib/python3.12/multiprocessing/process.py", line 160, in is_alive
    assert self._parent_pid == os.getpid(), 'can only test a child process'
           ^^^^^^^^^^^^^^^^^^^^^^^^^^^^^^^
AssertionError: can only test a child process
Exception ignored in: <function _MultiProcessingDataLoaderIter.__del__ at 0x7fc7e4013ce0>
Traceback (most recent call last):
  File "/workspace/reseach1/.venv-server/lib/python3.12/site-packages/torch/utils/data/dataloader.py", line 1664, in __del__
    self._shutdown_workers()
  File "/workspace/reseach1/.venv-server/lib/python3.12/site-packages/torch/utils/data/dataloader.py", line 1647, in _shutdown_workers
    if w.is_alive():
       ^^^^^^^^^^^^
  File "/usr/lib/python3.12/multiprocessing/process.py", line 160, in is_alive
    assert self._parent_pid == os.getpid(), 'can only test a child process'
           ^^^^^^^^^^^^^^^^^^^^^^^^^^^^^^^
AssertionError: can only test a child process
Exception ignored in: <function _MultiProcessingDataLoaderIter.__del__ at 0x7fc7e4013ce0>
Traceback (most recent call last):
  File "/workspace/reseach1/.venv-server/lib/python3.12/site-packages/torch/utils/data/dataloader.py", line 1664, in __del__
    self._shutdown_workers()
  File "/workspace/reseach1/.venv-server/lib/python3.12/site-packages/torch/utils/data/dataloader.py", line 1647, in _shutdown_workers
    if w.is_alive():
       ^^^^^^^^^^^^
  File "/usr/lib/python3.12/multiprocessing/process.py", line 160, in is_alive
    assert self._parent_pid == os.getpid(), 'can only test a child process'
           ^^^^^^^^^^^^^^^^^^^^^^^^^^^^^^^
AssertionError: can only test a child process
Exception ignored in: <function _MultiProcessingDataLoaderIter.__del__ at 0x7fc7e4013ce0>
Traceback (most recent call last):
  File "/workspace/reseach1/.venv-server/lib/python3.12/site-packages/torch/utils/data/dataloader.py", line 1664, in __del__
    self._shutdown_workers()
  File "/workspace/reseach1/.venv-server/lib/python3.12/site-packages/torch/utils/data/dataloader.py", line 1647, in _shutdown_workers
    if w.is_alive():
       ^^^^^^^^^^^^
  File "/usr/lib/python3.12/multiprocessing/process.py", line 160, in is_alive
    assert self._parent_pid == os.getpid(), 'can only test a child process'
           ^^^^^^^^^^^^^^^^^^^^^^^^^^^^^^^
AssertionError: can only test a child process
Exception ignored in: <function _MultiProcessingDataLoaderIter.__del__ at 0x7fc7e4013ce0>
Traceback (most recent call last):
  File "/workspace/reseach1/.venv-server/lib/python3.12/site-packages/torch/utils/data/dataloader.py", line 1664, in __del__
    self._shutdown_workers()
  File "/workspace/reseach1/.venv-server/lib/python3.12/site-packages/torch/utils/data/dataloader.py", line 1647, in _shutdown_workers
    if w.is_alive():
       ^^^^^^^^^^^^
  File "/usr/lib/python3.12/multiprocessing/process.py", line 160, in is_alive
    assert self._parent_pid == os.getpid(), 'can only test a child process'
           ^^^^^^^^^^^^^^^^^^^^^^^^^^^^^^^
AssertionError: can only test a child process
Exception ignored in: <function _MultiProcessingDataLoaderIter.__del__ at 0x7fc7e4013ce0>
Traceback (most recent call last):
  File "/workspace/reseach1/.venv-server/lib/python3.12/site-packages/torch/utils/data/dataloader.py", line 1664, in __del__
    self._shutdown_workers()
  File "/workspace/reseach1/.venv-server/lib/python3.12/site-packages/torch/utils/data/dataloader.py", line 1647, in _shutdown_workers
    if w.is_alive():
       ^^^^^^^^^^^^
  File "/usr/lib/python3.12/multiprocessing/process.py", line 160, in is_alive
    assert self._parent_pid == os.getpid(), 'can only test a child process'
           ^^^^^^^^^^^^^^^^^^^^^^^^^^^^^^^
AssertionError: can only test a child process
Exception ignored in: <function _MultiProcessingDataLoaderIter.__del__ at 0x7fc7e4013ce0>
Traceback (most recent call last):
  File "/workspace/reseach1/.venv-server/lib/python3.12/site-packages/torch/utils/data/dataloader.py", line 1664, in __del__
    self._shutdown_workers()
  File "/workspace/reseach1/.venv-server/lib/python3.12/site-packages/torch/utils/data/dataloader.py", line 1647, in _shutdown_workers
Exception ignored in: <function _MultiProcessingDataLoaderIter.__del__ at 0x7fc7e4013ce0>    
if w.is_alive():Traceback (most recent call last):

  File "/workspace/reseach1/.venv-server/lib/python3.12/site-packages/torch/utils/data/dataloader.py", line 1664, in __del__
       ^^^^^^^^^^^^
  File "/usr/lib/python3.12/multiprocessing/process.py", line 160, in is_alive
    assert self._parent_pid == os.getpid(), 'can only test a child process'
           ^^^^^^^^^^^^^^^^^^^^^^^^^^^^^^^
AssertionError: can only test a child process
    self._shutdown_workers()
  File "/workspace/reseach1/.venv-server/lib/python3.12/site-packages/torch/utils/data/dataloader.py", line 1647, in _shutdown_workers
    if w.is_alive():
       ^^^^^^^^^^^^
  File "/usr/lib/python3.12/multiprocessing/process.py", line 160, in is_alive
    assert self._parent_pid == os.getpid(), 'can only test a child process'
           ^^^^^^^^^^^^^^^^^^^^^^^^^^^^^^^
AssertionError: can only test a child process
Exception ignored in: <function _MultiProcessingDataLoaderIter.__del__ at 0x7fc7e4013ce0>
Traceback (most recent call last):
  File "/workspace/reseach1/.venv-server/lib/python3.12/site-packages/torch/utils/data/dataloader.py", line 1664, in __del__
    self._shutdown_workers()
  File "/workspace/reseach1/.venv-server/lib/python3.12/site-packages/torch/utils/data/dataloader.py", line 1647, in _shutdown_workers
    if w.is_alive():
       ^^^^^^^^^^^^
  File "/usr/lib/python3.12/multiprocessing/process.py", line 160, in is_alive
    assert self._parent_pid == os.getpid(), 'can only test a child process'
           ^^^^^^^^^^^^^^^^^^^^^^^^^^^^^^^
AssertionError: can only test a child process
Exception ignored in: <function _MultiProcessingDataLoaderIter.__del__ at 0x7fc7e4013ce0>
Traceback (most recent call last):
  File "/workspace/reseach1/.venv-server/lib/python3.12/site-packages/torch/utils/data/dataloader.py", line 1664, in __del__
    self._shutdown_workers()
  File "/workspace/reseach1/.venv-server/lib/python3.12/site-packages/torch/utils/data/dataloader.py", line 1647, in _shutdown_workers
    if w.is_alive():
       ^^^^^^^^^^^^
  File "/usr/lib/python3.12/multiprocessing/process.py", line 160, in is_alive
    assert self._parent_pid == os.getpid(), 'can only test a child process'
           ^^^^^^^^^^^^^^^^^^^^^^^^^^^^^^^
AssertionError: can only test a child process
Exception ignored in: <function _MultiProcessingDataLoaderIter.__del__ at 0x7fc7e4013ce0>
Traceback (most recent call last):
  File "/workspace/reseach1/.venv-server/lib/python3.12/site-packages/torch/utils/data/dataloader.py", line 1664, in __del__
    self._shutdown_workers()
  File "/workspace/reseach1/.venv-server/lib/python3.12/site-packages/torch/utils/data/dataloader.py", line 1647, in _shutdown_workers
    if w.is_alive():
       ^^^^^^^^^^^^
  File "/usr/lib/python3.12/multiprocessing/process.py", line 160, in is_alive
    assert self._parent_pid == os.getpid(), 'can only test a child process'
           ^^^^^^^^^^^^^^^^^^^^^^^^^^^^^^^
AssertionError: can only test a child process
edge_mlp seed=33 step=6455 epoch=1 loss=0.0363 val_macro_f1=0.8158
edge_mlp seed=33 step=8069 epoch=2 loss=0.0102 val_macro_f1=0.8823
edge_mlp seed=33 step=9683 epoch=2 loss=0.0108 val_macro_f1=0.8176
edge_mlp seed=33 step=11297 epoch=2 loss=0.0082 val_macro_f1=0.9062
edge_mlp seed=33 step=12910 epoch=2 loss=0.0096 val_macro_f1=0.8778
DONE NF-BoT-IoT-v2__binary__edge_mlp__seed33 test_macro_f1=0.9071 seconds=350.8
START NF-BoT-IoT-v2__binary__sage__seed11
sage seed=11 step=6455 epoch=1 loss=0.4792 val_macro_f1=0.6016
sage seed=11 step=8069 epoch=2 loss=0.5892 val_macro_f1=0.3994
sage seed=11 step=9683 epoch=2 loss=0.7537 val_macro_f1=0.4481
sage seed=11 step=11297 epoch=2 loss=1.1591 val_macro_f1=0.4711
sage seed=11 step=12910 epoch=2 loss=2.0221 val_macro_f1=0.1751
DONE NF-BoT-IoT-v2__binary__sage__seed11 test_macro_f1=0.8043 seconds=546.1
START NF-BoT-IoT-v2__binary__sage__seed22
sage seed=22 step=6455 epoch=1 loss=0.4072 val_macro_f1=0.6218
sage seed=22 step=8069 epoch=2 loss=0.3665 val_macro_f1=0.6056
sage seed=22 step=9683 epoch=2 loss=0.3667 val_macro_f1=0.5661
sage seed=22 step=11297 epoch=2 loss=0.3886 val_macro_f1=0.7143
sage seed=22 step=12910 epoch=2 loss=0.9349 val_macro_f1=0.5433
DONE NF-BoT-IoT-v2__binary__sage__seed22 test_macro_f1=0.7836 seconds=538.8
START NF-BoT-IoT-v2__binary__sage__seed33
sage seed=33 step=6455 epoch=1 loss=0.4229 val_macro_f1=0.6464
sage seed=33 step=8069 epoch=2 loss=0.5256 val_macro_f1=0.6212
sage seed=33 step=9683 epoch=2 loss=0.7032 val_macro_f1=0.4788
sage seed=33 step=11297 epoch=2 loss=0.8937 val_macro_f1=0.5237
sage seed=33 step=12910 epoch=2 loss=1.2282 val_macro_f1=0.4286
DONE NF-BoT-IoT-v2__binary__sage__seed33 test_macro_f1=0.8113 seconds=547.2
START NF-BoT-IoT-v2__binary__sage_edge__seed11
sage_edge seed=11 step=6455 epoch=1 loss=0.0326 val_macro_f1=0.7856
sage_edge seed=11 step=8069 epoch=2 loss=0.0369 val_macro_f1=0.9065
sage_edge seed=11 step=9683 epoch=2 loss=0.0336 val_macro_f1=0.8161
sage_edge seed=11 step=11297 epoch=2 loss=0.0175 val_macro_f1=0.8612
sage_edge seed=11 step=12910 epoch=2 loss=0.0241 val_macro_f1=0.8560
DONE NF-BoT-IoT-v2__binary__sage_edge__seed11 test_macro_f1=0.9142 seconds=547.7
START NF-BoT-IoT-v2__binary__sage_edge__seed22
sage_edge seed=22 step=6455 epoch=1 loss=0.0358 val_macro_f1=0.8342
sage_edge seed=22 step=8069 epoch=2 loss=0.0222 val_macro_f1=0.8556
sage_edge seed=22 step=9683 epoch=2 loss=0.0142 val_macro_f1=0.8648
sage_edge seed=22 step=11297 epoch=2 loss=0.0153 val_macro_f1=0.8175
sage_edge seed=22 step=12910 epoch=2 loss=0.0144 val_macro_f1=0.8470
DONE NF-BoT-IoT-v2__binary__sage_edge__seed22 test_macro_f1=0.8794 seconds=546.2
START NF-BoT-IoT-v2__binary__sage_edge__seed33
sage_edge seed=33 step=6455 epoch=1 loss=0.0379 val_macro_f1=0.7906
sage_edge seed=33 step=8069 epoch=2 loss=0.0291 val_macro_f1=0.8562
sage_edge seed=33 step=9683 epoch=2 loss=0.0161 val_macro_f1=0.8437
sage_edge seed=33 step=11297 epoch=2 loss=0.0177 val_macro_f1=0.8392
sage_edge seed=33 step=12910 epoch=2 loss=0.0165 val_macro_f1=0.8281
DONE NF-BoT-IoT-v2__binary__sage_edge__seed33 test_macro_f1=0.8596 seconds=542.9
START NF-ToN-IoT-v2__multiclass__edge_mlp__seed11
Exception ignored in: <function _MultiProcessingDataLoaderIter.__del__ at 0x7fc7e4013ce0>
Traceback (most recent call last):
  File "/workspace/reseach1/.venv-server/lib/python3.12/site-packages/torch/utils/data/dataloader.py", line 1664, in __del__
    self._shutdown_workers()
  File "/workspace/reseach1/.venv-server/lib/python3.12/site-packages/torch/utils/data/dataloader.py", line 1647, in _shutdown_workers
    if w.is_alive():
       ^^^^^^^^^^^^
  File "/usr/lib/python3.12/multiprocessing/process.py", line 160, in is_alive
    assert self._parent_pid == os.getpid(), 'can only test a child process'
           ^^^^^^^^^^^^^^^^^^^^^^^^^^^^^^^
AssertionError: can only test a child process
Exception ignored in: <function _MultiProcessingDataLoaderIter.__del__ at 0x7fc7e4013ce0>
Traceback (most recent call last):
  File "/workspace/reseach1/.venv-server/lib/python3.12/site-packages/torch/utils/data/dataloader.py", line 1664, in __del__
    self._shutdown_workers()
  File "/workspace/reseach1/.venv-server/lib/python3.12/site-packages/torch/utils/data/dataloader.py", line 1647, in _shutdown_workers
    if w.is_alive():
       ^^^^^^^^^^^^
  File "/usr/lib/python3.12/multiprocessing/process.py", line 160, in is_alive
    assert self._parent_pid == os.getpid(), 'can only test a child process'
           ^^^^^^^^^^^^^^^^^^^^^^^^^^^^^^^
AssertionError: can only test a child process
Exception ignored in: <function _MultiProcessingDataLoaderIter.__del__ at 0x7fc7e4013ce0>
Traceback (most recent call last):
  File "/workspace/reseach1/.venv-server/lib/python3.12/site-packages/torch/utils/data/dataloader.py", line 1664, in __del__
    self._shutdown_workers()
  File "/workspace/reseach1/.venv-server/lib/python3.12/site-packages/torch/utils/data/dataloader.py", line 1647, in _shutdown_workers
    if w.is_alive():
       ^^^^^^^^^^^^
  File "/usr/lib/python3.12/multiprocessing/process.py", line 160, in is_alive
    assert self._parent_pid == os.getpid(), 'can only test a child process'
           ^^^^^^^^^^^^^^^^^^^^^^^^^^^^^^^
AssertionError: can only test a child process
Exception ignored in: <function _MultiProcessingDataLoaderIter.__del__ at 0x7fc7e4013ce0>
Traceback (most recent call last):
  File "/workspace/reseach1/.venv-server/lib/python3.12/site-packages/torch/utils/data/dataloader.py", line 1664, in __del__
    self._shutdown_workers()
  File "/workspace/reseach1/.venv-server/lib/python3.12/site-packages/torch/utils/data/dataloader.py", line 1647, in _shutdown_workers
    if w.is_alive():
       ^^^^^^^^^^^^
  File "/usr/lib/python3.12/multiprocessing/process.py", line 160, in is_alive
    assert self._parent_pid == os.getpid(), 'can only test a child process'
           ^^^^^^^^^^^^^^^^^^^^^^^^^^^^^^^
AssertionError: can only test a child process
edge_mlp seed=11 step=2896 epoch=1 loss=0.7100 val_macro_f1=0.6490
edge_mlp seed=11 step=3620 epoch=2 loss=0.5229 val_macro_f1=0.6711
edge_mlp seed=11 step=4344 epoch=2 loss=0.5116 val_macro_f1=0.6869
edge_mlp seed=11 step=5068 epoch=2 loss=0.4906 val_macro_f1=0.7031
edge_mlp seed=11 step=5792 epoch=2 loss=0.4615 val_macro_f1=0.6991
DONE NF-ToN-IoT-v2__multiclass__edge_mlp__seed11 test_macro_f1=0.7029 seconds=155.8
START NF-ToN-IoT-v2__multiclass__edge_mlp__seed22
Exception ignored in: <function _MultiProcessingDataLoaderIter.__del__ at 0x7fc7e4013ce0>
Traceback (most recent call last):
  File "/workspace/reseach1/.venv-server/lib/python3.12/site-packages/torch/utils/data/dataloader.py", line 1664, in __del__
    self._shutdown_workers()
  File "/workspace/reseach1/.venv-server/lib/python3.12/site-packages/torch/utils/data/dataloader.py", line 1647, in _shutdown_workers
    if w.is_alive():
       ^^^^^^^^^^^^
  File "/usr/lib/python3.12/multiprocessing/process.py", line 160, in is_alive
    assert self._parent_pid == os.getpid(), 'can only test a child process'
           ^^^^^^^^^^^^^^^^^^^^^^^^^^^^^^^
AssertionError: can only test a child process
Exception ignored in: <function _MultiProcessingDataLoaderIter.__del__ at 0x7fc7e4013ce0>
Traceback (most recent call last):
  File "/workspace/reseach1/.venv-server/lib/python3.12/site-packages/torch/utils/data/dataloader.py", line 1664, in __del__
    self._shutdown_workers()
  File "/workspace/reseach1/.venv-server/lib/python3.12/site-packages/torch/utils/data/dataloader.py", line 1647, in _shutdown_workers
    if w.is_alive():
       ^^^^^^^^^^^^
  File "/usr/lib/python3.12/multiprocessing/process.py", line 160, in is_alive
    assert self._parent_pid == os.getpid(), 'can only test a child process'
           ^^^^^^^^^^^^^^^^^^^^^^^^^^^^^^^
AssertionError: can only test a child process
Exception ignored in: Exception ignored in: <function _MultiProcessingDataLoaderIter.__del__ at 0x7fc7e4013ce0><function _MultiProcessingDataLoaderIter.__del__ at 0x7fc7e4013ce0>

Traceback (most recent call last):
Traceback (most recent call last):
  File "/workspace/reseach1/.venv-server/lib/python3.12/site-packages/torch/utils/data/dataloader.py", line 1664, in __del__
  File "/workspace/reseach1/.venv-server/lib/python3.12/site-packages/torch/utils/data/dataloader.py", line 1664, in __del__
        self._shutdown_workers()
self._shutdown_workers()
  File "/workspace/reseach1/.venv-server/lib/python3.12/site-packages/torch/utils/data/dataloader.py", line 1647, in _shutdown_workers
  File "/workspace/reseach1/.venv-server/lib/python3.12/site-packages/torch/utils/data/dataloader.py", line 1647, in _shutdown_workers
    if w.is_alive():
       ^^^^^^^^^^^^
  File "/usr/lib/python3.12/multiprocessing/process.py", line 160, in is_alive
    assert self._parent_pid == os.getpid(), 'can only test a child process'
           ^^^^^^^^^^^^^^^^^^^^^^^^^^^^^^^
AssertionError: can only test a child process
    if w.is_alive():
       ^^^^^^^^^^^^
  File "/usr/lib/python3.12/multiprocessing/process.py", line 160, in is_alive
    assert self._parent_pid == os.getpid(), 'can only test a child process'
           ^^^^^^^^^^^^^^^^^^^^^^^^^^^^^^^
AssertionError: can only test a child process
edge_mlp seed=22 step=2896 epoch=1 loss=0.6996 val_macro_f1=0.6588
edge_mlp seed=22 step=3620 epoch=2 loss=0.5156 val_macro_f1=0.6537
edge_mlp seed=22 step=4344 epoch=2 loss=0.5141 val_macro_f1=0.6827
edge_mlp seed=22 step=5068 epoch=2 loss=0.4768 val_macro_f1=0.7054
edge_mlp seed=22 step=5792 epoch=2 loss=0.4602 val_macro_f1=0.7065
DONE NF-ToN-IoT-v2__multiclass__edge_mlp__seed22 test_macro_f1=0.7060 seconds=156.9
START NF-ToN-IoT-v2__multiclass__edge_mlp__seed33
Exception ignored in: <function _MultiProcessingDataLoaderIter.__del__ at 0x7fc7e4013ce0>
Traceback (most recent call last):
  File "/workspace/reseach1/.venv-server/lib/python3.12/site-packages/torch/utils/data/dataloader.py", line 1664, in __del__
    self._shutdown_workers()
  File "/workspace/reseach1/.venv-server/lib/python3.12/site-packages/torch/utils/data/dataloader.py", line 1647, in _shutdown_workers
    if w.is_alive():
       ^^^^^^^^^^^^
  File "/usr/lib/python3.12/multiprocessing/process.py", line 160, in is_alive
    assert self._parent_pid == os.getpid(), 'can only test a child process'
           ^^^^^^^^^^^^^^^^^^^^^^^^^^^^^^^
AssertionError: can only test a child process
Exception ignored in: <function _MultiProcessingDataLoaderIter.__del__ at 0x7fc7e4013ce0>
Traceback (most recent call last):
  File "/workspace/reseach1/.venv-server/lib/python3.12/site-packages/torch/utils/data/dataloader.py", line 1664, in __del__
    self._shutdown_workers()
  File "/workspace/reseach1/.venv-server/lib/python3.12/site-packages/torch/utils/data/dataloader.py", line 1647, in _shutdown_workers
    if w.is_alive():
       ^^^^^^^^^^^^
  File "/usr/lib/python3.12/multiprocessing/process.py", line 160, in is_alive
    assert self._parent_pid == os.getpid(), 'can only test a child process'
           ^^^^^^^^^^^^^^^^^^^^^^^^^^^^^^^
AssertionError: can only test a child process
Exception ignored in: <function _MultiProcessingDataLoaderIter.__del__ at 0x7fc7e4013ce0>
Traceback (most recent call last):
  File "/workspace/reseach1/.venv-server/lib/python3.12/site-packages/torch/utils/data/dataloader.py", line 1664, in __del__
Exception ignored in: <function _MultiProcessingDataLoaderIter.__del__ at 0x7fc7e4013ce0>
Traceback (most recent call last):
  File "/workspace/reseach1/.venv-server/lib/python3.12/site-packages/torch/utils/data/dataloader.py", line 1664, in __del__
    self._shutdown_workers()
  File "/workspace/reseach1/.venv-server/lib/python3.12/site-packages/torch/utils/data/dataloader.py", line 1647, in _shutdown_workers
    self._shutdown_workers()
    if w.is_alive():
  File "/workspace/reseach1/.venv-server/lib/python3.12/site-packages/torch/utils/data/dataloader.py", line 1647, in _shutdown_workers
       ^^^^^^^^^^^^
  File "/usr/lib/python3.12/multiprocessing/process.py", line 160, in is_alive
    assert self._parent_pid == os.getpid(), 'can only test a child process'
           ^^^^^^^^^^^^^^^^^^^^^^^^^^^^^^^
AssertionError: can only test a child process
    if w.is_alive():
       ^^^^^^^^^^^^
  File "/usr/lib/python3.12/multiprocessing/process.py", line 160, in is_alive
    assert self._parent_pid == os.getpid(), 'can only test a child process'
           ^^^^^^^^^^^^^^^^^^^^^^^^^^^^^^^
AssertionError: can only test a child process
edge_mlp seed=33 step=2896 epoch=1 loss=0.7016 val_macro_f1=0.6537
edge_mlp seed=33 step=3620 epoch=2 loss=0.5165 val_macro_f1=0.6625
edge_mlp seed=33 step=4344 epoch=2 loss=0.5058 val_macro_f1=0.6697
edge_mlp seed=33 step=5068 epoch=2 loss=0.4833 val_macro_f1=0.7042
edge_mlp seed=33 step=5792 epoch=2 loss=0.4921 val_macro_f1=0.6894
DONE NF-ToN-IoT-v2__multiclass__edge_mlp__seed33 test_macro_f1=0.7038 seconds=160.8
START NF-ToN-IoT-v2__multiclass__sage__seed11
sage seed=11 step=2896 epoch=1 loss=0.4313 val_macro_f1=0.7154
sage seed=11 step=3620 epoch=2 loss=0.3297 val_macro_f1=0.7185
sage seed=11 step=4344 epoch=2 loss=0.3261 val_macro_f1=0.6819
sage seed=11 step=5068 epoch=2 loss=0.3230 val_macro_f1=0.6777
sage seed=11 step=5792 epoch=2 loss=0.3205 val_macro_f1=0.7199
DONE NF-ToN-IoT-v2__multiclass__sage__seed11 test_macro_f1=0.7458 seconds=440.6
START NF-ToN-IoT-v2__multiclass__sage__seed22
sage seed=22 step=2896 epoch=1 loss=0.4337 val_macro_f1=0.6969
sage seed=22 step=3620 epoch=2 loss=0.3243 val_macro_f1=0.6826
sage seed=22 step=4344 epoch=2 loss=0.3283 val_macro_f1=0.6999
sage seed=22 step=5068 epoch=2 loss=0.3313 val_macro_f1=0.7041
sage seed=22 step=5792 epoch=2 loss=0.3104 val_macro_f1=0.6990
DONE NF-ToN-IoT-v2__multiclass__sage__seed22 test_macro_f1=0.7439 seconds=440.7
START NF-ToN-IoT-v2__multiclass__sage__seed33
sage seed=33 step=2896 epoch=1 loss=0.4329 val_macro_f1=0.7161
sage seed=33 step=3620 epoch=2 loss=0.3400 val_macro_f1=0.7150
sage seed=33 step=4344 epoch=2 loss=0.3316 val_macro_f1=0.6457
sage seed=33 step=5068 epoch=2 loss=0.3253 val_macro_f1=0.6885
sage seed=33 step=5792 epoch=2 loss=0.3074 val_macro_f1=0.6911
DONE NF-ToN-IoT-v2__multiclass__sage__seed33 test_macro_f1=0.7560 seconds=440.9
START NF-ToN-IoT-v2__multiclass__sage_edge__seed11
sage_edge seed=11 step=2896 epoch=1 loss=0.4090 val_macro_f1=0.7367
sage_edge seed=11 step=3620 epoch=2 loss=0.3149 val_macro_f1=0.7150
sage_edge seed=11 step=4344 epoch=2 loss=0.2948 val_macro_f1=0.6879
sage_edge seed=11 step=5068 epoch=2 loss=0.2865 val_macro_f1=0.7127
sage_edge seed=11 step=5792 epoch=2 loss=0.2906 val_macro_f1=0.7480
DONE NF-ToN-IoT-v2__multiclass__sage_edge__seed11 test_macro_f1=0.7711 seconds=446.5
START NF-ToN-IoT-v2__multiclass__sage_edge__seed22
sage_edge seed=22 step=2896 epoch=1 loss=0.4128 val_macro_f1=0.7367
sage_edge seed=22 step=3620 epoch=2 loss=0.2967 val_macro_f1=0.7065
sage_edge seed=22 step=4344 epoch=2 loss=0.3064 val_macro_f1=0.7026
sage_edge seed=22 step=5068 epoch=2 loss=0.2886 val_macro_f1=0.7265
sage_edge seed=22 step=5792 epoch=2 loss=0.2798 val_macro_f1=0.7360
DONE NF-ToN-IoT-v2__multiclass__sage_edge__seed22 test_macro_f1=0.7659 seconds=526.5
START NF-ToN-IoT-v2__multiclass__sage_edge__seed33
Exception ignored in: <function _MultiProcessingDataLoaderIter.__del__ at 0x7fc7e4013ce0>
Traceback (most recent call last):
  File "/workspace/reseach1/.venv-server/lib/python3.12/site-packages/torch/utils/data/dataloader.py", line 1664, in __del__
    self._shutdown_workers()
  File "/workspace/reseach1/.venv-server/lib/python3.12/site-packages/torch/utils/data/dataloader.py", line 1647, in _shutdown_workers
    if w.is_alive():
       ^^^^^^^^^^^^
  File "/usr/lib/python3.12/multiprocessing/process.py", line 160, in is_alive
    assert self._parent_pid == os.getpid(), 'can only test a child process'
           ^^^^^^^^^^^^^^^^^^^^^^^^^^^^^^^
AssertionError: can only test a child process
Exception ignored in: <function _MultiProcessingDataLoaderIter.__del__ at 0x7fc7e4013ce0>
Traceback (most recent call last):
  File "/workspace/reseach1/.venv-server/lib/python3.12/site-packages/torch/utils/data/dataloader.py", line 1664, in __del__
    self._shutdown_workers()
  File "/workspace/reseach1/.venv-server/lib/python3.12/site-packages/torch/utils/data/dataloader.py", line 1647, in _shutdown_workers
    if w.is_alive():
       ^^^^^^^^^^^^
  File "/usr/lib/python3.12/multiprocessing/process.py", line 160, in is_alive
    assert self._parent_pid == os.getpid(), 'can only test a child process'
           ^^^^^^^^^^^^^^^^^^^^^^^^^^^^^^^
AssertionError: can only test a child process
Exception ignored in: <function _MultiProcessingDataLoaderIter.__del__ at 0x7fc7e4013ce0>
Traceback (most recent call last):
  File "/workspace/reseach1/.venv-server/lib/python3.12/site-packages/torch/utils/data/dataloader.py", line 1664, in __del__
    self._shutdown_workers()
  File "/workspace/reseach1/.venv-server/lib/python3.12/site-packages/torch/utils/data/dataloader.py", line 1647, in _shutdown_workers
    if w.is_alive():
       ^^^^^^^^^^^^
  File "/usr/lib/python3.12/multiprocessing/process.py", line 160, in is_alive
    assert self._parent_pid == os.getpid(), 'can only test a child process'
           ^^^^^^^^^^^^^^^^^^^^^^^^^^^^^^^
AssertionError: can only test a child process
Exception ignored in: <function _MultiProcessingDataLoaderIter.__del__ at 0x7fc7e4013ce0>
Traceback (most recent call last):
  File "/workspace/reseach1/.venv-server/lib/python3.12/site-packages/torch/utils/data/dataloader.py", line 1664, in __del__
    self._shutdown_workers()
  File "/workspace/reseach1/.venv-server/lib/python3.12/site-packages/torch/utils/data/dataloader.py", line 1647, in _shutdown_workers
    if w.is_alive():
       ^^^^^^^^^^^^
  File "/usr/lib/python3.12/multiprocessing/process.py", line 160, in is_alive
    assert self._parent_pid == os.getpid(), 'can only test a child process'
           ^^^^^^^^^^^^^^^^^^^^^^^^^^^^^^^
AssertionError: can only test a child process
Exception ignored in: <function _MultiProcessingDataLoaderIter.__del__ at 0x7fc7e4013ce0>
Traceback (most recent call last):
  File "/workspace/reseach1/.venv-server/lib/python3.12/site-packages/torch/utils/data/dataloader.py", line 1664, in __del__
    self._shutdown_workers()
  File "/workspace/reseach1/.venv-server/lib/python3.12/site-packages/torch/utils/data/dataloader.py", line 1647, in _shutdown_workers
    if w.is_alive():
       ^^^^^^^^^^^^
  File "/usr/lib/python3.12/multiprocessing/process.py", line 160, in is_alive
    assert self._parent_pid == os.getpid(), 'can only test a child process'
           ^^^^^^^^^^^^^^^^^^^^^^^^^^^^^^^
AssertionError: can only test a child process
Exception ignored in: <function _MultiProcessingDataLoaderIter.__del__ at 0x7fc7e4013ce0>
Traceback (most recent call last):
  File "/workspace/reseach1/.venv-server/lib/python3.12/site-packages/torch/utils/data/dataloader.py", line 1664, in __del__
    self._shutdown_workers()
  File "/workspace/reseach1/.venv-server/lib/python3.12/site-packages/torch/utils/data/dataloader.py", line 1647, in _shutdown_workers
    if w.is_alive():
       ^^^^^^^^^^^^
  File "/usr/lib/python3.12/multiprocessing/process.py", line 160, in is_alive
    assert self._parent_pid == os.getpid(), 'can only test a child process'
           ^^^^^^^^^^^^^^^^^^^^^^^^^^^^^^^
AssertionError: can only test a child process
sage_edge seed=33 step=2896 epoch=1 loss=0.4114 val_macro_f1=0.7179
sage_edge seed=33 step=3620 epoch=2 loss=0.3027 val_macro_f1=0.7110
sage_edge seed=33 step=4344 epoch=2 loss=0.2927 val_macro_f1=0.7284
sage_edge seed=33 step=5068 epoch=2 loss=0.2926 val_macro_f1=0.7081
sage_edge seed=33 step=5792 epoch=2 loss=0.2754 val_macro_f1=0.7375
DONE NF-ToN-IoT-v2__multiclass__sage_edge__seed33 test_macro_f1=0.7708 seconds=455.1
START NF-ToN-IoT-v2__binary__edge_mlp__seed11
Exception ignored in: <function _MultiProcessingDataLoaderIter.__del__ at 0x7fc7e4013ce0>
Traceback (most recent call last):
  File "/workspace/reseach1/.venv-server/lib/python3.12/site-packages/torch/utils/data/dataloader.py", line 1664, in __del__
    self._shutdown_workers()
  File "/workspace/reseach1/.venv-server/lib/python3.12/site-packages/torch/utils/data/dataloader.py", line 1647, in _shutdown_workers
    if w.is_alive():
       ^^^^^^^^^^^^
  File "/usr/lib/python3.12/multiprocessing/process.py", line 160, in is_alive
    assert self._parent_pid == os.getpid(), 'can only test a child process'
           ^^^^^^^^^^^^^^^^^^^^^^^^^^^^^^^
AssertionError: can only test a child process
Exception ignored in: <function _MultiProcessingDataLoaderIter.__del__ at 0x7fc7e4013ce0>
Traceback (most recent call last):
  File "/workspace/reseach1/.venv-server/lib/python3.12/site-packages/torch/utils/data/dataloader.py", line 1664, in __del__
    self._shutdown_workers()
  File "/workspace/reseach1/.venv-server/lib/python3.12/site-packages/torch/utils/data/dataloader.py", line 1647, in _shutdown_workers
    if w.is_alive():
       ^^^^^^^^^^^^
  File "/usr/lib/python3.12/multiprocessing/process.py", line 160, in is_alive
    assert self._parent_pid == os.getpid(), 'can only test a child process'
           ^^^^^^^^^^^^^^^^^^^^^^^^^^^^^^^
AssertionError: can only test a child process
Exception ignored in: <function _MultiProcessingDataLoaderIter.__del__ at 0x7fc7e4013ce0>
Traceback (most recent call last):
  File "/workspace/reseach1/.venv-server/lib/python3.12/site-packages/torch/utils/data/dataloader.py", line 1664, in __del__
    self._shutdown_workers()
  File "/workspace/reseach1/.venv-server/lib/python3.12/site-packages/torch/utils/data/dataloader.py", line 1647, in _shutdown_workers
    if w.is_alive():
       ^^^^^^^^^^^^
  File "/usr/lib/python3.12/multiprocessing/process.py", line 160, in is_alive
    assert self._parent_pid == os.getpid(), 'can only test a child process'
           ^^^^^^^^^^^^^^^^^^^^^^^^^^^^^^^
AssertionError: can only test a child process
Exception ignored in: <function _MultiProcessingDataLoaderIter.__del__ at 0x7fc7e4013ce0>
Traceback (most recent call last):
  File "/workspace/reseach1/.venv-server/lib/python3.12/site-packages/torch/utils/data/dataloader.py", line 1664, in __del__
    self._shutdown_workers()
  File "/workspace/reseach1/.venv-server/lib/python3.12/site-packages/torch/utils/data/dataloader.py", line 1647, in _shutdown_workers
    if w.is_alive():
       ^^^^^^^^^^^^
  File "/usr/lib/python3.12/multiprocessing/process.py", line 160, in is_alive
    assert self._parent_pid == os.getpid(), 'can only test a child process'
           ^^^^^^^^^^^^^^^^^^^^^^^^^^^^^^^
AssertionError: can only test a child process
edge_mlp seed=11 step=2896 epoch=1 loss=0.1676 val_macro_f1=0.9678
edge_mlp seed=11 step=3620 epoch=2 loss=0.0984 val_macro_f1=0.9692
edge_mlp seed=11 step=4344 epoch=2 loss=0.0945 val_macro_f1=0.9704
edge_mlp seed=11 step=5068 epoch=2 loss=0.0904 val_macro_f1=0.9707
edge_mlp seed=11 step=5792 epoch=2 loss=0.0879 val_macro_f1=0.9702
DONE NF-ToN-IoT-v2__binary__edge_mlp__seed11 test_macro_f1=0.9705 seconds=136.8
START NF-ToN-IoT-v2__binary__edge_mlp__seed22
Exception ignored in: <function _MultiProcessingDataLoaderIter.__del__ at 0x7fc7e4013ce0>
Traceback (most recent call last):
  File "/workspace/reseach1/.venv-server/lib/python3.12/site-packages/torch/utils/data/dataloader.py", line 1664, in __del__
    self._shutdown_workers()
  File "/workspace/reseach1/.venv-server/lib/python3.12/site-packages/torch/utils/data/dataloader.py", line 1647, in _shutdown_workers
    if w.is_alive():
       ^^^^^^^^^^^^
  File "/usr/lib/python3.12/multiprocessing/process.py", line 160, in is_alive
    assert self._parent_pid == os.getpid(), 'can only test a child process'
           ^^^^^^^^^^^^^^^^^^^^^^^^^^^^^^^
AssertionError: can only test a child process
Exception ignored in: <function _MultiProcessingDataLoaderIter.__del__ at 0x7fc7e4013ce0>
Traceback (most recent call last):
  File "/workspace/reseach1/.venv-server/lib/python3.12/site-packages/torch/utils/data/dataloader.py", line 1664, in __del__
    self._shutdown_workers()
  File "/workspace/reseach1/.venv-server/lib/python3.12/site-packages/torch/utils/data/dataloader.py", line 1647, in _shutdown_workers
    if w.is_alive():
       ^^^^^^^^^^^^
  File "/usr/lib/python3.12/multiprocessing/process.py", line 160, in is_alive
    assert self._parent_pid == os.getpid(), 'can only test a child process'
           ^^^^^^^^^^^^^^^^^^^^^^^^^^^^^^^
AssertionError: can only test a child process
Exception ignored in: <function _MultiProcessingDataLoaderIter.__del__ at 0x7fc7e4013ce0>
Traceback (most recent call last):
  File "/workspace/reseach1/.venv-server/lib/python3.12/site-packages/torch/utils/data/dataloader.py", line 1664, in __del__
    self._shutdown_workers()
  File "/workspace/reseach1/.venv-server/lib/python3.12/site-packages/torch/utils/data/dataloader.py", line 1647, in _shutdown_workers
    if w.is_alive():
       ^^^^^^^^^^^^
  File "/usr/lib/python3.12/multiprocessing/process.py", line 160, in is_alive
    assert self._parent_pid == os.getpid(), 'can only test a child process'
           ^^^^^^^^^^^^^^^^^^^^^^^^^^^^^^^
AssertionError: can only test a child process
Exception ignored in: <function _MultiProcessingDataLoaderIter.__del__ at 0x7fc7e4013ce0>
Traceback (most recent call last):
  File "/workspace/reseach1/.venv-server/lib/python3.12/site-packages/torch/utils/data/dataloader.py", line 1664, in __del__
    self._shutdown_workers()
  File "/workspace/reseach1/.venv-server/lib/python3.12/site-packages/torch/utils/data/dataloader.py", line 1647, in _shutdown_workers
    if w.is_alive():
       ^^^^^^^^^^^^
  File "/usr/lib/python3.12/multiprocessing/process.py", line 160, in is_alive
    assert self._parent_pid == os.getpid(), 'can only test a child process'
           ^^^^^^^^^^^^^^^^^^^^^^^^^^^^^^^
AssertionError: can only test a child process
edge_mlp seed=22 step=2896 epoch=1 loss=0.1702 val_macro_f1=0.9685
edge_mlp seed=22 step=3620 epoch=2 loss=0.1004 val_macro_f1=0.9684
edge_mlp seed=22 step=4344 epoch=2 loss=0.0944 val_macro_f1=0.9698
edge_mlp seed=22 step=5068 epoch=2 loss=0.0912 val_macro_f1=0.9706
edge_mlp seed=22 step=5792 epoch=2 loss=0.0867 val_macro_f1=0.9706
DONE NF-ToN-IoT-v2__binary__edge_mlp__seed22 test_macro_f1=0.9705 seconds=144.9
START NF-ToN-IoT-v2__binary__edge_mlp__seed33
Exception ignored in: <function _MultiProcessingDataLoaderIter.__del__ at 0x7fc7e4013ce0>
Traceback (most recent call last):
  File "/workspace/reseach1/.venv-server/lib/python3.12/site-packages/torch/utils/data/dataloader.py", line 1664, in __del__
    self._shutdown_workers()
  File "/workspace/reseach1/.venv-server/lib/python3.12/site-packages/torch/utils/data/dataloader.py", line 1647, in _shutdown_workers
    if w.is_alive():
       ^^^^^^^^^^^^
  File "/usr/lib/python3.12/multiprocessing/process.py", line 160, in is_alive
    assert self._parent_pid == os.getpid(), 'can only test a child process'
           ^^^^^^^^^^^^^^^^^^^^^^^^^^^^^^^
AssertionError: can only test a child process
Exception ignored in: <function _MultiProcessingDataLoaderIter.__del__ at 0x7fc7e4013ce0>
Traceback (most recent call last):
  File "/workspace/reseach1/.venv-server/lib/python3.12/site-packages/torch/utils/data/dataloader.py", line 1664, in __del__
    self._shutdown_workers()
  File "/workspace/reseach1/.venv-server/lib/python3.12/site-packages/torch/utils/data/dataloader.py", line 1647, in _shutdown_workers
    if w.is_alive():
       ^^^^^^^^^^^^
  File "/usr/lib/python3.12/multiprocessing/process.py", line 160, in is_alive
    assert self._parent_pid == os.getpid(), 'can only test a child process'
           ^^^^^^^^^^^^^^^^^^^^^^^^^^^^^^^
AssertionError: can only test a child process
Exception ignored in: <function _MultiProcessingDataLoaderIter.__del__ at 0x7fc7e4013ce0>
Traceback (most recent call last):
  File "/workspace/reseach1/.venv-server/lib/python3.12/site-packages/torch/utils/data/dataloader.py", line 1664, in __del__
    self._shutdown_workers()
  File "/workspace/reseach1/.venv-server/lib/python3.12/site-packages/torch/utils/data/dataloader.py", line 1647, in _shutdown_workers
    if w.is_alive():
       ^^^^^^^^^^^^
  File "/usr/lib/python3.12/multiprocessing/process.py", line 160, in is_alive
    assert self._parent_pid == os.getpid(), 'can only test a child process'
           ^^^^^^^^^^^^^^^^^^^^^^^^^^^^^^^
AssertionError: can only test a child process
Exception ignored in: <function _MultiProcessingDataLoaderIter.__del__ at 0x7fc7e4013ce0>
Traceback (most recent call last):
  File "/workspace/reseach1/.venv-server/lib/python3.12/site-packages/torch/utils/data/dataloader.py", line 1664, in __del__
    self._shutdown_workers()
  File "/workspace/reseach1/.venv-server/lib/python3.12/site-packages/torch/utils/data/dataloader.py", line 1647, in _shutdown_workers
    if w.is_alive():
       ^^^^^^^^^^^^
  File "/usr/lib/python3.12/multiprocessing/process.py", line 160, in is_alive
    assert self._parent_pid == os.getpid(), 'can only test a child process'
           ^^^^^^^^^^^^^^^^^^^^^^^^^^^^^^^
AssertionError: can only test a child process
edge_mlp seed=33 step=2896 epoch=1 loss=0.1641 val_macro_f1=0.9678
edge_mlp seed=33 step=3620 epoch=2 loss=0.0980 val_macro_f1=0.9697
edge_mlp seed=33 step=4344 epoch=2 loss=0.0930 val_macro_f1=0.9704
edge_mlp seed=33 step=5068 epoch=2 loss=0.0890 val_macro_f1=0.9704
edge_mlp seed=33 step=5792 epoch=2 loss=0.0870 val_macro_f1=0.9716
DONE NF-ToN-IoT-v2__binary__edge_mlp__seed33 test_macro_f1=0.9715 seconds=160.8
START NF-ToN-IoT-v2__binary__sage__seed11
sage seed=11 step=2896 epoch=1 loss=0.0948 val_macro_f1=0.9434
sage seed=11 step=3620 epoch=2 loss=0.1576 val_macro_f1=0.9685
sage seed=11 step=4344 epoch=2 loss=0.0735 val_macro_f1=0.9710
sage seed=11 step=5068 epoch=2 loss=0.0671 val_macro_f1=0.9714
sage seed=11 step=5792 epoch=2 loss=0.0641 val_macro_f1=0.9716
DONE NF-ToN-IoT-v2__binary__sage__seed11 test_macro_f1=0.9751 seconds=449.7
START NF-ToN-IoT-v2__binary__sage__seed22
sage seed=22 step=2896 epoch=1 loss=0.0937 val_macro_f1=0.9729
sage seed=22 step=3620 epoch=2 loss=0.0623 val_macro_f1=0.9722
sage seed=22 step=4344 epoch=2 loss=0.0839 val_macro_f1=0.9732
sage seed=22 step=5068 epoch=2 loss=0.0662 val_macro_f1=0.9746
sage seed=22 step=5792 epoch=2 loss=0.0620 val_macro_f1=0.9737
DONE NF-ToN-IoT-v2__binary__sage__seed22 test_macro_f1=0.9768 seconds=447.4
START NF-ToN-IoT-v2__binary__sage__seed33
sage seed=33 step=2896 epoch=1 loss=0.0997 val_macro_f1=0.9720
sage seed=33 step=3620 epoch=2 loss=0.0624 val_macro_f1=0.9597
sage seed=33 step=4344 epoch=2 loss=0.0596 val_macro_f1=0.9690
sage seed=33 step=5068 epoch=2 loss=0.0578 val_macro_f1=0.9744
sage seed=33 step=5792 epoch=2 loss=0.0561 val_macro_f1=0.9714
DONE NF-ToN-IoT-v2__binary__sage__seed33 test_macro_f1=0.9783 seconds=478.0
START NF-ToN-IoT-v2__binary__sage_edge__seed11
sage_edge seed=11 step=2896 epoch=1 loss=0.0881 val_macro_f1=0.9763
sage_edge seed=11 step=3620 epoch=2 loss=0.0552 val_macro_f1=0.9754
sage_edge seed=11 step=4344 epoch=2 loss=0.0552 val_macro_f1=0.9717
sage_edge seed=11 step=5068 epoch=2 loss=0.0523 val_macro_f1=0.9781
sage_edge seed=11 step=5792 epoch=2 loss=0.0661 val_macro_f1=0.8892
DONE NF-ToN-IoT-v2__binary__sage_edge__seed11 test_macro_f1=0.9808 seconds=440.2
START NF-ToN-IoT-v2__binary__sage_edge__seed22
sage_edge seed=22 step=2896 epoch=1 loss=0.0898 val_macro_f1=0.9777
sage_edge seed=22 step=3620 epoch=2 loss=0.0579 val_macro_f1=0.9780
sage_edge seed=22 step=4344 epoch=2 loss=0.0894 val_macro_f1=0.9758
sage_edge seed=22 step=5068 epoch=2 loss=0.0586 val_macro_f1=0.9755
sage_edge seed=22 step=5792 epoch=2 loss=0.0545 val_macro_f1=0.9744
DONE NF-ToN-IoT-v2__binary__sage_edge__seed22 test_macro_f1=0.9803 seconds=442.1
START NF-ToN-IoT-v2__binary__sage_edge__seed33
sage_edge seed=33 step=2896 epoch=1 loss=0.0915 val_macro_f1=0.9704
sage_edge seed=33 step=3620 epoch=2 loss=0.0572 val_macro_f1=0.9694
sage_edge seed=33 step=4344 epoch=2 loss=0.0543 val_macro_f1=0.9717
sage_edge seed=33 step=5068 epoch=2 loss=0.0518 val_macro_f1=0.9774
sage_edge seed=33 step=5792 epoch=2 loss=0.1002 val_macro_f1=0.9732
DONE NF-ToN-IoT-v2__binary__sage_edge__seed33 test_macro_f1=0.9808 seconds=438.1
START NF-CSE-CIC-IDS2018-v2__multiclass__edge_mlp__seed11
Exception ignored in: <function _MultiProcessingDataLoaderIter.__del__ at 0x7fc7e4013ce0>
Traceback (most recent call last):
  File "/workspace/reseach1/.venv-server/lib/python3.12/site-packages/torch/utils/data/dataloader.py", line 1664, in __del__
    self._shutdown_workers()
  File "/workspace/reseach1/.venv-server/lib/python3.12/site-packages/torch/utils/data/dataloader.py", line 1647, in _shutdown_workers
    if w.is_alive():
       ^^^^^^^^^^^^
  File "/usr/lib/python3.12/multiprocessing/process.py", line 160, in is_alive
    assert self._parent_pid == os.getpid(), 'can only test a child process'
           ^^^^^^^^^^^^^^^^^^^^^^^^^^^^^^^
AssertionError: can only test a child process
Exception ignored in: Exception ignored in: <function _MultiProcessingDataLoaderIter.__del__ at 0x7fc7e4013ce0>
<function _MultiProcessingDataLoaderIter.__del__ at 0x7fc7e4013ce0>
Traceback (most recent call last):
Traceback (most recent call last):
  File "/workspace/reseach1/.venv-server/lib/python3.12/site-packages/torch/utils/data/dataloader.py", line 1664, in __del__
Exception ignored in: <function _MultiProcessingDataLoaderIter.__del__ at 0x7fc7e4013ce0>
  File "/workspace/reseach1/.venv-server/lib/python3.12/site-packages/torch/utils/data/dataloader.py", line 1664, in __del__
Traceback (most recent call last):
  File "/workspace/reseach1/.venv-server/lib/python3.12/site-packages/torch/utils/data/dataloader.py", line 1664, in __del__
    self._shutdown_workers()
  File "/workspace/reseach1/.venv-server/lib/python3.12/site-packages/torch/utils/data/dataloader.py", line 1647, in _shutdown_workers
    self._shutdown_workers()
    self._shutdown_workers()
  File "/workspace/reseach1/.venv-server/lib/python3.12/site-packages/torch/utils/data/dataloader.py", line 1647, in _shutdown_workers
  File "/workspace/reseach1/.venv-server/lib/python3.12/site-packages/torch/utils/data/dataloader.py", line 1647, in _shutdown_workers
    if w.is_alive():
    if w.is_alive():
       ^^^^^^^^^^^^
  File "/usr/lib/python3.12/multiprocessing/process.py", line 160, in is_alive
       ^^^^^^^^^^^^
  File "/usr/lib/python3.12/multiprocessing/process.py", line 160, in is_alive
    if w.is_alive():
    assert self._parent_pid == os.getpid(), 'can only test a child process'
       ^^^^^^^^^^^^
    assert self._parent_pid == os.getpid(), 'can only test a child process'  File "/usr/lib/python3.12/multiprocessing/process.py", line 160, in is_alive

    assert self._parent_pid == os.getpid(), 'can only test a child process'
           ^^^^^^^^^^^^^^^^^^^^^^^^ ^^ ^ ^^ ^ ^
  AssertionError:  can only test a child process 
  ^^^^^^^^^^^^^^^^^^^^^^^^^^^^^^^
AssertionError: can only test a child process
           ^^^^^^^^^^^^^^^^^^^^^^^^^^^^^^^
AssertionError: can only test a child process
Exception ignored in: <function _MultiProcessingDataLoaderIter.__del__ at 0x7fc7e4013ce0>
Traceback (most recent call last):
  File "/workspace/reseach1/.venv-server/lib/python3.12/site-packages/torch/utils/data/dataloader.py", line 1664, in __del__
    self._shutdown_workers()
  File "/workspace/reseach1/.venv-server/lib/python3.12/site-packages/torch/utils/data/dataloader.py", line 1647, in _shutdown_workers
Exception ignored in: <function _MultiProcessingDataLoaderIter.__del__ at 0x7fc7e4013ce0>
Traceback (most recent call last):
  File "/workspace/reseach1/.venv-server/lib/python3.12/site-packages/torch/utils/data/dataloader.py", line 1664, in __del__
    if w.is_alive():
       ^^^^^^^^^^^^
  File "/usr/lib/python3.12/multiprocessing/process.py", line 160, in is_alive
    assert self._parent_pid == os.getpid(), 'can only test a child process'
               ^^^^^^^^^^^^^^^^^^^^^^^^^^^^^^^
AssertionError: can only test a child process
self._shutdown_workers()Exception ignored in: <function _MultiProcessingDataLoaderIter.__del__ at 0x7fc7e4013ce0>
Traceback (most recent call last):
  File "/workspace/reseach1/.venv-server/lib/python3.12/site-packages/torch/utils/data/dataloader.py", line 1664, in __del__
    self._shutdown_workers()
  File "/workspace/reseach1/.venv-server/lib/python3.12/site-packages/torch/utils/data/dataloader.py", line 1647, in _shutdown_workers
Exception ignored in: <function _MultiProcessingDataLoaderIter.__del__ at 0x7fc7e4013ce0>
Traceback (most recent call last):
  File "/workspace/reseach1/.venv-server/lib/python3.12/site-packages/torch/utils/data/dataloader.py", line 1664, in __del__

    if w.is_alive():
  File "/workspace/reseach1/.venv-server/lib/python3.12/site-packages/torch/utils/data/dataloader.py", line 1647, in _shutdown_workers
       ^^^^^^^^^^^^
  File "/usr/lib/python3.12/multiprocessing/process.py", line 160, in is_alive
    assert self._parent_pid == os.getpid(), 'can only test a child process'
           ^^^^^^^^^^^^^^^^^^^^^^^^^^^^^^^
AssertionError: can only test a child process
    self._shutdown_workers()
  File "/workspace/reseach1/.venv-server/lib/python3.12/site-packages/torch/utils/data/dataloader.py", line 1647, in _shutdown_workers
    if w.is_alive():
    if w.is_alive():
         ^^ ^^ ^^^ ^^ ^^ ^
^  File "/usr/lib/python3.12/multiprocessing/process.py", line 160, in is_alive
^^^^^^^^^^^
  File "/usr/lib/python3.12/multiprocessing/process.py", line 160, in is_alive
    assert self._parent_pid == os.getpid(), 'can only test a child process'
           ^^^^^^^^^^^^^^^^^^^^^^^^^^^^^^^
AssertionError: can only test a child process
    assert self._parent_pid == os.getpid(), 'can only test a child process'
           ^^^^^^^^^^^^^^^^^^^^^^^^^^^^^^^
AssertionError: can only test a child process
Exception ignored in: <function _MultiProcessingDataLoaderIter.__del__ at 0x7fc7e4013ce0>
Traceback (most recent call last):
  File "/workspace/reseach1/.venv-server/lib/python3.12/site-packages/torch/utils/data/dataloader.py", line 1664, in __del__
Exception ignored in:     self._shutdown_workers()
  File "/workspace/reseach1/.venv-server/lib/python3.12/site-packages/torch/utils/data/dataloader.py", line 1647, in _shutdown_workers
Exception ignored in: <function _MultiProcessingDataLoaderIter.__del__ at 0x7fc7e4013ce0>
Traceback (most recent call last):
  File "/workspace/reseach1/.venv-server/lib/python3.12/site-packages/torch/utils/data/dataloader.py", line 1664, in __del__
Exception ignored in: <function _MultiProcessingDataLoaderIter.__del__ at 0x7fc7e4013ce0>
    if w.is_alive():
       ^^<function _MultiProcessingDataLoaderIter.__del__ at 0x7fc7e4013ce0>^^
^Traceback (most recent call last):
^^  File "/workspace/reseach1/.venv-server/lib/python3.12/site-packages/torch/utils/data/dataloader.py", line 1664, in __del__
^^^^^
  File "/usr/lib/python3.12/multiprocessing/process.py", line 160, in is_alive
    assert self._parent_pid == os.getpid(), 'can only test a child process'
           ^^^^^^^^^^^^^^^^^^^^^^^^^^^^^^^
AssertionError: can only test a child process
    self._shutdown_workers()
  File "/workspace/reseach1/.venv-server/lib/python3.12/site-packages/torch/utils/data/dataloader.py", line 1647, in _shutdown_workers
Traceback (most recent call last):
  File "/workspace/reseach1/.venv-server/lib/python3.12/site-packages/torch/utils/data/dataloader.py", line 1664, in __del__
    if w.is_alive():
       ^^^^^^^^^^^^
  File "/usr/lib/python3.12/multiprocessing/process.py", line 160, in is_alive
    assert self._parent_pid == os.getpid(), 'can only test a child process'
         self._shutdown_workers() 
     ^^^^^^^^^^  File "/workspace/reseach1/.venv-server/lib/python3.12/site-packages/torch/utils/data/dataloader.py", line 1647, in _shutdown_workers
^^^^^^^^^^^^^^    ^self._shutdown_workers()^
^^^^^
AssertionError: can only test a child process
  File "/workspace/reseach1/.venv-server/lib/python3.12/site-packages/torch/utils/data/dataloader.py", line 1647, in _shutdown_workers
    if w.is_alive():
       ^^^^^^^^^^^^
  File "/usr/lib/python3.12/multiprocessing/process.py", line 160, in is_alive
    if w.is_alive():
       ^^^^^^^^^^^^
  File "/usr/lib/python3.12/multiprocessing/process.py", line 160, in is_alive
    assert self._parent_pid == os.getpid(), 'can only test a child process'
           ^^^^^^^^^^^^^^^^^^^^^^^^^^^^^^    ^assert self._parent_pid == os.getpid(), 'can only test a child process'

AssertionError: can only test a child process
           ^^^^^^^^^^^^^^^^^^^^^^^^^^^^^^^
AssertionError: can only test a child process
Exception ignored in: <function _MultiProcessingDataLoaderIter.__del__ at 0x7fc7e4013ce0>
Traceback (most recent call last):
  File "/workspace/reseach1/.venv-server/lib/python3.12/site-packages/torch/utils/data/dataloader.py", line 1664, in __del__
    self._shutdown_workers()
  File "/workspace/reseach1/.venv-server/lib/python3.12/site-packages/torch/utils/data/dataloader.py", line 1647, in _shutdown_workers
    if w.is_alive():
       ^^^^^^^^^^^^
  File "/usr/lib/python3.12/multiprocessing/process.py", line 160, in is_alive
    assert self._parent_pid == os.getpid(), 'can only test a child process'
           ^^^^^^^^^^^^^^^^^^^^^^^^^^^^^^^
AssertionError: can only test a child process
Exception ignored in: <function _MultiProcessingDataLoaderIter.__del__ at 0x7fc7e4013ce0>
Traceback (most recent call last):
  File "/workspace/reseach1/.venv-server/lib/python3.12/site-packages/torch/utils/data/dataloader.py", line 1664, in __del__
    self._shutdown_workers()
  File "/workspace/reseach1/.venv-server/lib/python3.12/site-packages/torch/utils/data/dataloader.py", line 1647, in _shutdown_workers
    if w.is_alive():
       ^^^^^^^^^^^^
  File "/usr/lib/python3.12/multiprocessing/process.py", line 160, in is_alive
    assert self._parent_pid == os.getpid(), 'can only test a child process'
           ^^^^^^^^^^^^^^^^^^^^^^^^^^^^^^^
AssertionError: can only test a child process
Exception ignored in: <function _MultiProcessingDataLoaderIter.__del__ at 0x7fc7e4013ce0>
Traceback (most recent call last):
  File "/workspace/reseach1/.venv-server/lib/python3.12/site-packages/torch/utils/data/dataloader.py", line 1664, in __del__
    self._shutdown_workers()
  File "/workspace/reseach1/.venv-server/lib/python3.12/site-packages/torch/utils/data/dataloader.py", line 1647, in _shutdown_workers
    if w.is_alive():
       ^^^^^^^^^^^^
  File "/usr/lib/python3.12/multiprocessing/process.py", line 160, in is_alive
    assert self._parent_pid == os.getpid(), 'can only test a child process'
Exception ignored in:            ^^^^^^^^^^^^^^^^^^^^^^^^^^^^^^^
AssertionError: can only test a child process
<function _MultiProcessingDataLoaderIter.__del__ at 0x7fc7e4013ce0>
Traceback (most recent call last):
  File "/workspace/reseach1/.venv-server/lib/python3.12/site-packages/torch/utils/data/dataloader.py", line 1664, in __del__
    self._shutdown_workers()
  File "/workspace/reseach1/.venv-server/lib/python3.12/site-packages/torch/utils/data/dataloader.py", line 1647, in _shutdown_workers
    if w.is_alive():
       ^^^^^^^^^^^^
  File "/usr/lib/python3.12/multiprocessing/process.py", line 160, in is_alive
    assert self._parent_pid == os.getpid(), 'can only test a child process'
           ^^^^^^^^^^^^^^^^^^^^^^^^^^^^^^^
AssertionError: can only test a child process
Exception ignored in: <function _MultiProcessingDataLoaderIter.__del__ at 0x7fc7e4013ce0>
Traceback (most recent call last):
  File "/workspace/reseach1/.venv-server/lib/python3.12/site-packages/torch/utils/data/dataloader.py", line 1664, in __del__
Exception ignored in: <function _MultiProcessingDataLoaderIter.__del__ at 0x7fc7e4013ce0>
Traceback (most recent call last):
  File "/workspace/reseach1/.venv-server/lib/python3.12/site-packages/torch/utils/data/dataloader.py", line 1664, in __del__
    self._shutdown_workers()
Exception ignored in:     self._shutdown_workers()
<function _MultiProcessingDataLoaderIter.__del__ at 0x7fc7e4013ce0>
  File "/workspace/reseach1/.venv-server/lib/python3.12/site-packages/torch/utils/data/dataloader.py", line 1647, in _shutdown_workers
  File "/workspace/reseach1/.venv-server/lib/python3.12/site-packages/torch/utils/data/dataloader.py", line 1647, in _shutdown_workers
Traceback (most recent call last):
  File "/workspace/reseach1/.venv-server/lib/python3.12/site-packages/torch/utils/data/dataloader.py", line 1664, in __del__
    if w.is_alive():
       ^^^^^^^^^^^^
  File "/usr/lib/python3.12/multiprocessing/process.py", line 160, in is_alive
    assert self._parent_pid == os.getpid(), 'can only test a child process'
           ^^^^^^^^^^^^^^^^^^^^^^^^^^^^^^^
AssertionError:     can only test a child processself._shutdown_workers()

  File "/workspace/reseach1/.venv-server/lib/python3.12/site-packages/torch/utils/data/dataloader.py", line 1647, in _shutdown_workers
    if w.is_alive():
       ^^^^^^^^^^^^
  File "/usr/lib/python3.12/multiprocessing/process.py", line 160, in is_alive
    if w.is_alive():
       ^^^^^^^^^^^^
      File "/usr/lib/python3.12/multiprocessing/process.py", line 160, in is_alive
assert self._parent_pid == os.getpid(), 'can only test a child process'
           ^^^    ^assert self._parent_pid == os.getpid(), 'can only test a child process'^
^^^^^^^^ ^ ^ ^  ^ ^  ^ ^ ^ ^^^^^^^^^^^^^^^^^^^^^^^^
^^^AssertionError^^: ^^can only test a child process^
^^^^^^^^^
AssertionError: can only test a child process
Exception ignored in: <function _MultiProcessingDataLoaderIter.__del__ at 0x7fc7e4013ce0>
Traceback (most recent call last):
  File "/workspace/reseach1/.venv-server/lib/python3.12/site-packages/torch/utils/data/dataloader.py", line 1664, in __del__
    self._shutdown_workers()
  File "/workspace/reseach1/.venv-server/lib/python3.12/site-packages/torch/utils/data/dataloader.py", line 1647, in _shutdown_workers
    if w.is_alive():
       ^^^^^^^^^^^^
  File "/usr/lib/python3.12/multiprocessing/process.py", line 160, in is_alive
    assert self._parent_pid == os.getpid(), 'can only test a child process'
           ^^^^^^^^^^^^^^^^^^^^^^^^^^^^^^^
AssertionError: can only test a child process
edge_mlp seed=11 step=3230 epoch=1 loss=0.3835 val_macro_f1=0.6465
edge_mlp seed=11 step=4038 epoch=2 loss=0.3176 val_macro_f1=0.6462
edge_mlp seed=11 step=4846 epoch=2 loss=0.3169 val_macro_f1=0.6556
edge_mlp seed=11 step=5654 epoch=2 loss=0.3208 val_macro_f1=0.6607
edge_mlp seed=11 step=6460 epoch=2 loss=0.3150 val_macro_f1=0.6650
DONE NF-CSE-CIC-IDS2018-v2__multiclass__edge_mlp__seed11 test_macro_f1=0.6642 seconds=174.9
START NF-CSE-CIC-IDS2018-v2__multiclass__edge_mlp__seed22
Exception ignored in: <function _MultiProcessingDataLoaderIter.__del__ at 0x7fc7e4013ce0>
Traceback (most recent call last):
  File "/workspace/reseach1/.venv-server/lib/python3.12/site-packages/torch/utils/data/dataloader.py", line 1664, in __del__
    self._shutdown_workers()
  File "/workspace/reseach1/.venv-server/lib/python3.12/site-packages/torch/utils/data/dataloader.py", line 1647, in _shutdown_workers
    if w.is_alive():
       ^^^^^^^^^^^^
  File "/usr/lib/python3.12/multiprocessing/process.py", line 160, in is_alive
    assert self._parent_pid == os.getpid(), 'can only test a child process'
           ^^^^^^^^^^^^^^^^^^^^^^^^^^^^^^^
AssertionError: can only test a child process
Exception ignored in: <function _MultiProcessingDataLoaderIter.__del__ at 0x7fc7e4013ce0>
Traceback (most recent call last):
  File "/workspace/reseach1/.venv-server/lib/python3.12/site-packages/torch/utils/data/dataloader.py", line 1664, in __del__
    self._shutdown_workers()
  File "/workspace/reseach1/.venv-server/lib/python3.12/site-packages/torch/utils/data/dataloader.py", line 1647, in _shutdown_workers
    if w.is_alive():
       ^^^^^^^^^^^^
  File "/usr/lib/python3.12/multiprocessing/process.py", line 160, in is_alive
    assert self._parent_pid == os.getpid(), 'can only test a child process'
           ^^^^^^^^^^^^^^^^^^^^^^^^^^^^^^^
AssertionError: can only test a child process
Exception ignored in: <function _MultiProcessingDataLoaderIter.__del__ at 0x7fc7e4013ce0>
Traceback (most recent call last):
  File "/workspace/reseach1/.venv-server/lib/python3.12/site-packages/torch/utils/data/dataloader.py", line 1664, in __del__
Exception ignored in: <function _MultiProcessingDataLoaderIter.__del__ at 0x7fc7e4013ce0>    self._shutdown_workers()
  File "/workspace/reseach1/.venv-server/lib/python3.12/site-packages/torch/utils/data/dataloader.py", line 1647, in _shutdown_workers
    if w.is_alive():
       ^^^^^^^^^^^^
  File "/usr/lib/python3.12/multiprocessing/process.py", line 160, in is_alive
    assert self._parent_pid == os.getpid(), 'can only test a child process'
           ^^^^^^^^^^^^^^^^^^^^^^^^
Traceback (most recent call last):
^^^  File "/workspace/reseach1/.venv-server/lib/python3.12/site-packages/torch/utils/data/dataloader.py", line 1664, in __del__
^^^^
AssertionError: can only test a child process
    self._shutdown_workers()
  File "/workspace/reseach1/.venv-server/lib/python3.12/site-packages/torch/utils/data/dataloader.py", line 1647, in _shutdown_workers
    if w.is_alive():
       ^^^^^^^^^^^^
  File "/usr/lib/python3.12/multiprocessing/process.py", line 160, in is_alive
    assert self._parent_pid == os.getpid(), 'can only test a child process'
           ^^^^^^^^^^^^^^^^^^^^^^^^^^^^^^^
AssertionError: can only test a child process
Exception ignored in: <function _MultiProcessingDataLoaderIter.__del__ at 0x7fc7e4013ce0>
Traceback (most recent call last):
  File "/workspace/reseach1/.venv-server/lib/python3.12/site-packages/torch/utils/data/dataloader.py", line 1664, in __del__
    self._shutdown_workers()
  File "/workspace/reseach1/.venv-server/lib/python3.12/site-packages/torch/utils/data/dataloader.py", line 1647, in _shutdown_workers
Exception ignored in: <function _MultiProcessingDataLoaderIter.__del__ at 0x7fc7e4013ce0>
Traceback (most recent call last):
    if w.is_alive():
       ^^^^^^^^^^^^
  File "/usr/lib/python3.12/multiprocessing/process.py", line 160, in is_alive
    assert self._parent_pid == os.getpid(), 'can only test a child process'
           ^^^^^^^^^^^^^^^^^^^^^^^^^^^^^^^
AssertionError: can only test a child process
  File "/workspace/reseach1/.venv-server/lib/python3.12/site-packages/torch/utils/data/dataloader.py", line 1664, in __del__
    self._shutdown_workers()
  File "/workspace/reseach1/.venv-server/lib/python3.12/site-packages/torch/utils/data/dataloader.py", line 1647, in _shutdown_workers
    if w.is_alive():
       ^^^^^^^^^^^^
  File "/usr/lib/python3.12/multiprocessing/process.py", line 160, in is_alive
    assert self._parent_pid == os.getpid(), 'can only test a child process'
           ^^^^^^^^^^^^^^^^^^^^^^^^^^^^^^^
AssertionError: can only test a child process
Exception ignored in: <function _MultiProcessingDataLoaderIter.__del__ at 0x7fc7e4013ce0>
Traceback (most recent call last):
  File "/workspace/reseach1/.venv-server/lib/python3.12/site-packages/torch/utils/data/dataloader.py", line 1664, in __del__
    self._shutdown_workers()
  File "/workspace/reseach1/.venv-server/lib/python3.12/site-packages/torch/utils/data/dataloader.py", line 1647, in _shutdown_workers
    if w.is_alive():
       ^^^^^^^^^^^^
  File "/usr/lib/python3.12/multiprocessing/process.py", line 160, in is_alive
    assert self._parent_pid == os.getpid(), 'can only test a child process'
           ^^^^^^^^^^^^^^^^^^^^^^^^^^^^^^^
AssertionError: can only test a child process
Exception ignored in: <function _MultiProcessingDataLoaderIter.__del__ at 0x7fc7e4013ce0>
Traceback (most recent call last):
  File "/workspace/reseach1/.venv-server/lib/python3.12/site-packages/torch/utils/data/dataloader.py", line 1664, in __del__
    self._shutdown_workers()
  File "/workspace/reseach1/.venv-server/lib/python3.12/site-packages/torch/utils/data/dataloader.py", line 1647, in _shutdown_workers
    if w.is_alive():
       ^^^^^^^^^^^^
  File "/usr/lib/python3.12/multiprocessing/process.py", line 160, in is_alive
    assert self._parent_pid == os.getpid(), 'can only test a child process'
           ^^^^^^^^^^^^^^^^^^^^^^^^^^^^^^^
AssertionError: can only test a child process
Exception ignored in: <function _MultiProcessingDataLoaderIter.__del__ at 0x7fc7e4013ce0>
Traceback (most recent call last):
  File "/workspace/reseach1/.venv-server/lib/python3.12/site-packages/torch/utils/data/dataloader.py", line 1664, in __del__
Exception ignored in: <function _MultiProcessingDataLoaderIter.__del__ at 0x7fc7e4013ce0>    self._shutdown_workers()

Traceback (most recent call last):
  File "/workspace/reseach1/.venv-server/lib/python3.12/site-packages/torch/utils/data/dataloader.py", line 1647, in _shutdown_workers
    if w.is_alive():
       ^^^^^^^^^^^^
  File "/usr/lib/python3.12/multiprocessing/process.py", line 160, in is_alive
    assert self._parent_pid == os.getpid(), 'can only test a child process'
           ^^^^^^^^^^^^^^^^^^^^^^^^^^^^^^^
AssertionError: can only test a child process
  File "/workspace/reseach1/.venv-server/lib/python3.12/site-packages/torch/utils/data/dataloader.py", line 1664, in __del__
    self._shutdown_workers()
  File "/workspace/reseach1/.venv-server/lib/python3.12/site-packages/torch/utils/data/dataloader.py", line 1647, in _shutdown_workers
    if w.is_alive():
       ^^^^^^^^^^^^
  File "/usr/lib/python3.12/multiprocessing/process.py", line 160, in is_alive
    assert self._parent_pid == os.getpid(), 'can only test a child process'
           ^^^^^^^^^^^^^^^^^^^^^^^^^^^^^^^
AssertionError: can only test a child process
Exception ignored in: <function _MultiProcessingDataLoaderIter.__del__ at 0x7fc7e4013ce0>
Traceback (most recent call last):
  File "/workspace/reseach1/.venv-server/lib/python3.12/site-packages/torch/utils/data/dataloader.py", line 1664, in __del__
    self._shutdown_workers()
  File "/workspace/reseach1/.venv-server/lib/python3.12/site-packages/torch/utils/data/dataloader.py", line 1647, in _shutdown_workers
Exception ignored in:     if w.is_alive():
       ^^^^^^^^^^^^
  File "/usr/lib/python3.12/multiprocessing/process.py", line 160, in is_alive
    assert self._parent_pid == os.getpid(), 'can only test a child process'
           ^^^^^^^^^^^^^^^^^^^^^^^^^^^^^^^
AssertionError: can only test a child process
<function _MultiProcessingDataLoaderIter.__del__ at 0x7fc7e4013ce0>
Traceback (most recent call last):
  File "/workspace/reseach1/.venv-server/lib/python3.12/site-packages/torch/utils/data/dataloader.py", line 1664, in __del__
    self._shutdown_workers()
  File "/workspace/reseach1/.venv-server/lib/python3.12/site-packages/torch/utils/data/dataloader.py", line 1647, in _shutdown_workers
    if w.is_alive():
       ^^^^^^^^^^^^
  File "/usr/lib/python3.12/multiprocessing/process.py", line 160, in is_alive
    assert self._parent_pid == os.getpid(), 'can only test a child process'
           ^^^^^^^^^^^^^^^^^^^^^^^^^^^^^^^
AssertionError: can only test a child process
Exception ignored in: <function _MultiProcessingDataLoaderIter.__del__ at 0x7fc7e4013ce0>
Traceback (most recent call last):
  File "/workspace/reseach1/.venv-server/lib/python3.12/site-packages/torch/utils/data/dataloader.py", line 1664, in __del__
    self._shutdown_workers()
  File "/workspace/reseach1/.venv-server/lib/python3.12/site-packages/torch/utils/data/dataloader.py", line 1647, in _shutdown_workers
    if w.is_alive():
       ^^^^^^^^^^^^
  File "/usr/lib/python3.12/multiprocessing/process.py", line 160, in is_alive
    assert self._parent_pid == os.getpid(), 'can only test a child process'
           ^^^^^^^^^^^^^^^^^^^^^^^^^^^^^^^
AssertionError: can only test a child process
Exception ignored in: <function _MultiProcessingDataLoaderIter.__del__ at 0x7fc7e4013ce0>
Traceback (most recent call last):
  File "/workspace/reseach1/.venv-server/lib/python3.12/site-packages/torch/utils/data/dataloader.py", line 1664, in __del__
    self._shutdown_workers()
  File "/workspace/reseach1/.venv-server/lib/python3.12/site-packages/torch/utils/data/dataloader.py", line 1647, in _shutdown_workers
    if w.is_alive():
       ^^^^^^^^^^^^
  File "/usr/lib/python3.12/multiprocessing/process.py", line 160, in is_alive
    assert self._parent_pid == os.getpid(), 'can only test a child process'
           ^^^^^^^^^^^^^^^^^^^^^^^^^^^^^^^
AssertionError: can only test a child process
Exception ignored in: <function _MultiProcessingDataLoaderIter.__del__ at 0x7fc7e4013ce0>
Traceback (most recent call last):
  File "/workspace/reseach1/.venv-server/lib/python3.12/site-packages/torch/utils/data/dataloader.py", line 1664, in __del__
    self._shutdown_workers()
  File "/workspace/reseach1/.venv-server/lib/python3.12/site-packages/torch/utils/data/dataloader.py", line 1647, in _shutdown_workers
    if w.is_alive():
       ^^^^^^^^^^^^
  File "/usr/lib/python3.12/multiprocessing/process.py", line 160, in is_alive
    assert self._parent_pid == os.getpid(), 'can only test a child process'
           ^^^^^^^^^^^^^^^^^^^^^^^^^^^^^^^
AssertionError: can only test a child process
Exception ignored in: <function _MultiProcessingDataLoaderIter.__del__ at 0x7fc7e4013ce0>
Traceback (most recent call last):
  File "/workspace/reseach1/.venv-server/lib/python3.12/site-packages/torch/utils/data/dataloader.py", line 1664, in __del__
    self._shutdown_workers()
  File "/workspace/reseach1/.venv-server/lib/python3.12/site-packages/torch/utils/data/dataloader.py", line 1647, in _shutdown_workers
    if w.is_alive():
       ^^^^^^^^^^^^
  File "/usr/lib/python3.12/multiprocessing/process.py", line 160, in is_alive
Exception ignored in: <function _MultiProcessingDataLoaderIter.__del__ at 0x7fc7e4013ce0>    assert self._parent_pid == os.getpid(), 'can only test a child process'

Traceback (most recent call last):
  File "/workspace/reseach1/.venv-server/lib/python3.12/site-packages/torch/utils/data/dataloader.py", line 1664, in __del__
           ^^^^^^^^^^^^^^^^^^^^^^^^^^^^^^^
AssertionError: can only test a child process
    self._shutdown_workers()
  File "/workspace/reseach1/.venv-server/lib/python3.12/site-packages/torch/utils/data/dataloader.py", line 1647, in _shutdown_workers
    if w.is_alive():
       ^^^^^^^^^^^^
  File "/usr/lib/python3.12/multiprocessing/process.py", line 160, in is_alive
    assert self._parent_pid == os.getpid(), 'can only test a child process'
           ^^^^^^^^^^^^^^^^^^^^^^^^^^^^^^^
AssertionError: can only test a child process
Exception ignored in: <function _MultiProcessingDataLoaderIter.__del__ at 0x7fc7e4013ce0>
Traceback (most recent call last):
  File "/workspace/reseach1/.venv-server/lib/python3.12/site-packages/torch/utils/data/dataloader.py", line 1664, in __del__
    self._shutdown_workers()
  File "/workspace/reseach1/.venv-server/lib/python3.12/site-packages/torch/utils/data/dataloader.py", line 1647, in _shutdown_workers
    if w.is_alive():
       ^^^^^^^^^^^^
  File "/usr/lib/python3.12/multiprocessing/process.py", line 160, in is_alive
    assert self._parent_pid == os.getpid(), 'can only test a child process'
           ^^^^^^^^^^^^^^^^^^^^^^^^^^^^^^^
AssertionError: can only test a child process
Exception ignored in: <function _MultiProcessingDataLoaderIter.__del__ at 0x7fc7e4013ce0>
Traceback (most recent call last):
  File "/workspace/reseach1/.venv-server/lib/python3.12/site-packages/torch/utils/data/dataloader.py", line 1664, in __del__
    self._shutdown_workers()
  File "/workspace/reseach1/.venv-server/lib/python3.12/site-packages/torch/utils/data/dataloader.py", line 1647, in _shutdown_workers
    if w.is_alive():
       ^^^^^^^^^^^^
  File "/usr/lib/python3.12/multiprocessing/process.py", line 160, in is_alive
    assert self._parent_pid == os.getpid(), 'can only test a child process'
           ^^^^^^^^^^^^^^^^^^^^^^^^^^^^^^^
AssertionError: can only test a child process
Exception ignored in: <function _MultiProcessingDataLoaderIter.__del__ at 0x7fc7e4013ce0>
Traceback (most recent call last):
  File "/workspace/reseach1/.venv-server/lib/python3.12/site-packages/torch/utils/data/dataloader.py", line 1664, in __del__
    self._shutdown_workers()
  File "/workspace/reseach1/.venv-server/lib/python3.12/site-packages/torch/utils/data/dataloader.py", line 1647, in _shutdown_workers
    if w.is_alive():
       ^^^^^^^^^^^^
  File "/usr/lib/python3.12/multiprocessing/process.py", line 160, in is_alive
    assert self._parent_pid == os.getpid(), 'can only test a child process'
           ^^^^^^^^^^^^^^^^^^^^^^^^^^^^^^^
AssertionError: can only test a child process
edge_mlp seed=22 step=3230 epoch=1 loss=0.3893 val_macro_f1=0.6348
edge_mlp seed=22 step=4038 epoch=2 loss=0.3107 val_macro_f1=0.6520
edge_mlp seed=22 step=4846 epoch=2 loss=0.3231 val_macro_f1=0.6639
edge_mlp seed=22 step=5654 epoch=2 loss=0.3122 val_macro_f1=0.6497
edge_mlp seed=22 step=6460 epoch=2 loss=0.3208 val_macro_f1=0.6220
DONE NF-CSE-CIC-IDS2018-v2__multiclass__edge_mlp__seed22 test_macro_f1=0.6629 seconds=168.8
START NF-CSE-CIC-IDS2018-v2__multiclass__edge_mlp__seed33
Exception ignored in: <function _MultiProcessingDataLoaderIter.__del__ at 0x7fc7e4013ce0>
Traceback (most recent call last):
  File "/workspace/reseach1/.venv-server/lib/python3.12/site-packages/torch/utils/data/dataloader.py", line 1664, in __del__
    self._shutdown_workers()
  File "/workspace/reseach1/.venv-server/lib/python3.12/site-packages/torch/utils/data/dataloader.py", line 1647, in _shutdown_workers
Exception ignored in: <function _MultiProcessingDataLoaderIter.__del__ at 0x7fc7e4013ce0>
Traceback (most recent call last):
  File "/workspace/reseach1/.venv-server/lib/python3.12/site-packages/torch/utils/data/dataloader.py", line 1664, in __del__
    if w.is_alive():
       ^^^^^^^^^^^^
  File "/usr/lib/python3.12/multiprocessing/process.py", line 160, in is_alive
    assert self._parent_pid == os.getpid(), 'can only test a child process'
           ^^^^^^^^^^^^^^^^^^^^^^^^^^^^^^^
AssertionError: can only test a child process
    self._shutdown_workers()
  File "/workspace/reseach1/.venv-server/lib/python3.12/site-packages/torch/utils/data/dataloader.py", line 1647, in _shutdown_workers
    if w.is_alive():
       ^^^^^^^^^^^^
  File "/usr/lib/python3.12/multiprocessing/process.py", line 160, in is_alive
    assert self._parent_pid == os.getpid(), 'can only test a child process'
           ^^^^^^^^^^^^^^^^^^^^^^^^^^^^^^^
AssertionError: can only test a child process
Exception ignored in: <function _MultiProcessingDataLoaderIter.__del__ at 0x7fc7e4013ce0>
Traceback (most recent call last):
  File "/workspace/reseach1/.venv-server/lib/python3.12/site-packages/torch/utils/data/dataloader.py", line 1664, in __del__
    self._shutdown_workers()
  File "/workspace/reseach1/.venv-server/lib/python3.12/site-packages/torch/utils/data/dataloader.py", line 1647, in _shutdown_workers
    if w.is_alive():
       ^^^^^^^^^^^^
  File "/usr/lib/python3.12/multiprocessing/process.py", line 160, in is_alive
    assert self._parent_pid == os.getpid(), 'can only test a child process'
           ^^^^^^^^^^^^^^^^^^^^^^^^^^^^^^^
AssertionError: can only test a child process
Exception ignored in: <function _MultiProcessingDataLoaderIter.__del__ at 0x7fc7e4013ce0>
Traceback (most recent call last):
  File "/workspace/reseach1/.venv-server/lib/python3.12/site-packages/torch/utils/data/dataloader.py", line 1664, in __del__
    self._shutdown_workers()
  File "/workspace/reseach1/.venv-server/lib/python3.12/site-packages/torch/utils/data/dataloader.py", line 1647, in _shutdown_workers
    if w.is_alive():
       ^^^^^^^^^^^^
  File "/usr/lib/python3.12/multiprocessing/process.py", line 160, in is_alive
    assert self._parent_pid == os.getpid(), 'can only test a child process'
           ^^^^^^^^^^^^^^^^^^^^^^^^^^^^^^^
AssertionError: can only test a child process
Exception ignored in: <function _MultiProcessingDataLoaderIter.__del__ at 0x7fc7e4013ce0>
Traceback (most recent call last):
  File "/workspace/reseach1/.venv-server/lib/python3.12/site-packages/torch/utils/data/dataloader.py", line 1664, in __del__
    self._shutdown_workers()
  File "/workspace/reseach1/.venv-server/lib/python3.12/site-packages/torch/utils/data/dataloader.py", line 1647, in _shutdown_workers
    if w.is_alive():
       ^^^^^^^^^^^^
  File "/usr/lib/python3.12/multiprocessing/process.py", line 160, in is_alive
Exception ignored in:     assert self._parent_pid == os.getpid(), 'can only test a child process'
           ^^^^^^^^^^^^^^^^^^^^^^^^^^^^^^^
AssertionError: can only test a child process
<function _MultiProcessingDataLoaderIter.__del__ at 0x7fc7e4013ce0>
Traceback (most recent call last):
  File "/workspace/reseach1/.venv-server/lib/python3.12/site-packages/torch/utils/data/dataloader.py", line 1664, in __del__
    self._shutdown_workers()
  File "/workspace/reseach1/.venv-server/lib/python3.12/site-packages/torch/utils/data/dataloader.py", line 1647, in _shutdown_workers
    if w.is_alive():
       ^^^^^^^^^^^^
  File "/usr/lib/python3.12/multiprocessing/process.py", line 160, in is_alive
    assert self._parent_pid == os.getpid(), 'can only test a child process'
           ^^^^^^^^^^^^^^^^^^^^^^^^^^^^^^^
AssertionError: can only test a child process
Exception ignored in: <function _MultiProcessingDataLoaderIter.__del__ at 0x7fc7e4013ce0>
Traceback (most recent call last):
  File "/workspace/reseach1/.venv-server/lib/python3.12/site-packages/torch/utils/data/dataloader.py", line 1664, in __del__
    self._shutdown_workers()
  File "/workspace/reseach1/.venv-server/lib/python3.12/site-packages/torch/utils/data/dataloader.py", line 1647, in _shutdown_workers
    if w.is_alive():
       ^^^^^^^^^^^^
  File "/usr/lib/python3.12/multiprocessing/process.py", line 160, in is_alive
    assert self._parent_pid == os.getpid(), 'can only test a child process'
           ^^^^^^^^^^^^^^^^^^^^^^^^^^^^^^^
AssertionError: can only test a child process
Exception ignored in: <function _MultiProcessingDataLoaderIter.__del__ at 0x7fc7e4013ce0>
Traceback (most recent call last):
  File "/workspace/reseach1/.venv-server/lib/python3.12/site-packages/torch/utils/data/dataloader.py", line 1664, in __del__
    self._shutdown_workers()
  File "/workspace/reseach1/.venv-server/lib/python3.12/site-packages/torch/utils/data/dataloader.py", line 1647, in _shutdown_workers
    if w.is_alive():
       ^^^^^^^^^^^^
  File "/usr/lib/python3.12/multiprocessing/process.py", line 160, in is_alive
    assert self._parent_pid == os.getpid(), 'can only test a child process'
           ^^^^^^^^^^^^^^^^^^^^^^^^^^^^^^^
AssertionError: can only test a child process
Exception ignored in: <function _MultiProcessingDataLoaderIter.__del__ at 0x7fc7e4013ce0>
Traceback (most recent call last):
  File "/workspace/reseach1/.venv-server/lib/python3.12/site-packages/torch/utils/data/dataloader.py", line 1664, in __del__
    self._shutdown_workers()
  File "/workspace/reseach1/.venv-server/lib/python3.12/site-packages/torch/utils/data/dataloader.py", line 1647, in _shutdown_workers
    if w.is_alive():
       ^^^^^^^^^^^^
  File "/usr/lib/python3.12/multiprocessing/process.py", line 160, in is_alive
    assert self._parent_pid == os.getpid(), 'can only test a child process'
           ^^^^^^^^^^^^^^^^^^^^^^^^^^^^^^^
AssertionError: can only test a child process
Exception ignored in: <function _MultiProcessingDataLoaderIter.__del__ at 0x7fc7e4013ce0>
Traceback (most recent call last):
  File "/workspace/reseach1/.venv-server/lib/python3.12/site-packages/torch/utils/data/dataloader.py", line 1664, in __del__
    self._shutdown_workers()
  File "/workspace/reseach1/.venv-server/lib/python3.12/site-packages/torch/utils/data/dataloader.py", line 1647, in _shutdown_workers
    if w.is_alive():
       ^^^^^^^^^^^^
  File "/usr/lib/python3.12/multiprocessing/process.py", line 160, in is_alive
    assert self._parent_pid == os.getpid(), 'can only test a child process'
           ^^^^^^^^^^^^^^^^^^^^^^^^^^^^^^^
AssertionError: can only test a child process
Exception ignored in: <function _MultiProcessingDataLoaderIter.__del__ at 0x7fc7e4013ce0>
Traceback (most recent call last):
  File "/workspace/reseach1/.venv-server/lib/python3.12/site-packages/torch/utils/data/dataloader.py", line 1664, in __del__
    self._shutdown_workers()
  File "/workspace/reseach1/.venv-server/lib/python3.12/site-packages/torch/utils/data/dataloader.py", line 1647, in _shutdown_workers
    if w.is_alive():
       ^^^^^^^^^^^^
  File "/usr/lib/python3.12/multiprocessing/process.py", line 160, in is_alive
    assert self._parent_pid == os.getpid(), 'can only test a child process'
           ^^^^^^^^^^^^^^^^^^^^^^^^^^^^^^^
AssertionError: can only test a child process
Exception ignored in: <function _MultiProcessingDataLoaderIter.__del__ at 0x7fc7e4013ce0>
Traceback (most recent call last):
  File "/workspace/reseach1/.venv-server/lib/python3.12/site-packages/torch/utils/data/dataloader.py", line 1664, in __del__
    self._shutdown_workers()
  File "/workspace/reseach1/.venv-server/lib/python3.12/site-packages/torch/utils/data/dataloader.py", line 1647, in _shutdown_workers
    if w.is_alive():
       ^^^^^^^^^^^^
  File "/usr/lib/python3.12/multiprocessing/process.py", line 160, in is_alive
    assert self._parent_pid == os.getpid(), 'can only test a child process'
           ^^^^^^^^^^^^^^^^^^^^^^^^^^^^^^^
AssertionError: can only test a child process
Exception ignored in: <function _MultiProcessingDataLoaderIter.__del__ at 0x7fc7e4013ce0>
Traceback (most recent call last):
  File "/workspace/reseach1/.venv-server/lib/python3.12/site-packages/torch/utils/data/dataloader.py", line 1664, in __del__
    self._shutdown_workers()
  File "/workspace/reseach1/.venv-server/lib/python3.12/site-packages/torch/utils/data/dataloader.py", line 1647, in _shutdown_workers
    if w.is_alive():
       ^^^^^^^^^^^^
  File "/usr/lib/python3.12/multiprocessing/process.py", line 160, in is_alive
    assert self._parent_pid == os.getpid(), 'can only test a child process'
           ^^^^^^^^^^^^^^^^^^^^^^^^^^^^^^^
AssertionError: can only test a child process
Exception ignored in: <function _MultiProcessingDataLoaderIter.__del__ at 0x7fc7e4013ce0>
Traceback (most recent call last):
  File "/workspace/reseach1/.venv-server/lib/python3.12/site-packages/torch/utils/data/dataloader.py", line 1664, in __del__
    self._shutdown_workers()
  File "/workspace/reseach1/.venv-server/lib/python3.12/site-packages/torch/utils/data/dataloader.py", line 1647, in _shutdown_workers
    if w.is_alive():
       ^^^^^^^^^^^^
  File "/usr/lib/python3.12/multiprocessing/process.py", line 160, in is_alive
    assert self._parent_pid == os.getpid(), 'can only test a child process'
           ^^^^^^^^^^^^^^^^^^^^^^^^^^^^^^^
AssertionError: can only test a child process
Exception ignored in: <function _MultiProcessingDataLoaderIter.__del__ at 0x7fc7e4013ce0>
Traceback (most recent call last):
  File "/workspace/reseach1/.venv-server/lib/python3.12/site-packages/torch/utils/data/dataloader.py", line 1664, in __del__
    self._shutdown_workers()
  File "/workspace/reseach1/.venv-server/lib/python3.12/site-packages/torch/utils/data/dataloader.py", line 1647, in _shutdown_workers
    if w.is_alive():
       ^^^^^^^^^^^^
  File "/usr/lib/python3.12/multiprocessing/process.py", line 160, in is_alive
    assert self._parent_pid == os.getpid(), 'can only test a child process'
           ^^^^^^^^^^^^^^^^^^^^^^^^^^^^^^^
AssertionError: can only test a child process
Exception ignored in: <function _MultiProcessingDataLoaderIter.__del__ at 0x7fc7e4013ce0>
Traceback (most recent call last):
  File "/workspace/reseach1/.venv-server/lib/python3.12/site-packages/torch/utils/data/dataloader.py", line 1664, in __del__
    self._shutdown_workers()
  File "/workspace/reseach1/.venv-server/lib/python3.12/site-packages/torch/utils/data/dataloader.py", line 1647, in _shutdown_workers
    if w.is_alive():
       ^^^^^^^^^^^^
  File "/usr/lib/python3.12/multiprocessing/process.py", line 160, in is_alive
    assert self._parent_pid == os.getpid(), 'can only test a child process'
           ^^^^^^^^^^^^^^^^^^^^^^^^^^^^^^^
AssertionError: can only test a child process
Exception ignored in: <function _MultiProcessingDataLoaderIter.__del__ at 0x7fc7e4013ce0>
Traceback (most recent call last):
  File "/workspace/reseach1/.venv-server/lib/python3.12/site-packages/torch/utils/data/dataloader.py", line 1664, in __del__
    self._shutdown_workers()
  File "/workspace/reseach1/.venv-server/lib/python3.12/site-packages/torch/utils/data/dataloader.py", line 1647, in _shutdown_workers
    if w.is_alive():
       ^^^^^^^^^^^^
  File "/usr/lib/python3.12/multiprocessing/process.py", line 160, in is_alive
    assert self._parent_pid == os.getpid(), 'can only test a child process'
           ^^^^^^^^^^^^^^^^^^^^^^^^^^^^^^^
AssertionError: can only test a child process
Exception ignored in: <function _MultiProcessingDataLoaderIter.__del__ at 0x7fc7e4013ce0>
Traceback (most recent call last):
  File "/workspace/reseach1/.venv-server/lib/python3.12/site-packages/torch/utils/data/dataloader.py", line 1664, in __del__
    self._shutdown_workers()
  File "/workspace/reseach1/.venv-server/lib/python3.12/site-packages/torch/utils/data/dataloader.py", line 1647, in _shutdown_workers
    if w.is_alive():
       ^^^^^^^^^^^^
  File "/usr/lib/python3.12/multiprocessing/process.py", line 160, in is_alive
    assert self._parent_pid == os.getpid(), 'can only test a child process'
           ^^^^^^^^^^^^^^^^^^^^^^^^^^^^^^^
AssertionError: can only test a child process
Exception ignored in: <function _MultiProcessingDataLoaderIter.__del__ at 0x7fc7e4013ce0>
Traceback (most recent call last):
  File "/workspace/reseach1/.venv-server/lib/python3.12/site-packages/torch/utils/data/dataloader.py", line 1664, in __del__
    self._shutdown_workers()
  File "/workspace/reseach1/.venv-server/lib/python3.12/site-packages/torch/utils/data/dataloader.py", line 1647, in _shutdown_workers
    if w.is_alive():
       ^^^^^^^^^^^^
  File "/usr/lib/python3.12/multiprocessing/process.py", line 160, in is_alive
    assert self._parent_pid == os.getpid(), 'can only test a child process'
           ^^^^^^^^^^^^^^^^^^^^^^^^^^^^^^^
AssertionError: can only test a child process
Exception ignored in: <function _MultiProcessingDataLoaderIter.__del__ at 0x7fc7e4013ce0>
Traceback (most recent call last):
  File "/workspace/reseach1/.venv-server/lib/python3.12/site-packages/torch/utils/data/dataloader.py", line 1664, in __del__
    self._shutdown_workers()
  File "/workspace/reseach1/.venv-server/lib/python3.12/site-packages/torch/utils/data/dataloader.py", line 1647, in _shutdown_workers
    if w.is_alive():
       ^^^^^^^^^^^^
  File "/usr/lib/python3.12/multiprocessing/process.py", line 160, in is_alive
    assert self._parent_pid == os.getpid(), 'can only test a child process'
           ^^^^^^^^^^^^^^^^^^^^^^^^^^^^^^^
AssertionError: can only test a child process
edge_mlp seed=33 step=3230 epoch=1 loss=0.3846 val_macro_f1=0.6463
edge_mlp seed=33 step=4038 epoch=2 loss=0.3295 val_macro_f1=0.6502
edge_mlp seed=33 step=4846 epoch=2 loss=0.3073 val_macro_f1=0.6540
edge_mlp seed=33 step=5654 epoch=2 loss=0.3073 val_macro_f1=0.6354
edge_mlp seed=33 step=6460 epoch=2 loss=0.3173 val_macro_f1=0.6556
DONE NF-CSE-CIC-IDS2018-v2__multiclass__edge_mlp__seed33 test_macro_f1=0.6550 seconds=170.0
START NF-CSE-CIC-IDS2018-v2__multiclass__sage__seed11
sage seed=11 step=3230 epoch=1 loss=0.3348 val_macro_f1=0.6513
sage seed=11 step=4038 epoch=2 loss=0.2805 val_macro_f1=0.6538
sage seed=11 step=4846 epoch=2 loss=0.2917 val_macro_f1=0.7098
sage seed=11 step=5654 epoch=2 loss=0.2780 val_macro_f1=0.6408
sage seed=11 step=6460 epoch=2 loss=0.3134 val_macro_f1=0.6583
DONE NF-CSE-CIC-IDS2018-v2__multiclass__sage__seed11 test_macro_f1=0.7103 seconds=238.5
START NF-CSE-CIC-IDS2018-v2__multiclass__sage__seed22
sage seed=22 step=3230 epoch=1 loss=0.3351 val_macro_f1=0.6525
sage seed=22 step=4038 epoch=2 loss=0.2995 val_macro_f1=0.5967
sage seed=22 step=4846 epoch=2 loss=0.2909 val_macro_f1=0.6136
sage seed=22 step=5654 epoch=2 loss=0.2698 val_macro_f1=0.5809
sage seed=22 step=6460 epoch=2 loss=0.2981 val_macro_f1=0.6003
DONE NF-CSE-CIC-IDS2018-v2__multiclass__sage__seed22 test_macro_f1=0.6711 seconds=237.0
START NF-CSE-CIC-IDS2018-v2__multiclass__sage__seed33
sage seed=33 step=3230 epoch=1 loss=0.3411 val_macro_f1=0.5740
sage seed=33 step=4038 epoch=2 loss=0.2855 val_macro_f1=0.6055
sage seed=33 step=4846 epoch=2 loss=0.2886 val_macro_f1=0.7095
sage seed=33 step=5654 epoch=2 loss=0.2747 val_macro_f1=0.6376
sage seed=33 step=6460 epoch=2 loss=0.3139 val_macro_f1=0.4657
DONE NF-CSE-CIC-IDS2018-v2__multiclass__sage__seed33 test_macro_f1=0.7177 seconds=247.4
START NF-CSE-CIC-IDS2018-v2__multiclass__sage_edge__seed11
sage_edge seed=11 step=3230 epoch=1 loss=0.3334 val_macro_f1=0.6762
sage_edge seed=11 step=4038 epoch=2 loss=0.2972 val_macro_f1=0.6392
sage_edge seed=11 step=4846 epoch=2 loss=0.2907 val_macro_f1=0.5987
sage_edge seed=11 step=5654 epoch=2 loss=0.2880 val_macro_f1=0.6357
sage_edge seed=11 step=6460 epoch=2 loss=0.2896 val_macro_f1=0.6534
DONE NF-CSE-CIC-IDS2018-v2__multiclass__sage_edge__seed11 test_macro_f1=0.6904 seconds=247.2
START NF-CSE-CIC-IDS2018-v2__multiclass__sage_edge__seed22
sage_edge seed=22 step=3230 epoch=1 loss=0.3353 val_macro_f1=0.6614
sage_edge seed=22 step=4038 epoch=2 loss=0.2812 val_macro_f1=0.6781
sage_edge seed=22 step=4846 epoch=2 loss=0.2868 val_macro_f1=0.6269
sage_edge seed=22 step=5654 epoch=2 loss=0.3119 val_macro_f1=0.6557
sage_edge seed=22 step=6460 epoch=2 loss=0.3199 val_macro_f1=0.5382
DONE NF-CSE-CIC-IDS2018-v2__multiclass__sage_edge__seed22 test_macro_f1=0.6988 seconds=246.1
START NF-CSE-CIC-IDS2018-v2__multiclass__sage_edge__seed33
sage_edge seed=33 step=3230 epoch=1 loss=0.3356 val_macro_f1=0.6559
sage_edge seed=33 step=4038 epoch=2 loss=0.3541 val_macro_f1=0.6595
sage_edge seed=33 step=4846 epoch=2 loss=0.3182 val_macro_f1=0.6530
sage_edge seed=33 step=5654 epoch=2 loss=0.3112 val_macro_f1=0.6534
sage_edge seed=33 step=6460 epoch=2 loss=0.3225 val_macro_f1=0.5937
DONE NF-CSE-CIC-IDS2018-v2__multiclass__sage_edge__seed33 test_macro_f1=0.6779 seconds=247.2
START NF-CSE-CIC-IDS2018-v2__binary__edge_mlp__seed11
Exception ignored in: <function _MultiProcessingDataLoaderIter.__del__ at 0x7fc7e4013ce0>
Traceback (most recent call last):
  File "/workspace/reseach1/.venv-server/lib/python3.12/site-packages/torch/utils/data/dataloader.py", line 1664, in __del__
    self._shutdown_workers()
Exception ignored in: <function _MultiProcessingDataLoaderIter.__del__ at 0x7fc7e4013ce0>
Traceback (most recent call last):
  File "/workspace/reseach1/.venv-server/lib/python3.12/site-packages/torch/utils/data/dataloader.py", line 1664, in __del__
  File "/workspace/reseach1/.venv-server/lib/python3.12/site-packages/torch/utils/data/dataloader.py", line 1647, in _shutdown_workers
Exception ignored in: <function _MultiProcessingDataLoaderIter.__del__ at 0x7fc7e4013ce0>
Traceback (most recent call last):
  File "/workspace/reseach1/.venv-server/lib/python3.12/site-packages/torch/utils/data/dataloader.py", line 1664, in __del__
    if w.is_alive():
  Exception ignored in:      ^<function _MultiProcessingDataLoaderIter.__del__ at 0x7fc7e4013ce0>^
^^^^^^^^^^
  File "/usr/lib/python3.12/multiprocessing/process.py", line 160, in is_alive
Traceback (most recent call last):
  File "/workspace/reseach1/.venv-server/lib/python3.12/site-packages/torch/utils/data/dataloader.py", line 1664, in __del__
    self._shutdown_workers()
    assert self._parent_pid == os.getpid(), 'can only test a child process'
           ^^^^^  File "/workspace/reseach1/.venv-server/lib/python3.12/site-packages/torch/utils/data/dataloader.py", line 1647, in _shutdown_workers
^^^^^^^^^^^^^^^^^^^^^^^^^^
AssertionError: can only test a child process
    self._shutdown_workers()
    if w.is_alive():
  File "/workspace/reseach1/.venv-server/lib/python3.12/site-packages/torch/utils/data/dataloader.py", line 1647, in _shutdown_workers
       ^^^^^^^^^^^^
  File "/usr/lib/python3.12/multiprocessing/process.py", line 160, in is_alive
    self._shutdown_workers()
    assert self._parent_pid == os.getpid(), 'can only test a child process'
           ^^^^^^^^^^^^^^^  File "/workspace/reseach1/.venv-server/lib/python3.12/site-packages/torch/utils/data/dataloader.py", line 1647, in _shutdown_workers
^^^^^^^^^^^^^^^^
AssertionError: can only test a child process
    if w.is_alive():
    if w.is_alive():
       ^ ^ ^ ^  ^ ^ ^^^^^^^^^^^^^^^
^^^
  File "/usr/lib/python3.12/multiprocessing/process.py", line 160, in is_alive
  File "/usr/lib/python3.12/multiprocessing/process.py", line 160, in is_alive
    assert self._parent_pid == os.getpid(), 'can only test a child process'
           ^^^    ^assert self._parent_pid == os.getpid(), 'can only test a child process'^^
^^^^^^^^^^^^^^^^^^^^^^^^^
AssertionError: can only test a child process 
          ^^^^^^^^^^^^^^^^^^^^^^^^^^^^^^^
AssertionError: can only test a child process
Exception ignored in: <function _MultiProcessingDataLoaderIter.__del__ at 0x7fc7e4013ce0>
Traceback (most recent call last):
  File "/workspace/reseach1/.venv-server/lib/python3.12/site-packages/torch/utils/data/dataloader.py", line 1664, in __del__
Exception ignored in: <function _MultiProcessingDataLoaderIter.__del__ at 0x7fc7e4013ce0>
Traceback (most recent call last):
  File "/workspace/reseach1/.venv-server/lib/python3.12/site-packages/torch/utils/data/dataloader.py", line 1664, in __del__
Exception ignored in: <function _MultiProcessingDataLoaderIter.__del__ at 0x7fc7e4013ce0>
Traceback (most recent call last):
  File "/workspace/reseach1/.venv-server/lib/python3.12/site-packages/torch/utils/data/dataloader.py", line 1664, in __del__
Exception ignored in: <function _MultiProcessingDataLoaderIter.__del__ at 0x7fc7e4013ce0>
Traceback (most recent call last):
  File "/workspace/reseach1/.venv-server/lib/python3.12/site-packages/torch/utils/data/dataloader.py", line 1664, in __del__
    self._shutdown_workers()
  File "/workspace/reseach1/.venv-server/lib/python3.12/site-packages/torch/utils/data/dataloader.py", line 1647, in _shutdown_workers
    self._shutdown_workers()
  File "/workspace/reseach1/.venv-server/lib/python3.12/site-packages/torch/utils/data/dataloader.py", line 1647, in _shutdown_workers
    if w.is_alive():
       ^^^^^^^^^^^^
  File "/usr/lib/python3.12/multiprocessing/process.py", line 160, in is_alive
    assert self._parent_pid == os.getpid(), 'can only test a child process'
           ^^    ^if w.is_alive():^
^^^^^^ ^  ^ ^   ^^^^^^^^^^^^^^^^^^^^^
^^  File "/usr/lib/python3.12/multiprocessing/process.py", line 160, in is_alive
^^^^^^^
AssertionError: can only test a child process
    assert self._parent_pid == os.getpid(), 'can only test a child process'
           ^^^^^^^^^^^^^^^^^^^^^^^^^^^^^^^
AssertionError: can only test a child process
    self._shutdown_workers()
  File "/workspace/reseach1/.venv-server/lib/python3.12/site-packages/torch/utils/data/dataloader.py", line 1647, in _shutdown_workers
    self._shutdown_workers()
  File "/workspace/reseach1/.venv-server/lib/python3.12/site-packages/torch/utils/data/dataloader.py", line 1647, in _shutdown_workers
    if w.is_alive():
       ^^^^^^^^^^^^
  File "/usr/lib/python3.12/multiprocessing/process.py", line 160, in is_alive
    if w.is_alive():
    assert self._parent_pid == os.getpid(), 'can only test a child process'
       ^^^^^^^ ^^ ^ ^ ^
    File "/usr/lib/python3.12/multiprocessing/process.py", line 160, in is_alive
     ^^^^^^^^^^^^^^^^^^^^^^^^^    assert self._parent_pid == os.getpid(), 'can only test a child process'^
^^^^^
AssertionError  :   can only test a child process  
     ^^^^^^^^^^^^^^^^^^^^^^^^^^^^^^^
AssertionError: can only test a child process
Exception ignored in: <function _MultiProcessingDataLoaderIter.__del__ at 0x7fc7e4013ce0>
Traceback (most recent call last):
Exception ignored in: <function _MultiProcessingDataLoaderIter.__del__ at 0x7fc7e4013ce0>
Traceback (most recent call last):
Exception ignored in: <function _MultiProcessingDataLoaderIter.__del__ at 0x7fc7e4013ce0>
Traceback (most recent call last):
Exception ignored in: <function _MultiProcessingDataLoaderIter.__del__ at 0x7fc7e4013ce0>
Traceback (most recent call last):
  File "/workspace/reseach1/.venv-server/lib/python3.12/site-packages/torch/utils/data/dataloader.py", line 1664, in __del__
  File "/workspace/reseach1/.venv-server/lib/python3.12/site-packages/torch/utils/data/dataloader.py", line 1664, in __del__
    self._shutdown_workers()  File "/workspace/reseach1/.venv-server/lib/python3.12/site-packages/torch/utils/data/dataloader.py", line 1664, in __del__
  File "/workspace/reseach1/.venv-server/lib/python3.12/site-packages/torch/utils/data/dataloader.py", line 1664, in __del__
    self._shutdown_workers()
  File "/workspace/reseach1/.venv-server/lib/python3.12/site-packages/torch/utils/data/dataloader.py", line 1647, in _shutdown_workers
    self._shutdown_workers()
  File "/workspace/reseach1/.venv-server/lib/python3.12/site-packages/torch/utils/data/dataloader.py", line 1647, in _shutdown_workers
    if w.is_alive():
       ^^^    ^^self._shutdown_workers()^
^^^^^^
  File "/usr/lib/python3.12/multiprocessing/process.py", line 160, in is_alive
    if w.is_alive():  File "/workspace/reseach1/.venv-server/lib/python3.12/site-packages/torch/utils/data/dataloader.py", line 1647, in _shutdown_workers

       ^^^^^^^^
^^^^
    assert self._parent_pid == os.getpid(), 'can only test a child process'  File "/usr/lib/python3.12/multiprocessing/process.py", line 160, in is_alive

  File "/workspace/reseach1/.venv-server/lib/python3.12/site-packages/torch/utils/data/dataloader.py", line 1647, in _shutdown_workers
           ^^^^^^^^^^^^^^^^^^^^^^^^^^^    ^assert self._parent_pid == os.getpid(), 'can only test a child process'^^
^
AssertionError: can only test a child process
           ^^^^^^^^^^^^^^^^^^^^^^^^^^^^^^^
    if w.is_alive():AssertionError
: can only test a child process
       ^^^^^^^^^^^^
  File "/usr/lib/python3.12/multiprocessing/process.py", line 160, in is_alive
    assert self._parent_pid == os.getpid(), 'can only test a child process'
           ^^^^^^^^^^^^^^^^^^^^^^^^^^^^^^^
AssertionError: can only test a child process
    if w.is_alive():
       ^^^^^^^^^^^^
  File "/usr/lib/python3.12/multiprocessing/process.py", line 160, in is_alive
    assert self._parent_pid == os.getpid(), 'can only test a child process'
           ^^^^^^^^^^^^^^^^^^^^^^^^^^^^^^^
AssertionError: can only test a child process
Exception ignored in: <function _MultiProcessingDataLoaderIter.__del__ at 0x7fc7e4013ce0>Exception ignored in: <function _MultiProcessingDataLoaderIter.__del__ at 0x7fc7e4013ce0>
Traceback (most recent call last):
  File "/workspace/reseach1/.venv-server/lib/python3.12/site-packages/torch/utils/data/dataloader.py", line 1664, in __del__
Exception ignored in: 
<function _MultiProcessingDataLoaderIter.__del__ at 0x7fc7e4013ce0>Traceback (most recent call last):

  File "/workspace/reseach1/.venv-server/lib/python3.12/site-packages/torch/utils/data/dataloader.py", line 1664, in __del__
Exception ignored in: <function _MultiProcessingDataLoaderIter.__del__ at 0x7fc7e4013ce0>
    self._shutdown_workers()
  File "/workspace/reseach1/.venv-server/lib/python3.12/site-packages/torch/utils/data/dataloader.py", line 1647, in _shutdown_workers
    self._shutdown_workers()
  File "/workspace/reseach1/.venv-server/lib/python3.12/site-packages/torch/utils/data/dataloader.py", line 1647, in _shutdown_workers
    if w.is_alive():
       ^^^^^^^^^^^^
  File "/usr/lib/python3.12/multiprocessing/process.py", line 160, in is_alive
    if w.is_alive():Traceback (most recent call last):

  File "/workspace/reseach1/.venv-server/lib/python3.12/site-packages/torch/utils/data/dataloader.py", line 1664, in __del__
       ^^^^^^^^^^^^
  File "/usr/lib/python3.12/multiprocessing/process.py", line 160, in is_alive
    assert self._parent_pid == os.getpid(), 'can only test a child process'
           ^^^^^^^^^^^^^^^^^^    ^assert self._parent_pid == os.getpid(), 'can only test a child process'^^
^^^^^^^^^^
AssertionError: can only test a child process 
          ^^^^^^^^^^^^^^^^^^^^^^^^^^^^^^^
AssertionError: can only test a child process
Traceback (most recent call last):
  File "/workspace/reseach1/.venv-server/lib/python3.12/site-packages/torch/utils/data/dataloader.py", line 1664, in __del__
    self._shutdown_workers()
  File "/workspace/reseach1/.venv-server/lib/python3.12/site-packages/torch/utils/data/dataloader.py", line 1647, in _shutdown_workers
        self._shutdown_workers()if w.is_alive():

         File "/workspace/reseach1/.venv-server/lib/python3.12/site-packages/torch/utils/data/dataloader.py", line 1647, in _shutdown_workers
^^^^^^^^^^^^
  File "/usr/lib/python3.12/multiprocessing/process.py", line 160, in is_alive
    assert self._parent_pid == os.getpid(), 'can only test a child process'
           ^^^^^^^^^^^^^^^^^^^^^^^^^^^^^^^
AssertionError: can only test a child process
    if w.is_alive():
       ^^^^^^^^^^^^
  File "/usr/lib/python3.12/multiprocessing/process.py", line 160, in is_alive
    assert self._parent_pid == os.getpid(), 'can only test a child process'
           ^^^^^^^^^^^^^^^^^^^^^^^^^^^^^^^
AssertionError: can only test a child process
Exception ignored in: Exception ignored in: <function _MultiProcessingDataLoaderIter.__del__ at 0x7fc7e4013ce0>
Traceback (most recent call last):
Exception ignored in: <function _MultiProcessingDataLoaderIter.__del__ at 0x7fc7e4013ce0>
  File "/workspace/reseach1/.venv-server/lib/python3.12/site-packages/torch/utils/data/dataloader.py", line 1664, in __del__
Traceback (most recent call last):
  File "/workspace/reseach1/.venv-server/lib/python3.12/site-packages/torch/utils/data/dataloader.py", line 1664, in __del__
<function _MultiProcessingDataLoaderIter.__del__ at 0x7fc7e4013ce0>
Traceback (most recent call last):
  File "/workspace/reseach1/.venv-server/lib/python3.12/site-packages/torch/utils/data/dataloader.py", line 1664, in __del__
Exception ignored in:     self._shutdown_workers()
  File "/workspace/reseach1/.venv-server/lib/python3.12/site-packages/torch/utils/data/dataloader.py", line 1647, in _shutdown_workers
<function _MultiProcessingDataLoaderIter.__del__ at 0x7fc7e4013ce0>    self._shutdown_workers()

Traceback (most recent call last):
  File "/workspace/reseach1/.venv-server/lib/python3.12/site-packages/torch/utils/data/dataloader.py", line 1664, in __del__
  File "/workspace/reseach1/.venv-server/lib/python3.12/site-packages/torch/utils/data/dataloader.py", line 1647, in _shutdown_workers
    self._shutdown_workers()
  File "/workspace/reseach1/.venv-server/lib/python3.12/site-packages/torch/utils/data/dataloader.py", line 1647, in _shutdown_workers
    if w.is_alive():
       ^^^^^^^^^^^^
  File "/usr/lib/python3.12/multiprocessing/process.py", line 160, in is_alive
    assert self._parent_pid == os.getpid(), 'can only test a child process'
           ^^^^^^^^^^^    ^if w.is_alive():^
^^^^^^^^^ ^ ^ ^ ^ ^ ^ ^^^^^^
^^AssertionError^: ^^can only test a child process^
^^^
  File "/usr/lib/python3.12/multiprocessing/process.py", line 160, in is_alive
    if w.is_alive():
       ^^^^^    ^assert self._parent_pid == os.getpid(), 'can only test a child process'^
^^^^^
  File "/usr/lib/python3.12/multiprocessing/process.py", line 160, in is_alive
           ^^^^^^^^^^^^^^^^    ^^self._shutdown_workers()^
^^^^^^^^^^^^
AssertionError:     can only test a child processassert self._parent_pid == os.getpid(), 'can only test a child process'

  File "/workspace/reseach1/.venv-server/lib/python3.12/site-packages/torch/utils/data/dataloader.py", line 1647, in _shutdown_workers
           ^^^^^^^^^^^^^^^^^^^^^^^^^^^^^^^
AssertionError: can only test a child process
    if w.is_alive():
       ^^^^^^^^^^^^
  File "/usr/lib/python3.12/multiprocessing/process.py", line 160, in is_alive
    assert self._parent_pid == os.getpid(), 'can only test a child process'
           ^^^^^^^^^^^^^^^^^^^^^^^^^^^^^^^
AssertionError: can only test a child process
Exception ignored in: <function _MultiProcessingDataLoaderIter.__del__ at 0x7fc7e4013ce0>
Exception ignored in: Traceback (most recent call last):
<function _MultiProcessingDataLoaderIter.__del__ at 0x7fc7e4013ce0>
  File "/workspace/reseach1/.venv-server/lib/python3.12/site-packages/torch/utils/data/dataloader.py", line 1664, in __del__
Traceback (most recent call last):
  File "/workspace/reseach1/.venv-server/lib/python3.12/site-packages/torch/utils/data/dataloader.py", line 1664, in __del__
    self._shutdown_workers()
  File "/workspace/reseach1/.venv-server/lib/python3.12/site-packages/torch/utils/data/dataloader.py", line 1647, in _shutdown_workers
    self._shutdown_workers()
  File "/workspace/reseach1/.venv-server/lib/python3.12/site-packages/torch/utils/data/dataloader.py", line 1647, in _shutdown_workers
Exception ignored in: <function _MultiProcessingDataLoaderIter.__del__ at 0x7fc7e4013ce0>
Traceback (most recent call last):
  File "/workspace/reseach1/.venv-server/lib/python3.12/site-packages/torch/utils/data/dataloader.py", line 1664, in __del__
    if w.is_alive():
       ^^^^^^^^^^^^
      File "/usr/lib/python3.12/multiprocessing/process.py", line 160, in is_alive
if w.is_alive():
       ^^^^^^^^^^^^
  File "/usr/lib/python3.12/multiprocessing/process.py", line 160, in is_alive
    assert self._parent_pid == os.getpid(), 'can only test a child process'
           assert self._parent_pid == os.getpid(), 'can only test a child process' 
   ^^^^^^^^^^ ^ ^ ^ ^ ^ ^ ^ ^ ^ ^ ^^^^^^^^^^^^^^^^^^^^^^
^^AssertionError^: ^can only test a child process^^
^^^^^^^^^^^^^^
AssertionError: can only test a child process
    self._shutdown_workers()
Exception ignored in:   File "/workspace/reseach1/.venv-server/lib/python3.12/site-packages/torch/utils/data/dataloader.py", line 1647, in _shutdown_workers
<function _MultiProcessingDataLoaderIter.__del__ at 0x7fc7e4013ce0>
Traceback (most recent call last):
  File "/workspace/reseach1/.venv-server/lib/python3.12/site-packages/torch/utils/data/dataloader.py", line 1664, in __del__
    if w.is_alive():
           self._shutdown_workers()^^^^^^^^^^^^
  File "/usr/lib/python3.12/multiprocessing/process.py", line 160, in is_alive

      File "/workspace/reseach1/.venv-server/lib/python3.12/site-packages/torch/utils/data/dataloader.py", line 1647, in _shutdown_workers
assert self._parent_pid == os.getpid(), 'can only test a child process'
           ^^^^^^^^^^^^^^^^^^^^^^^^^^^^^^^
AssertionError: can only test a child process
    if w.is_alive():
       ^^^^^^^^^^^^
  File "/usr/lib/python3.12/multiprocessing/process.py", line 160, in is_alive
    assert self._parent_pid == os.getpid(), 'can only test a child process'
           ^^^^^^^^^^^^^^^^^^^^^^^^^^^^^^^
AssertionError: can only test a child process
Exception ignored in: <function _MultiProcessingDataLoaderIter.__del__ at 0x7fc7e4013ce0>
Traceback (most recent call last):
  File "/workspace/reseach1/.venv-server/lib/python3.12/site-packages/torch/utils/data/dataloader.py", line 1664, in __del__
    self._shutdown_workers()
  File "/workspace/reseach1/.venv-server/lib/python3.12/site-packages/torch/utils/data/dataloader.py", line 1647, in _shutdown_workers
    if w.is_alive():
       ^^^^^^^^^^^^
  File "/usr/lib/python3.12/multiprocessing/process.py", line 160, in is_alive
    assert self._parent_pid == os.getpid(), 'can only test a child process'
           ^^^^^^^^^^^^^^^^^^^^^^^^^^^^^^^
AssertionError: can only test a child process
Exception ignored in: <function _MultiProcessingDataLoaderIter.__del__ at 0x7fc7e4013ce0>
Traceback (most recent call last):
  File "/workspace/reseach1/.venv-server/lib/python3.12/site-packages/torch/utils/data/dataloader.py", line 1664, in __del__
    self._shutdown_workers()
  File "/workspace/reseach1/.venv-server/lib/python3.12/site-packages/torch/utils/data/dataloader.py", line 1647, in _shutdown_workers
    if w.is_alive():
       ^^^^^^^^^^^^
  File "/usr/lib/python3.12/multiprocessing/process.py", line 160, in is_alive
    assert self._parent_pid == os.getpid(), 'can only test a child process'
           ^^^^^^^^^^^^^^^^^^^^^^^^^^^^^^^
AssertionError: can only test a child process
Exception ignored in: <function _MultiProcessingDataLoaderIter.__del__ at 0x7fc7e4013ce0>
Traceback (most recent call last):
  File "/workspace/reseach1/.venv-server/lib/python3.12/site-packages/torch/utils/data/dataloader.py", line 1664, in __del__
    self._shutdown_workers()
  File "/workspace/reseach1/.venv-server/lib/python3.12/site-packages/torch/utils/data/dataloader.py", line 1647, in _shutdown_workers
    if w.is_alive():
       ^^^^^^^^^^^^
  File "/usr/lib/python3.12/multiprocessing/process.py", line 160, in is_alive
    assert self._parent_pid == os.getpid(), 'can only test a child process'
           ^^^^^^^^^^^^^^^^^^^^^^^^^^^^^^^
AssertionError: can only test a child process
Exception ignored in: <function _MultiProcessingDataLoaderIter.__del__ at 0x7fc7e4013ce0>
Traceback (most recent call last):
  File "/workspace/reseach1/.venv-server/lib/python3.12/site-packages/torch/utils/data/dataloader.py", line 1664, in __del__
    self._shutdown_workers()
  File "/workspace/reseach1/.venv-server/lib/python3.12/site-packages/torch/utils/data/dataloader.py", line 1647, in _shutdown_workers
    if w.is_alive():
       ^^^^^^^^^^^^
  File "/usr/lib/python3.12/multiprocessing/process.py", line 160, in is_alive
    assert self._parent_pid == os.getpid(), 'can only test a child process'
           ^^^^^^^^^^^^^^^^^^^^^^^^^^^^^^^
AssertionError: can only test a child process
Exception ignored in: <function _MultiProcessingDataLoaderIter.__del__ at 0x7fc7e4013ce0>
Traceback (most recent call last):
  File "/workspace/reseach1/.venv-server/lib/python3.12/site-packages/torch/utils/data/dataloader.py", line 1664, in __del__
    self._shutdown_workers()
  File "/workspace/reseach1/.venv-server/lib/python3.12/site-packages/torch/utils/data/dataloader.py", line 1647, in _shutdown_workers
    if w.is_alive():
       ^^^^^^^^^^^^
  File "/usr/lib/python3.12/multiprocessing/process.py", line 160, in is_alive
    assert self._parent_pid == os.getpid(), 'can only test a child process'
           ^^^^^^^^^^^^^^^^^^^^^^^^^^^^^^^
AssertionError: can only test a child process
Exception ignored in: <function _MultiProcessingDataLoaderIter.__del__ at 0x7fc7e4013ce0>
Traceback (most recent call last):
  File "/workspace/reseach1/.venv-server/lib/python3.12/site-packages/torch/utils/data/dataloader.py", line 1664, in __del__
    self._shutdown_workers()
  File "/workspace/reseach1/.venv-server/lib/python3.12/site-packages/torch/utils/data/dataloader.py", line 1647, in _shutdown_workers
    if w.is_alive():
       ^^^^^^^^^^^^
  File "/usr/lib/python3.12/multiprocessing/process.py", line 160, in is_alive
    assert self._parent_pid == os.getpid(), 'can only test a child process'
           ^^^^^^^^^^^^^^^^^^^^^^^^^^^^^^^
AssertionError: can only test a child process
Exception ignored in: <function _MultiProcessingDataLoaderIter.__del__ at 0x7fc7e4013ce0>
Traceback (most recent call last):
  File "/workspace/reseach1/.venv-server/lib/python3.12/site-packages/torch/utils/data/dataloader.py", line 1664, in __del__
    self._shutdown_workers()
  File "/workspace/reseach1/.venv-server/lib/python3.12/site-packages/torch/utils/data/dataloader.py", line 1647, in _shutdown_workers
    if w.is_alive():
       ^^^^^^^^^^^^
  File "/usr/lib/python3.12/multiprocessing/process.py", line 160, in is_alive
    assert self._parent_pid == os.getpid(), 'can only test a child process'
           ^^^^^^^^^^^^^^^^^^^^^^^^^^^^^^^
AssertionError: can only test a child process
Exception ignored in: <function _MultiProcessingDataLoaderIter.__del__ at 0x7fc7e4013ce0>
Traceback (most recent call last):
  File "/workspace/reseach1/.venv-server/lib/python3.12/site-packages/torch/utils/data/dataloader.py", line 1664, in __del__
    self._shutdown_workers()
  File "/workspace/reseach1/.venv-server/lib/python3.12/site-packages/torch/utils/data/dataloader.py", line 1647, in _shutdown_workers
    if w.is_alive():
       ^^^^^^^^^^^^
  File "/usr/lib/python3.12/multiprocessing/process.py", line 160, in is_alive
    assert self._parent_pid == os.getpid(), 'can only test a child process'
           ^^^^^^^^^^^^^^^^^^^^^^^^^^^^^^^
AssertionError: can only test a child process
edge_mlp seed=11 step=3230 epoch=1 loss=0.1080 val_macro_f1=0.9816
edge_mlp seed=11 step=4038 epoch=2 loss=0.0904 val_macro_f1=0.9816
edge_mlp seed=11 step=4846 epoch=2 loss=0.0878 val_macro_f1=0.9831
edge_mlp seed=11 step=5654 epoch=2 loss=0.0882 val_macro_f1=0.9844
edge_mlp seed=11 step=6460 epoch=2 loss=0.0850 val_macro_f1=0.9843
DONE NF-CSE-CIC-IDS2018-v2__binary__edge_mlp__seed11 test_macro_f1=0.9844 seconds=162.0
START NF-CSE-CIC-IDS2018-v2__binary__edge_mlp__seed22
Exception ignored in: <function _MultiProcessingDataLoaderIter.__del__ at 0x7fc7e4013ce0>
Traceback (most recent call last):
  File "/workspace/reseach1/.venv-server/lib/python3.12/site-packages/torch/utils/data/dataloader.py", line 1664, in __del__
    self._shutdown_workers()
  File "/workspace/reseach1/.venv-server/lib/python3.12/site-packages/torch/utils/data/dataloader.py", line 1647, in _shutdown_workers
Exception ignored in: <function _MultiProcessingDataLoaderIter.__del__ at 0x7fc7e4013ce0>
Traceback (most recent call last):
  File "/workspace/reseach1/.venv-server/lib/python3.12/site-packages/torch/utils/data/dataloader.py", line 1664, in __del__
    if w.is_alive():
       ^^^^^^^^^^^^
  File "/usr/lib/python3.12/multiprocessing/process.py", line 160, in is_alive
    assert self._parent_pid == os.getpid(), 'can only test a child process'
           ^^^^^^^^^^^^^^^^^^^^^^^^^^^^^^^
AssertionError: can only test a child process
    self._shutdown_workers()
  File "/workspace/reseach1/.venv-server/lib/python3.12/site-packages/torch/utils/data/dataloader.py", line 1647, in _shutdown_workers
Exception ignored in: <function _MultiProcessingDataLoaderIter.__del__ at 0x7fc7e4013ce0>
Traceback (most recent call last):
  File "/workspace/reseach1/.venv-server/lib/python3.12/site-packages/torch/utils/data/dataloader.py", line 1664, in __del__
Exception ignored in: <function _MultiProcessingDataLoaderIter.__del__ at 0x7fc7e4013ce0>
Traceback (most recent call last):
  File "/workspace/reseach1/.venv-server/lib/python3.12/site-packages/torch/utils/data/dataloader.py", line 1664, in __del__
    if w.is_alive():
       ^^^^^^^^^^^^
  File "/usr/lib/python3.12/multiprocessing/process.py", line 160, in is_alive
    assert self._parent_pid == os.getpid(), 'can only test a child process'
           ^^^^^^^^^^^^^^^^^^^^^^^^^^^^^^^
AssertionError: can only test a child process
    self._shutdown_workers()
    self._shutdown_workers()
  File "/workspace/reseach1/.venv-server/lib/python3.12/site-packages/torch/utils/data/dataloader.py", line 1647, in _shutdown_workers
  File "/workspace/reseach1/.venv-server/lib/python3.12/site-packages/torch/utils/data/dataloader.py", line 1647, in _shutdown_workers
    if w.is_alive():
       ^^^^^^    ^if w.is_alive():^
^^^^
  File "/usr/lib/python3.12/multiprocessing/process.py", line 160, in is_alive
       ^^^^^^^^^^^^
  File "/usr/lib/python3.12/multiprocessing/process.py", line 160, in is_alive
    assert self._parent_pid == os.getpid(), 'can only test a child process'
            assert self._parent_pid == os.getpid(), 'can only test a child process' 
  ^^^^^^^^^^^^^^^^ ^ ^ ^^ ^ ^ ^ ^ ^ ^ ^ ^^^^^^^^
^^AssertionError^: ^^can only test a child process^
^^^^^^^^^^^^^^^^^^^^^
AssertionError: can only test a child process
Exception ignored in: <function _MultiProcessingDataLoaderIter.__del__ at 0x7fc7e4013ce0>
Traceback (most recent call last):
  File "/workspace/reseach1/.venv-server/lib/python3.12/site-packages/torch/utils/data/dataloader.py", line 1664, in __del__
Exception ignored in: <function _MultiProcessingDataLoaderIter.__del__ at 0x7fc7e4013ce0>
Traceback (most recent call last):
Exception ignored in: <function _MultiProcessingDataLoaderIter.__del__ at 0x7fc7e4013ce0>
Traceback (most recent call last):
  File "/workspace/reseach1/.venv-server/lib/python3.12/site-packages/torch/utils/data/dataloader.py", line 1664, in __del__
    self._shutdown_workers()
  File "/workspace/reseach1/.venv-server/lib/python3.12/site-packages/torch/utils/data/dataloader.py", line 1647, in _shutdown_workers
Exception ignored in: <function _MultiProcessingDataLoaderIter.__del__ at 0x7fc7e4013ce0>
Traceback (most recent call last):
    if w.is_alive():
       ^^^^^^^^^^^^
  File "/usr/lib/python3.12/multiprocessing/process.py", line 160, in is_alive
    assert self._parent_pid == os.getpid(), 'can only test a child process'
           ^^^^^^^^^^^^^^^^^^^^^^^^^^^^^^^
AssertionError: can only test a child process
  File "/workspace/reseach1/.venv-server/lib/python3.12/site-packages/torch/utils/data/dataloader.py", line 1664, in __del__
    self._shutdown_workers()
  File "/workspace/reseach1/.venv-server/lib/python3.12/site-packages/torch/utils/data/dataloader.py", line 1647, in _shutdown_workers
    if w.is_alive():
       ^^^^^^^^^^^^
  File "/usr/lib/python3.12/multiprocessing/process.py", line 160, in is_alive
    assert self._parent_pid == os.getpid(), 'can only test a child process'
  File "/workspace/reseach1/.venv-server/lib/python3.12/site-packages/torch/utils/data/dataloader.py", line 1664, in __del__
           ^^^^^^^^^^^^^^^^^^^^^^^^^^^^^^^
AssertionError: can only test a child process
    self._shutdown_workers()
  File "/workspace/reseach1/.venv-server/lib/python3.12/site-packages/torch/utils/data/dataloader.py", line 1647, in _shutdown_workers
    self._shutdown_workers()
  File "/workspace/reseach1/.venv-server/lib/python3.12/site-packages/torch/utils/data/dataloader.py", line 1647, in _shutdown_workers
    if w.is_alive():
       ^^^^^^^^^^^^    
if w.is_alive():
  File "/usr/lib/python3.12/multiprocessing/process.py", line 160, in is_alive
       ^^^^^^^^^^^^
  File "/usr/lib/python3.12/multiprocessing/process.py", line 160, in is_alive
    assert self._parent_pid == os.getpid(), 'can only test a child process'
           ^^^^^^^    ^assert self._parent_pid == os.getpid(), 'can only test a child process'^
^^^^^^^^^^^^ ^ ^ ^ ^ ^ ^ ^ ^ ^ ^ 
^AssertionError^: ^Exception ignored in: ^can only test a child process^
^<function _MultiProcessingDataLoaderIter.__del__ at 0x7fc7e4013ce0>^^^^^^^^^
^^^Traceback (most recent call last):
^^^^^^^^^^^^^
AssertionError: can only test a child process
  File "/workspace/reseach1/.venv-server/lib/python3.12/site-packages/torch/utils/data/dataloader.py", line 1664, in __del__
    self._shutdown_workers()
  File "/workspace/reseach1/.venv-server/lib/python3.12/site-packages/torch/utils/data/dataloader.py", line 1647, in _shutdown_workers
    if w.is_alive():
Exception ignored in:  <function _MultiProcessingDataLoaderIter.__del__ at 0x7fc7e4013ce0> 
 Traceback (most recent call last):
    ^^^^^^^^^^^^
  File "/usr/lib/python3.12/multiprocessing/process.py", line 160, in is_alive
    assert self._parent_pid == os.getpid(), 'can only test a child process'
           ^^^^^^^^^^^^^^^^^^^^^^^^^^^^^^^
AssertionError: can only test a child process
Exception ignored in: <function _MultiProcessingDataLoaderIter.__del__ at 0x7fc7e4013ce0>
  File "/workspace/reseach1/.venv-server/lib/python3.12/site-packages/torch/utils/data/dataloader.py", line 1664, in __del__
Traceback (most recent call last):
  File "/workspace/reseach1/.venv-server/lib/python3.12/site-packages/torch/utils/data/dataloader.py", line 1664, in __del__
    self._shutdown_workers()
  File "/workspace/reseach1/.venv-server/lib/python3.12/site-packages/torch/utils/data/dataloader.py", line 1647, in _shutdown_workers
Exception ignored in:     self._shutdown_workers()
  File "/workspace/reseach1/.venv-server/lib/python3.12/site-packages/torch/utils/data/dataloader.py", line 1647, in _shutdown_workers
    if w.is_alive():
       ^^^^^^^^^^^^
  File "/usr/lib/python3.12/multiprocessing/process.py", line 160, in is_alive
    assert self._parent_pid == os.getpid(), 'can only test a child process'
    if w.is_alive(): 
           ^ ^ ^ ^ ^ ^ ^^^^^^^^^^^^^^^^^^^^^^^^
^^  File "/usr/lib/python3.12/multiprocessing/process.py", line 160, in is_alive
^^^^^^^^^^^
AssertionError: can only test a child process
<function _MultiProcessingDataLoaderIter.__del__ at 0x7fc7e4013ce0>    
assert self._parent_pid == os.getpid(), 'can only test a child process'
Traceback (most recent call last):
  File "/workspace/reseach1/.venv-server/lib/python3.12/site-packages/torch/utils/data/dataloader.py", line 1664, in __del__
           ^^^^^^^^^^^^^^^^^^^^^^^^^^^^^^^
AssertionError: can only test a child process
    self._shutdown_workers()
  File "/workspace/reseach1/.venv-server/lib/python3.12/site-packages/torch/utils/data/dataloader.py", line 1647, in _shutdown_workers
    if w.is_alive():
       ^^^^^^^^^^^^
  File "/usr/lib/python3.12/multiprocessing/process.py", line 160, in is_alive
    assert self._parent_pid == os.getpid(), 'can only test a child process'
           ^^^^^^^^^^^^^^^^^^^^^^^^^^^^^^^
AssertionError: can only test a child process
Exception ignored in: <function _MultiProcessingDataLoaderIter.__del__ at 0x7fc7e4013ce0>
Traceback (most recent call last):
  File "/workspace/reseach1/.venv-server/lib/python3.12/site-packages/torch/utils/data/dataloader.py", line 1664, in __del__
    self._shutdown_workers()
  File "/workspace/reseach1/.venv-server/lib/python3.12/site-packages/torch/utils/data/dataloader.py", line 1647, in _shutdown_workers
    if w.is_alive():
       ^^^^^^^^^^^^
  File "/usr/lib/python3.12/multiprocessing/process.py", line 160, in is_alive
    assert self._parent_pid == os.getpid(), 'can only test a child process'
           ^^^^^^^^^^^^^^^^^^^^^^^^^^^^^^^
AssertionError: can only test a child process
Exception ignored in: <function _MultiProcessingDataLoaderIter.__del__ at 0x7fc7e4013ce0>
Traceback (most recent call last):
  File "/workspace/reseach1/.venv-server/lib/python3.12/site-packages/torch/utils/data/dataloader.py", line 1664, in __del__
Exception ignored in:     self._shutdown_workers()
Exception ignored in: <function _MultiProcessingDataLoaderIter.__del__ at 0x7fc7e4013ce0>  File "/workspace/reseach1/.venv-server/lib/python3.12/site-packages/torch/utils/data/dataloader.py", line 1647, in _shutdown_workers
<function _MultiProcessingDataLoaderIter.__del__ at 0x7fc7e4013ce0>
Traceback (most recent call last):
  File "/workspace/reseach1/.venv-server/lib/python3.12/site-packages/torch/utils/data/dataloader.py", line 1664, in __del__
    if w.is_alive():
       ^^^^^^^^^^^^
  File "/usr/lib/python3.12/multiprocessing/process.py", line 160, in is_alive

Traceback (most recent call last):
  File "/workspace/reseach1/.venv-server/lib/python3.12/site-packages/torch/utils/data/dataloader.py", line 1664, in __del__
    assert self._parent_pid == os.getpid(), 'can only test a child process'
    self._shutdown_workers()
             File "/workspace/reseach1/.venv-server/lib/python3.12/site-packages/torch/utils/data/dataloader.py", line 1647, in _shutdown_workers
^^^^^^^^^^^^^^^^^^^^^^^^^^^^^^^
AssertionError: can only test a child process
Exception ignored in: <function _MultiProcessingDataLoaderIter.__del__ at 0x7fc7e4013ce0>
Traceback (most recent call last):
  File "/workspace/reseach1/.venv-server/lib/python3.12/site-packages/torch/utils/data/dataloader.py", line 1664, in __del__
    self._shutdown_workers()
    if w.is_alive():
  File "/workspace/reseach1/.venv-server/lib/python3.12/site-packages/torch/utils/data/dataloader.py", line 1647, in _shutdown_workers
       ^^^^^^^^    ^self._shutdown_workers()^
^^
  File "/usr/lib/python3.12/multiprocessing/process.py", line 160, in is_alive
  File "/workspace/reseach1/.venv-server/lib/python3.12/site-packages/torch/utils/data/dataloader.py", line 1647, in _shutdown_workers
    assert self._parent_pid == os.getpid(), 'can only test a child process'
           ^^^^^^^^^^^^^^^^^^^^^^^^^^^^^^^
    AssertionErrorif w.is_alive():
: can only test a child process
       ^^^^^^^^^^^^
  File "/usr/lib/python3.12/multiprocessing/process.py", line 160, in is_alive
    assert self._parent_pid == os.getpid(), 'can only test a child process'
           ^^^^^^^^^^^^^^^^^^^^    ^^^if w.is_alive():^^
^^^^^^
AssertionError: can only test a child process
       ^^^^^^^^^^^^
  File "/usr/lib/python3.12/multiprocessing/process.py", line 160, in is_alive
    assert self._parent_pid == os.getpid(), 'can only test a child process'
           ^^^^^^^^^^^^^^^^^^^^^^^^^^^^^^^
AssertionError: can only test a child process
Exception ignored in: <function _MultiProcessingDataLoaderIter.__del__ at 0x7fc7e4013ce0>
Traceback (most recent call last):
Exception ignored in: <function _MultiProcessingDataLoaderIter.__del__ at 0x7fc7e4013ce0>
Traceback (most recent call last):
  File "/workspace/reseach1/.venv-server/lib/python3.12/site-packages/torch/utils/data/dataloader.py", line 1664, in __del__
  File "/workspace/reseach1/.venv-server/lib/python3.12/site-packages/torch/utils/data/dataloader.py", line 1664, in __del__
    self._shutdown_workers()
  File "/workspace/reseach1/.venv-server/lib/python3.12/site-packages/torch/utils/data/dataloader.py", line 1647, in _shutdown_workers
    if w.is_alive():
       ^^^^^^^^^^^^
  File "/usr/lib/python3.12/multiprocessing/process.py", line 160, in is_alive
    assert self._parent_pid == os.getpid(), 'can only test a child process'
           ^^^^^^^^^^^^^^^^^^^^^^^^^^^^^^^
AssertionError: can only test a child process
Exception ignored in:     self._shutdown_workers()
<function _MultiProcessingDataLoaderIter.__del__ at 0x7fc7e4013ce0>
Traceback (most recent call last):
  File "/workspace/reseach1/.venv-server/lib/python3.12/site-packages/torch/utils/data/dataloader.py", line 1664, in __del__
  File "/workspace/reseach1/.venv-server/lib/python3.12/site-packages/torch/utils/data/dataloader.py", line 1647, in _shutdown_workers
    self._shutdown_workers()
  File "/workspace/reseach1/.venv-server/lib/python3.12/site-packages/torch/utils/data/dataloader.py", line 1647, in _shutdown_workers
    if w.is_alive():
       ^^^Exception ignored in: ^^^^^^^^<function _MultiProcessingDataLoaderIter.__del__ at 0x7fc7e4013ce0>^

  File "/usr/lib/python3.12/multiprocessing/process.py", line 160, in is_alive
Traceback (most recent call last):
  File "/workspace/reseach1/.venv-server/lib/python3.12/site-packages/torch/utils/data/dataloader.py", line 1664, in __del__
    assert self._parent_pid == os.getpid(), 'can only test a child process'
           ^^^^^^^^^^^^^^^^^^^^^^^^^^^^^^^
AssertionError: can only test a child process
    if w.is_alive():
       ^^^^^^^^^^^^
  File "/usr/lib/python3.12/multiprocessing/process.py", line 160, in is_alive
    assert self._parent_pid == os.getpid(), 'can only test a child process'
    self._shutdown_workers()
  File "/workspace/reseach1/.venv-server/lib/python3.12/site-packages/torch/utils/data/dataloader.py", line 1647, in _shutdown_workers
           ^^^^^^^^^^^^^^^^^^^^^^^^^^^^^^^
AssertionError: can only test a child process
    if w.is_alive():
       ^^^^^^^^^^^^
  File "/usr/lib/python3.12/multiprocessing/process.py", line 160, in is_alive
    assert self._parent_pid == os.getpid(), 'can only test a child process'
           ^^^^^^^^^^^^^^^^^^^^^^^^^^^^^^^
AssertionError: can only test a child process
Exception ignored in: Exception ignored in: <function _MultiProcessingDataLoaderIter.__del__ at 0x7fc7e4013ce0>
Traceback (most recent call last):
  File "/workspace/reseach1/.venv-server/lib/python3.12/site-packages/torch/utils/data/dataloader.py", line 1664, in __del__
<function _MultiProcessingDataLoaderIter.__del__ at 0x7fc7e4013ce0>
Traceback (most recent call last):
  File "/workspace/reseach1/.venv-server/lib/python3.12/site-packages/torch/utils/data/dataloader.py", line 1664, in __del__
Exception ignored in: <function _MultiProcessingDataLoaderIter.__del__ at 0x7fc7e4013ce0>
Traceback (most recent call last):
    self._shutdown_workers()
  File "/workspace/reseach1/.venv-server/lib/python3.12/site-packages/torch/utils/data/dataloader.py", line 1647, in _shutdown_workers
  File "/workspace/reseach1/.venv-server/lib/python3.12/site-packages/torch/utils/data/dataloader.py", line 1664, in __del__
    if w.is_alive():
       ^^^^^^^^^^^^
  File "/usr/lib/python3.12/multiprocessing/process.py", line 160, in is_alive
    self._shutdown_workers()
    assert self._parent_pid == os.getpid(), 'can only test a child process'
           ^^^^^^^^^^^  File "/workspace/reseach1/.venv-server/lib/python3.12/site-packages/torch/utils/data/dataloader.py", line 1647, in _shutdown_workers
^^^^^^^^^^^^^^^^^^^^
AssertionError: can only test a child process
    self._shutdown_workers()
  File "/workspace/reseach1/.venv-server/lib/python3.12/site-packages/torch/utils/data/dataloader.py", line 1647, in _shutdown_workers
    if w.is_alive():
       ^^^^^^^^^^^^
  File "/usr/lib/python3.12/multiprocessing/process.py", line 160, in is_alive
    if w.is_alive():
       ^^^^^^^^^^^^
      File "/usr/lib/python3.12/multiprocessing/process.py", line 160, in is_alive
assert self._parent_pid == os.getpid(), 'can only test a child process'
           ^^^^^^^^^^^^^^^^^    ^assert self._parent_pid == os.getpid(), 'can only test a child process'^
^^^^^^^^^^^ ^ 
 AssertionError :   can only test a child process 
    ^^^^^^^^^^^^^^^^^^^^^^^^^^^^^^^
AssertionError: can only test a child process
Exception ignored in: <function _MultiProcessingDataLoaderIter.__del__ at 0x7fc7e4013ce0>
Traceback (most recent call last):
  File "/workspace/reseach1/.venv-server/lib/python3.12/site-packages/torch/utils/data/dataloader.py", line 1664, in __del__
    self._shutdown_workers()
  File "/workspace/reseach1/.venv-server/lib/python3.12/site-packages/torch/utils/data/dataloader.py", line 1647, in _shutdown_workers
    if w.is_alive():
       ^^^^^^^^^^^^
  File "/usr/lib/python3.12/multiprocessing/process.py", line 160, in is_alive
    assert self._parent_pid == os.getpid(), 'can only test a child process'
           ^^^^^^^^^^^^^^^^^^^^^^^^^^^^^^^
AssertionError: can only test a child process
Exception ignored in: <function _MultiProcessingDataLoaderIter.__del__ at 0x7fc7e4013ce0>
Traceback (most recent call last):
  File "/workspace/reseach1/.venv-server/lib/python3.12/site-packages/torch/utils/data/dataloader.py", line 1664, in __del__
    self._shutdown_workers()
  File "/workspace/reseach1/.venv-server/lib/python3.12/site-packages/torch/utils/data/dataloader.py", line 1647, in _shutdown_workers
    if w.is_alive():
       ^^^^^^^^^^^^
  File "/usr/lib/python3.12/multiprocessing/process.py", line 160, in is_alive
    assert self._parent_pid == os.getpid(), 'can only test a child process'
           ^^^^^^^^^^^^^^^^^^^^^^^^^^^^^^^
AssertionError: can only test a child process
Exception ignored in: <function _MultiProcessingDataLoaderIter.__del__ at 0x7fc7e4013ce0>
Traceback (most recent call last):
  File "/workspace/reseach1/.venv-server/lib/python3.12/site-packages/torch/utils/data/dataloader.py", line 1664, in __del__
    self._shutdown_workers()
  File "/workspace/reseach1/.venv-server/lib/python3.12/site-packages/torch/utils/data/dataloader.py", line 1647, in _shutdown_workers
    if w.is_alive():
       ^^^^^^^^^^^^
  File "/usr/lib/python3.12/multiprocessing/process.py", line 160, in is_alive
    assert self._parent_pid == os.getpid(), 'can only test a child process'
           ^^^^^^^^^^^^^^^^^^^^^^^^^^^^^^^
AssertionError: can only test a child process
Exception ignored in: <function _MultiProcessingDataLoaderIter.__del__ at 0x7fc7e4013ce0>
Traceback (most recent call last):
  File "/workspace/reseach1/.venv-server/lib/python3.12/site-packages/torch/utils/data/dataloader.py", line 1664, in __del__
    self._shutdown_workers()
  File "/workspace/reseach1/.venv-server/lib/python3.12/site-packages/torch/utils/data/dataloader.py", line 1647, in _shutdown_workers
    if w.is_alive():
       ^^^^^^^^^^^^
  File "/usr/lib/python3.12/multiprocessing/process.py", line 160, in is_alive
    assert self._parent_pid == os.getpid(), 'can only test a child process'
           ^^^^^^^^^^^^^^^^^^^^^^^^^^^^^^^
AssertionError: can only test a child process
Exception ignored in: <function _MultiProcessingDataLoaderIter.__del__ at 0x7fc7e4013ce0>
Traceback (most recent call last):
  File "/workspace/reseach1/.venv-server/lib/python3.12/site-packages/torch/utils/data/dataloader.py", line 1664, in __del__
    self._shutdown_workers()
  File "/workspace/reseach1/.venv-server/lib/python3.12/site-packages/torch/utils/data/dataloader.py", line 1647, in _shutdown_workers
    if w.is_alive():
       ^^^^^^^^^^^^
  File "/usr/lib/python3.12/multiprocessing/process.py", line 160, in is_alive
    assert self._parent_pid == os.getpid(), 'can only test a child process'
           ^^^^^^^^^^^^^^^^^^^^^^^^^^^^^^^
AssertionError: can only test a child process
Exception ignored in: <function _MultiProcessingDataLoaderIter.__del__ at 0x7fc7e4013ce0>
Traceback (most recent call last):
  File "/workspace/reseach1/.venv-server/lib/python3.12/site-packages/torch/utils/data/dataloader.py", line 1664, in __del__
    self._shutdown_workers()
  File "/workspace/reseach1/.venv-server/lib/python3.12/site-packages/torch/utils/data/dataloader.py", line 1647, in _shutdown_workers
    if w.is_alive():
       ^^^^^^^^^^^^
  File "/usr/lib/python3.12/multiprocessing/process.py", line 160, in is_alive
    assert self._parent_pid == os.getpid(), 'can only test a child process'
           ^^^^^^^^^^^^^^^^^^^^^^^^^^^^^^^
AssertionError: can only test a child process
Exception ignored in: <function _MultiProcessingDataLoaderIter.__del__ at 0x7fc7e4013ce0>
Traceback (most recent call last):
  File "/workspace/reseach1/.venv-server/lib/python3.12/site-packages/torch/utils/data/dataloader.py", line 1664, in __del__
    self._shutdown_workers()
  File "/workspace/reseach1/.venv-server/lib/python3.12/site-packages/torch/utils/data/dataloader.py", line 1647, in _shutdown_workers
    if w.is_alive():
       ^^^^^^^^^^^^
  File "/usr/lib/python3.12/multiprocessing/process.py", line 160, in is_alive
    assert self._parent_pid == os.getpid(), 'can only test a child process'
           ^^^^^^^^^^^^^^^^^^^^^^^^^^^^^^^
AssertionError: can only test a child process
Exception ignored in: <function _MultiProcessingDataLoaderIter.__del__ at 0x7fc7e4013ce0>
Traceback (most recent call last):
  File "/workspace/reseach1/.venv-server/lib/python3.12/site-packages/torch/utils/data/dataloader.py", line 1664, in __del__
    self._shutdown_workers()
  File "/workspace/reseach1/.venv-server/lib/python3.12/site-packages/torch/utils/data/dataloader.py", line 1647, in _shutdown_workers
    if w.is_alive():
       ^^^^^^^^^^^^
  File "/usr/lib/python3.12/multiprocessing/process.py", line 160, in is_alive
    assert self._parent_pid == os.getpid(), 'can only test a child process'
           ^^^^^^^^^^^^^^^^^^^^^^^^^^^^^^^
AssertionError: can only test a child process
edge_mlp seed=22 step=3230 epoch=1 loss=0.1094 val_macro_f1=0.9811
edge_mlp seed=22 step=4038 epoch=2 loss=0.0898 val_macro_f1=0.9820
edge_mlp seed=22 step=4846 epoch=2 loss=0.0883 val_macro_f1=0.9822
edge_mlp seed=22 step=5654 epoch=2 loss=0.0873 val_macro_f1=0.9827
edge_mlp seed=22 step=6460 epoch=2 loss=0.0862 val_macro_f1=0.9823
DONE NF-CSE-CIC-IDS2018-v2__binary__edge_mlp__seed22 test_macro_f1=0.9825 seconds=147.8
START NF-CSE-CIC-IDS2018-v2__binary__edge_mlp__seed33
Exception ignored in: <function _MultiProcessingDataLoaderIter.__del__ at 0x7fc7e4013ce0>
Traceback (most recent call last):
  File "/workspace/reseach1/.venv-server/lib/python3.12/site-packages/torch/utils/data/dataloader.py", line 1664, in __del__
    self._shutdown_workers()
  File "/workspace/reseach1/.venv-server/lib/python3.12/site-packages/torch/utils/data/dataloader.py", line 1647, in _shutdown_workers
    if w.is_alive():
       ^^^^^^^^^^^^
  File "/usr/lib/python3.12/multiprocessing/process.py", line 160, in is_alive
    assert self._parent_pid == os.getpid(), 'can only test a child process'
           ^^^^^^^^^^^^^^^^^^^^^^^^^^^^^^^
AssertionError: can only test a child process
Exception ignored in: <function _MultiProcessingDataLoaderIter.__del__ at 0x7fc7e4013ce0>
Traceback (most recent call last):
  File "/workspace/reseach1/.venv-server/lib/python3.12/site-packages/torch/utils/data/dataloader.py", line 1664, in __del__
    self._shutdown_workers()
  File "/workspace/reseach1/.venv-server/lib/python3.12/site-packages/torch/utils/data/dataloader.py", line 1647, in _shutdown_workers
    if w.is_alive():
       ^^^^^^^^^^^^
  File "/usr/lib/python3.12/multiprocessing/process.py", line 160, in is_alive
    assert self._parent_pid == os.getpid(), 'can only test a child process'
           ^^^^^^^^^^^^^^^^^^^^^^^^^^^^^^^
AssertionError: can only test a child process
Exception ignored in: <function _MultiProcessingDataLoaderIter.__del__ at 0x7fc7e4013ce0>
Traceback (most recent call last):
  File "/workspace/reseach1/.venv-server/lib/python3.12/site-packages/torch/utils/data/dataloader.py", line 1664, in __del__
    self._shutdown_workers()
  File "/workspace/reseach1/.venv-server/lib/python3.12/site-packages/torch/utils/data/dataloader.py", line 1647, in _shutdown_workers
    if w.is_alive():
       ^^^^^^^^^^^^
  File "/usr/lib/python3.12/multiprocessing/process.py", line 160, in is_alive
    assert self._parent_pid == os.getpid(), 'can only test a child process'
           ^^^^^^^^^^^^^^^^^^^^^^^^^^^^^^^
AssertionError: can only test a child process
Exception ignored in: <function _MultiProcessingDataLoaderIter.__del__ at 0x7fc7e4013ce0>
Traceback (most recent call last):
  File "/workspace/reseach1/.venv-server/lib/python3.12/site-packages/torch/utils/data/dataloader.py", line 1664, in __del__
    self._shutdown_workers()
  File "/workspace/reseach1/.venv-server/lib/python3.12/site-packages/torch/utils/data/dataloader.py", line 1647, in _shutdown_workers
    if w.is_alive():
       ^^^^^^^^^^^^
  File "/usr/lib/python3.12/multiprocessing/process.py", line 160, in is_alive
    assert self._parent_pid == os.getpid(), 'can only test a child process'
           ^^^^^^^^^^^^^^^^^^^^^^^^^^^^^^^
AssertionError: can only test a child process
Exception ignored in: <function _MultiProcessingDataLoaderIter.__del__ at 0x7fc7e4013ce0>
Traceback (most recent call last):
  File "/workspace/reseach1/.venv-server/lib/python3.12/site-packages/torch/utils/data/dataloader.py", line 1664, in __del__
    self._shutdown_workers()
  File "/workspace/reseach1/.venv-server/lib/python3.12/site-packages/torch/utils/data/dataloader.py", line 1647, in _shutdown_workers
    if w.is_alive():
       ^^^^^^^^^^^^
  File "/usr/lib/python3.12/multiprocessing/process.py", line 160, in is_alive
    assert self._parent_pid == os.getpid(), 'can only test a child process'
           ^^^^^^^^^^^^^^^^^^^^^^^^^^^^^^^
AssertionError: can only test a child process
Exception ignored in: <function _MultiProcessingDataLoaderIter.__del__ at 0x7fc7e4013ce0>
Traceback (most recent call last):
  File "/workspace/reseach1/.venv-server/lib/python3.12/site-packages/torch/utils/data/dataloader.py", line 1664, in __del__
    self._shutdown_workers()
  File "/workspace/reseach1/.venv-server/lib/python3.12/site-packages/torch/utils/data/dataloader.py", line 1647, in _shutdown_workers
    if w.is_alive():
       ^^^^^^^^^^^^
  File "/usr/lib/python3.12/multiprocessing/process.py", line 160, in is_alive
    assert self._parent_pid == os.getpid(), 'can only test a child process'
           ^^^^^^^^^^^^^^^^^^^^^^^^^^^^^^^
AssertionError: can only test a child process
Exception ignored in: <function _MultiProcessingDataLoaderIter.__del__ at 0x7fc7e4013ce0>
Traceback (most recent call last):
  File "/workspace/reseach1/.venv-server/lib/python3.12/site-packages/torch/utils/data/dataloader.py", line 1664, in __del__
    self._shutdown_workers()
  File "/workspace/reseach1/.venv-server/lib/python3.12/site-packages/torch/utils/data/dataloader.py", line 1647, in _shutdown_workers
    if w.is_alive():
       ^^^^^^^^^^^^
  File "/usr/lib/python3.12/multiprocessing/process.py", line 160, in is_alive
    assert self._parent_pid == os.getpid(), 'can only test a child process'
           ^^^^^^^^^^^^^^^^^^^^^^^^^^^^^^^
AssertionError: can only test a child process
Exception ignored in: <function _MultiProcessingDataLoaderIter.__del__ at 0x7fc7e4013ce0>
Traceback (most recent call last):
  File "/workspace/reseach1/.venv-server/lib/python3.12/site-packages/torch/utils/data/dataloader.py", line 1664, in __del__
    self._shutdown_workers()
  File "/workspace/reseach1/.venv-server/lib/python3.12/site-packages/torch/utils/data/dataloader.py", line 1647, in _shutdown_workers
    if w.is_alive():
       ^^^^^^^^^^^^
  File "/usr/lib/python3.12/multiprocessing/process.py", line 160, in is_alive
    assert self._parent_pid == os.getpid(), 'can only test a child process'
           ^^^^^^^^^^^^^^^^^^^^^^^^^^^^^^^
AssertionError: can only test a child process
Exception ignored in: <function _MultiProcessingDataLoaderIter.__del__ at 0x7fc7e4013ce0>
Traceback (most recent call last):
  File "/workspace/reseach1/.venv-server/lib/python3.12/site-packages/torch/utils/data/dataloader.py", line 1664, in __del__
    self._shutdown_workers()
  File "/workspace/reseach1/.venv-server/lib/python3.12/site-packages/torch/utils/data/dataloader.py", line 1647, in _shutdown_workers
    if w.is_alive():
       ^^^^^^^^^^^^
  File "/usr/lib/python3.12/multiprocessing/process.py", line 160, in is_alive
    assert self._parent_pid == os.getpid(), 'can only test a child process'
           ^^^^^^^^^^^^^^^^^^^^^^^^^^^^^^^
AssertionError: can only test a child process
Exception ignored in: <function _MultiProcessingDataLoaderIter.__del__ at 0x7fc7e4013ce0>
Traceback (most recent call last):
  File "/workspace/reseach1/.venv-server/lib/python3.12/site-packages/torch/utils/data/dataloader.py", line 1664, in __del__
    self._shutdown_workers()
  File "/workspace/reseach1/.venv-server/lib/python3.12/site-packages/torch/utils/data/dataloader.py", line 1647, in _shutdown_workers
    if w.is_alive():
       ^^^^^^^^^^^^
  File "/usr/lib/python3.12/multiprocessing/process.py", line 160, in is_alive
    assert self._parent_pid == os.getpid(), 'can only test a child process'
           ^^^^^^^^^^^^^^^^^^^^^^^^^^^^^^^
AssertionError: can only test a child process
Exception ignored in: <function _MultiProcessingDataLoaderIter.__del__ at 0x7fc7e4013ce0>
Traceback (most recent call last):
  File "/workspace/reseach1/.venv-server/lib/python3.12/site-packages/torch/utils/data/dataloader.py", line 1664, in __del__
    self._shutdown_workers()
  File "/workspace/reseach1/.venv-server/lib/python3.12/site-packages/torch/utils/data/dataloader.py", line 1647, in _shutdown_workers
    if w.is_alive():
       ^^^^^^^^^^^^
  File "/usr/lib/python3.12/multiprocessing/process.py", line 160, in is_alive
    assert self._parent_pid == os.getpid(), 'can only test a child process'
           ^^^^^^^^^^^^^^^^^^^^^^^^^^^^^^^
AssertionError: can only test a child process
Exception ignored in: <function _MultiProcessingDataLoaderIter.__del__ at 0x7fc7e4013ce0>
Traceback (most recent call last):
  File "/workspace/reseach1/.venv-server/lib/python3.12/site-packages/torch/utils/data/dataloader.py", line 1664, in __del__
    self._shutdown_workers()
  File "/workspace/reseach1/.venv-server/lib/python3.12/site-packages/torch/utils/data/dataloader.py", line 1647, in _shutdown_workers
    if w.is_alive():
       ^^^^^^^^^^^^
  File "/usr/lib/python3.12/multiprocessing/process.py", line 160, in is_alive
    assert self._parent_pid == os.getpid(), 'can only test a child process'
           ^^^^^^^^^^^^^^^^^^^^^^^^^^^^^^^
AssertionError: can only test a child process
Exception ignored in: <function _MultiProcessingDataLoaderIter.__del__ at 0x7fc7e4013ce0>
Traceback (most recent call last):
  File "/workspace/reseach1/.venv-server/lib/python3.12/site-packages/torch/utils/data/dataloader.py", line 1664, in __del__
    self._shutdown_workers()
  File "/workspace/reseach1/.venv-server/lib/python3.12/site-packages/torch/utils/data/dataloader.py", line 1647, in _shutdown_workers
    if w.is_alive():
       ^^^^^^^^^^^^
  File "/usr/lib/python3.12/multiprocessing/process.py", line 160, in is_alive
    assert self._parent_pid == os.getpid(), 'can only test a child process'
           ^^^^^^^^^^^^^^^^^^^^^^^^^^^^^^^
AssertionError: can only test a child process
Exception ignored in: Exception ignored in: <function _MultiProcessingDataLoaderIter.__del__ at 0x7fc7e4013ce0>
Traceback (most recent call last):
  File "/workspace/reseach1/.venv-server/lib/python3.12/site-packages/torch/utils/data/dataloader.py", line 1664, in __del__
<function _MultiProcessingDataLoaderIter.__del__ at 0x7fc7e4013ce0>
Traceback (most recent call last):
  File "/workspace/reseach1/.venv-server/lib/python3.12/site-packages/torch/utils/data/dataloader.py", line 1664, in __del__
    self._shutdown_workers()
  File "/workspace/reseach1/.venv-server/lib/python3.12/site-packages/torch/utils/data/dataloader.py", line 1647, in _shutdown_workers
    self._shutdown_workers()
  File "/workspace/reseach1/.venv-server/lib/python3.12/site-packages/torch/utils/data/dataloader.py", line 1647, in _shutdown_workers
    if w.is_alive():
       ^^^^^^^^^^^^
  File "/usr/lib/python3.12/multiprocessing/process.py", line 160, in is_alive
    assert self._parent_pid == os.getpid(), 'can only test a child process'
           ^^^^^^^^^^^^^^^^^^^^^    ^if w.is_alive():^^
^^^^^^^
AssertionError :  can only test a child process 
    ^^^^^^^^^^^^
  File "/usr/lib/python3.12/multiprocessing/process.py", line 160, in is_alive
    assert self._parent_pid == os.getpid(), 'can only test a child process'
           ^^^^^^^^^^^^^^^^^^^^^^^^^^^^^^^
AssertionError: can only test a child process
Exception ignored in: <function _MultiProcessingDataLoaderIter.__del__ at 0x7fc7e4013ce0>
Traceback (most recent call last):
  File "/workspace/reseach1/.venv-server/lib/python3.12/site-packages/torch/utils/data/dataloader.py", line 1664, in __del__
Exception ignored in: <function _MultiProcessingDataLoaderIter.__del__ at 0x7fc7e4013ce0>
Traceback (most recent call last):
    self._shutdown_workers()
  File "/workspace/reseach1/.venv-server/lib/python3.12/site-packages/torch/utils/data/dataloader.py", line 1647, in _shutdown_workers
    if w.is_alive():
       ^^^^^^^^^^^^
  File "/usr/lib/python3.12/multiprocessing/process.py", line 160, in is_alive
    assert self._parent_pid == os.getpid(), 'can only test a child process'
           ^^^^^^^^^^^^^^^^^^^^^^^^^^^^^^^
AssertionError: can only test a child process
  File "/workspace/reseach1/.venv-server/lib/python3.12/site-packages/torch/utils/data/dataloader.py", line 1664, in __del__
    self._shutdown_workers()
  File "/workspace/reseach1/.venv-server/lib/python3.12/site-packages/torch/utils/data/dataloader.py", line 1647, in _shutdown_workers
    if w.is_alive():
       ^^^^^^^^^^^^
  File "/usr/lib/python3.12/multiprocessing/process.py", line 160, in is_alive
    assert self._parent_pid == os.getpid(), 'can only test a child process'
           ^^^^^^^^^^^^^^^^^^^^^^^^^^^^^^^
AssertionError: can only test a child process
Exception ignored in: <function _MultiProcessingDataLoaderIter.__del__ at 0x7fc7e4013ce0>
Traceback (most recent call last):
  File "/workspace/reseach1/.venv-server/lib/python3.12/site-packages/torch/utils/data/dataloader.py", line 1664, in __del__
    self._shutdown_workers()
  File "/workspace/reseach1/.venv-server/lib/python3.12/site-packages/torch/utils/data/dataloader.py", line 1647, in _shutdown_workers
    if w.is_alive():
       ^^^^^^^^^^^^
  File "/usr/lib/python3.12/multiprocessing/process.py", line 160, in is_alive
    assert self._parent_pid == os.getpid(), 'can only test a child process'
           ^^^^^^^^^^^^^^^^^^^^^^^^^^^^^^^
AssertionError: can only test a child process
Exception ignored in: <function _MultiProcessingDataLoaderIter.__del__ at 0x7fc7e4013ce0>
Traceback (most recent call last):
  File "/workspace/reseach1/.venv-server/lib/python3.12/site-packages/torch/utils/data/dataloader.py", line 1664, in __del__
    self._shutdown_workers()
  File "/workspace/reseach1/.venv-server/lib/python3.12/site-packages/torch/utils/data/dataloader.py", line 1647, in _shutdown_workers
    if w.is_alive():
       ^^^^^^^^^^^^
  File "/usr/lib/python3.12/multiprocessing/process.py", line 160, in is_alive
    assert self._parent_pid == os.getpid(), 'can only test a child process'
           ^^^^^^^^^^^^^^^^^^^^^^^^^^^^^^^
AssertionError: can only test a child process
Exception ignored in: <function _MultiProcessingDataLoaderIter.__del__ at 0x7fc7e4013ce0>
Traceback (most recent call last):
  File "/workspace/reseach1/.venv-server/lib/python3.12/site-packages/torch/utils/data/dataloader.py", line 1664, in __del__
    self._shutdown_workers()
  File "/workspace/reseach1/.venv-server/lib/python3.12/site-packages/torch/utils/data/dataloader.py", line 1647, in _shutdown_workers
    if w.is_alive():
       ^^^^^^^^^^^^
  File "/usr/lib/python3.12/multiprocessing/process.py", line 160, in is_alive
    assert self._parent_pid == os.getpid(), 'can only test a child process'
           ^^^^^^^^^^^^^^^^^^^^^^^^^^^^^^^
AssertionError: can only test a child process
Exception ignored in: <function _MultiProcessingDataLoaderIter.__del__ at 0x7fc7e4013ce0>
Traceback (most recent call last):
  File "/workspace/reseach1/.venv-server/lib/python3.12/site-packages/torch/utils/data/dataloader.py", line 1664, in __del__
    self._shutdown_workers()
  File "/workspace/reseach1/.venv-server/lib/python3.12/site-packages/torch/utils/data/dataloader.py", line 1647, in _shutdown_workers
    if w.is_alive():
       ^^^^^^^^^^^^
  File "/usr/lib/python3.12/multiprocessing/process.py", line 160, in is_alive
    assert self._parent_pid == os.getpid(), 'can only test a child process'
 Exception ignored in:           ^^^^^^^^^^^^^^^^^^^^^^^^^^^^^^^
AssertionError: can only test a child process
<function _MultiProcessingDataLoaderIter.__del__ at 0x7fc7e4013ce0>
Traceback (most recent call last):
  File "/workspace/reseach1/.venv-server/lib/python3.12/site-packages/torch/utils/data/dataloader.py", line 1664, in __del__
    self._shutdown_workers()
  File "/workspace/reseach1/.venv-server/lib/python3.12/site-packages/torch/utils/data/dataloader.py", line 1647, in _shutdown_workers
    if w.is_alive():
       ^^^^^^^^^^^^
  File "/usr/lib/python3.12/multiprocessing/process.py", line 160, in is_alive
    assert self._parent_pid == os.getpid(), 'can only test a child process'
           ^^^^^^^^^^^^^^^^^^^^^^^^^^^^^^^
AssertionError: can only test a child process
Exception ignored in: <function _MultiProcessingDataLoaderIter.__del__ at 0x7fc7e4013ce0>
Traceback (most recent call last):
  File "/workspace/reseach1/.venv-server/lib/python3.12/site-packages/torch/utils/data/dataloader.py", line 1664, in __del__
    self._shutdown_workers()
  File "/workspace/reseach1/.venv-server/lib/python3.12/site-packages/torch/utils/data/dataloader.py", line 1647, in _shutdown_workers
    if w.is_alive():
       ^^^^^^^^^^^^
  File "/usr/lib/python3.12/multiprocessing/process.py", line 160, in is_alive
    assert self._parent_pid == os.getpid(), 'can only test a child process'
           ^^^^^^^^^^^^^^^^^^^^^^^^^^^^^^^
AssertionError: can only test a child process
Exception ignored in: <function _MultiProcessingDataLoaderIter.__del__ at 0x7fc7e4013ce0>
Traceback (most recent call last):
  File "/workspace/reseach1/.venv-server/lib/python3.12/site-packages/torch/utils/data/dataloader.py", line 1664, in __del__
    self._shutdown_workers()
  File "/workspace/reseach1/.venv-server/lib/python3.12/site-packages/torch/utils/data/dataloader.py", line 1647, in _shutdown_workers
    if w.is_alive():
       ^^^^^^^^^^^^
  File "/usr/lib/python3.12/multiprocessing/process.py", line 160, in is_alive
    assert self._parent_pid == os.getpid(), 'can only test a child process'
           ^^^^^^^^^^^^^^^^^^^^^^^^^^^^^^^
AssertionError: can only test a child process
Exception ignored in: <function _MultiProcessingDataLoaderIter.__del__ at 0x7fc7e4013ce0>
Traceback (most recent call last):
  File "/workspace/reseach1/.venv-server/lib/python3.12/site-packages/torch/utils/data/dataloader.py", line 1664, in __del__
    self._shutdown_workers()
  File "/workspace/reseach1/.venv-server/lib/python3.12/site-packages/torch/utils/data/dataloader.py", line 1647, in _shutdown_workers
    if w.is_alive():
       ^^^^^^^^^^^^
  File "/usr/lib/python3.12/multiprocessing/process.py", line 160, in is_alive
    assert self._parent_pid == os.getpid(), 'can only test a child process'
           ^^^^^^^^^^^^^^^^^^^^^^^^^^^^^^^
AssertionError: can only test a child process
Exception ignored in: <function _MultiProcessingDataLoaderIter.__del__ at 0x7fc7e4013ce0>
Traceback (most recent call last):
  File "/workspace/reseach1/.venv-server/lib/python3.12/site-packages/torch/utils/data/dataloader.py", line 1664, in __del__
    self._shutdown_workers()
  File "/workspace/reseach1/.venv-server/lib/python3.12/site-packages/torch/utils/data/dataloader.py", line 1647, in _shutdown_workers
Exception ignored in: <function _MultiProcessingDataLoaderIter.__del__ at 0x7fc7e4013ce0>
Traceback (most recent call last):
  File "/workspace/reseach1/.venv-server/lib/python3.12/site-packages/torch/utils/data/dataloader.py", line 1664, in __del__
    if w.is_alive():
       ^^^^^^^^^^^^
  File "/usr/lib/python3.12/multiprocessing/process.py", line 160, in is_alive
    assert self._parent_pid == os.getpid(), 'can only test a child process'
           ^^^^^^^^^^^^^^^^^^^^^^^^^^    ^self._shutdown_workers()^
^^^
AssertionError: can only test a child process
  File "/workspace/reseach1/.venv-server/lib/python3.12/site-packages/torch/utils/data/dataloader.py", line 1647, in _shutdown_workers
    Exception ignored in: if w.is_alive():<function _MultiProcessingDataLoaderIter.__del__ at 0x7fc7e4013ce0>

       Traceback (most recent call last):
^^^^^  File "/workspace/reseach1/.venv-server/lib/python3.12/site-packages/torch/utils/data/dataloader.py", line 1664, in __del__
^^^^^^^
  File "/usr/lib/python3.12/multiprocessing/process.py", line 160, in is_alive
    assert self._parent_pid == os.getpid(), 'can only test a child process'
           ^^^^^^^^^^^^^^^^^^    ^^self._shutdown_workers()^
^^^^^^^^^^
AssertionError: can only test a child process
  File "/workspace/reseach1/.venv-server/lib/python3.12/site-packages/torch/utils/data/dataloader.py", line 1647, in _shutdown_workers
Exception ignored in: <function _MultiProcessingDataLoaderIter.__del__ at 0x7fc7e4013ce0>
Traceback (most recent call last):
  File "/workspace/reseach1/.venv-server/lib/python3.12/site-packages/torch/utils/data/dataloader.py", line 1664, in __del__
    if w.is_alive():
       ^^^^^^^^^^^^
  File "/usr/lib/python3.12/multiprocessing/process.py", line 160, in is_alive
    assert self._parent_pid == os.getpid(), 'can only test a child process'
           ^^^^^^^^^^^^^^^^^^^^^^^^^^^^^^^
AssertionError: can only test a child process
    self._shutdown_workers()
  File "/workspace/reseach1/.venv-server/lib/python3.12/site-packages/torch/utils/data/dataloader.py", line 1647, in _shutdown_workers
    if w.is_alive():
       ^^^^^^^^^^^^
  File "/usr/lib/python3.12/multiprocessing/process.py", line 160, in is_alive
    assert self._parent_pid == os.getpid(), 'can only test a child process'
           ^^^^^^^^^^^^^^^^^^^^^^^^^^^^^^^
AssertionError: can only test a child process
Exception ignored in: <function _MultiProcessingDataLoaderIter.__del__ at 0x7fc7e4013ce0>
Traceback (most recent call last):
  File "/workspace/reseach1/.venv-server/lib/python3.12/site-packages/torch/utils/data/dataloader.py", line 1664, in __del__
    self._shutdown_workers()
  File "/workspace/reseach1/.venv-server/lib/python3.12/site-packages/torch/utils/data/dataloader.py", line 1647, in _shutdown_workers
    if w.is_alive():
       ^^^^^^^^^^^^
  File "/usr/lib/python3.12/multiprocessing/process.py", line 160, in is_alive
    assert self._parent_pid == os.getpid(), 'can only test a child process'
           ^^^^^^^^^^^^^^^^^^^^^^^^^^^^^^^
AssertionError: can only test a child process
Exception ignored in: <function _MultiProcessingDataLoaderIter.__del__ at 0x7fc7e4013ce0>
Traceback (most recent call last):
  File "/workspace/reseach1/.venv-server/lib/python3.12/site-packages/torch/utils/data/dataloader.py", line 1664, in __del__
    self._shutdown_workers()
  File "/workspace/reseach1/.venv-server/lib/python3.12/site-packages/torch/utils/data/dataloader.py", line 1647, in _shutdown_workers
    if w.is_alive():
       ^^^^^^^^^^^^
  File "/usr/lib/python3.12/multiprocessing/process.py", line 160, in is_alive
    assert self._parent_pid == os.getpid(), 'can only test a child process'
           ^^^^^^^^^^^^^^^^^^^^^^^^^^^^^^^
AssertionError: can only test a child process
Exception ignored in: <function _MultiProcessingDataLoaderIter.__del__ at 0x7fc7e4013ce0>
Traceback (most recent call last):
  File "/workspace/reseach1/.venv-server/lib/python3.12/site-packages/torch/utils/data/dataloader.py", line 1664, in __del__
    self._shutdown_workers()
  File "/workspace/reseach1/.venv-server/lib/python3.12/site-packages/torch/utils/data/dataloader.py", line 1647, in _shutdown_workers
    if w.is_alive():
       ^^^^^^^^^^^^
  File "/usr/lib/python3.12/multiprocessing/process.py", line 160, in is_alive
    assert self._parent_pid == os.getpid(), 'can only test a child process'
           ^^^^^^^^^^^^^^^^^^^^^^^^^^^^^^^
AssertionError: can only test a child process
edge_mlp seed=33 step=3230 epoch=1 loss=0.1089 val_macro_f1=0.9810
edge_mlp seed=33 step=4038 epoch=2 loss=0.0921 val_macro_f1=0.9821
edge_mlp seed=33 step=4846 epoch=2 loss=0.0889 val_macro_f1=0.9816
edge_mlp seed=33 step=5654 epoch=2 loss=0.0878 val_macro_f1=0.9821
edge_mlp seed=33 step=6460 epoch=2 loss=0.0867 val_macro_f1=0.9834
DONE NF-CSE-CIC-IDS2018-v2__binary__edge_mlp__seed33 test_macro_f1=0.9833 seconds=181.3
START NF-CSE-CIC-IDS2018-v2__binary__sage__seed11
sage seed=11 step=3230 epoch=1 loss=0.0770 val_macro_f1=0.9844
sage seed=11 step=4038 epoch=2 loss=0.0684 val_macro_f1=0.9842
sage seed=11 step=4846 epoch=2 loss=0.0722 val_macro_f1=0.9846
sage seed=11 step=5654 epoch=2 loss=0.0678 val_macro_f1=0.9856
sage seed=11 step=6460 epoch=2 loss=0.0647 val_macro_f1=0.9847
DONE NF-CSE-CIC-IDS2018-v2__binary__sage__seed11 test_macro_f1=0.9842 seconds=246.5
START NF-CSE-CIC-IDS2018-v2__binary__sage__seed22
sage seed=22 step=3230 epoch=1 loss=0.0814 val_macro_f1=0.9842
sage seed=22 step=4038 epoch=2 loss=0.0965 val_macro_f1=0.9570
sage seed=22 step=4846 epoch=2 loss=0.1140 val_macro_f1=0.9850
sage seed=22 step=5654 epoch=2 loss=0.1219 val_macro_f1=0.9866
sage seed=22 step=6460 epoch=2 loss=0.0783 val_macro_f1=0.9844
DONE NF-CSE-CIC-IDS2018-v2__binary__sage__seed22 test_macro_f1=0.9862 seconds=243.7
START NF-CSE-CIC-IDS2018-v2__binary__sage__seed33
sage seed=33 step=3230 epoch=1 loss=0.0878 val_macro_f1=0.9630
sage seed=33 step=4038 epoch=2 loss=0.0787 val_macro_f1=0.9850
sage seed=33 step=4846 epoch=2 loss=0.0786 val_macro_f1=0.9343
sage seed=33 step=5654 epoch=2 loss=0.0995 val_macro_f1=0.9834
sage seed=33 step=6460 epoch=2 loss=0.0898 val_macro_f1=0.9488
DONE NF-CSE-CIC-IDS2018-v2__binary__sage__seed33 test_macro_f1=0.9833 seconds=247.2
START NF-CSE-CIC-IDS2018-v2__binary__sage_edge__seed11
sage_edge seed=11 step=3230 epoch=1 loss=0.0872 val_macro_f1=0.9847
sage_edge seed=11 step=4038 epoch=2 loss=0.1272 val_macro_f1=0.9853
sage_edge seed=11 step=4846 epoch=2 loss=0.2052 val_macro_f1=0.9493
sage_edge seed=11 step=5654 epoch=2 loss=0.1335 val_macro_f1=0.9564
sage_edge seed=11 step=6460 epoch=2 loss=0.2576 val_macro_f1=0.9387
DONE NF-CSE-CIC-IDS2018-v2__binary__sage_edge__seed11 test_macro_f1=0.9836 seconds=238.9
START NF-CSE-CIC-IDS2018-v2__binary__sage_edge__seed22
sage_edge seed=22 step=3230 epoch=1 loss=0.0873 val_macro_f1=0.9852
sage_edge seed=22 step=4038 epoch=2 loss=0.0739 val_macro_f1=0.9823
sage_edge seed=22 step=4846 epoch=2 loss=0.0716 val_macro_f1=0.9835
sage_edge seed=22 step=5654 epoch=2 loss=0.0665 val_macro_f1=0.9865
sage_edge seed=22 step=6460 epoch=2 loss=0.0653 val_macro_f1=0.9852
DONE NF-CSE-CIC-IDS2018-v2__binary__sage_edge__seed22 test_macro_f1=0.9861 seconds=245.6
START NF-CSE-CIC-IDS2018-v2__binary__sage_edge__seed33
sage_edge seed=33 step=3230 epoch=1 loss=0.0862 val_macro_f1=0.9831
sage_edge seed=33 step=4038 epoch=2 loss=0.0778 val_macro_f1=0.9866
sage_edge seed=33 step=4846 epoch=2 loss=0.0737 val_macro_f1=0.9827
sage_edge seed=33 step=5654 epoch=2 loss=0.0702 val_macro_f1=0.9820
sage_edge seed=33 step=6460 epoch=2 loss=0.0721 val_macro_f1=0.9854
DONE NF-CSE-CIC-IDS2018-v2__binary__sage_edge__seed33 test_macro_f1=0.9867 seconds=245.8
